country_code,country_name,source,destination,value
AF,🇦🇫 Afghanistan,Akamai,External,40
AF,🇦🇫 Afghanistan,Akamai,External,40
AF,🇦🇫 Afghanistan,Akamai,External,40
AF,🇦🇫 Afghanistan,Akamai,External,40
AF,🇦🇫 Afghanistan,Alibaba,External,4
AF,🇦🇫 Afghanistan,Alibaba,External,4
AF,🇦🇫 Afghanistan,Alibaba,External,4
AF,🇦🇫 Afghanistan,Amazon,Regional,22
AF,🇦🇫 Afghanistan,Amazon,External,29
AF,🇦🇫 Afghanistan,Amazon,Regional,22
AF,🇦🇫 Afghanistan,Amazon,External,29
AF,🇦🇫 Afghanistan,Amazon,Regional,22
AF,🇦🇫 Afghanistan,Amazon,External,29
AF,🇦🇫 Afghanistan,Cdn77,External,1
AF,🇦🇫 Afghanistan,Cdn77,External,1
AF,🇦🇫 Afghanistan,Cdn77,External,1
AF,🇦🇫 Afghanistan,Cloudflare,Regional,164
AF,🇦🇫 Afghanistan,Cloudflare,External,217
AF,🇦🇫 Afghanistan,Cloudflare,Regional,164
AF,🇦🇫 Afghanistan,Cloudflare,External,217
AF,🇦🇫 Afghanistan,Cloudflare,Regional,164
AF,🇦🇫 Afghanistan,Cloudflare,External,217
AF,🇦🇫 Afghanistan,Facebook,External,8
AF,🇦🇫 Afghanistan,Facebook,External,8
AF,🇦🇫 Afghanistan,Facebook,External,8
AF,🇦🇫 Afghanistan,Fastly,External,18
AF,🇦🇫 Afghanistan,Fastly,External,18
AF,🇦🇫 Afghanistan,Fastly,External,18
AF,🇦🇫 Afghanistan,Microsoft,External,8
AF,🇦🇫 Afghanistan,Microsoft,External,8
AF,🇦🇫 Afghanistan,Microsoft,External,8
AF,🇦🇫 Afghanistan,Microsoft,External,8
AF,🇦🇫 Afghanistan,Other,Local,24
AF,🇦🇫 Afghanistan,Other,External,464
AX,🇦🇽 Åland Islands,Akamai,External,45
AX,🇦🇽 Åland Islands,Amazon,External,113
AX,🇦🇽 Åland Islands,Cloudflare,Regional,145
AX,🇦🇽 Åland Islands,Facebook,External,6
AX,🇦🇽 Åland Islands,Fastly,Regional,50
AX,🇦🇽 Åland Islands,Microsoft,External,24
AX,🇦🇽 Åland Islands,Other,Local,42
AX,🇦🇽 Åland Islands,Other,External,187
AL,🇦🇱 Albania,Akamai,Local,61
AL,🇦🇱 Albania,Akamai,Local,61
AL,🇦🇱 Albania,Akamai,Local,61
AL,🇦🇱 Albania,Akamai,Local,61
AL,🇦🇱 Albania,Akamai,Local,61
AL,🇦🇱 Albania,Akamai,Local,61
AL,🇦🇱 Albania,Akamai,Local,61
AL,🇦🇱 Albania,Akamai,Local,61
AL,🇦🇱 Albania,Akamai,Local,61
AL,🇦🇱 Albania,Akamai,Local,61
AL,🇦🇱 Albania,Akamai,Local,61
AL,🇦🇱 Albania,Akamai,Local,61
AL,🇦🇱 Albania,Akamai,Local,61
AL,🇦🇱 Albania,Akamai,Local,61
AL,🇦🇱 Albania,Akamai,Local,61
AL,🇦🇱 Albania,Amazon,External,61
AL,🇦🇱 Albania,Amazon,External,61
AL,🇦🇱 Albania,Amazon,External,61
AL,🇦🇱 Albania,Amazon,External,61
AL,🇦🇱 Albania,Amazon,External,61
AL,🇦🇱 Albania,Amazon,External,61
AL,🇦🇱 Albania,Amazon,External,61
AL,🇦🇱 Albania,Amazon,External,61
AL,🇦🇱 Albania,Amazon,External,61
AL,🇦🇱 Albania,Amazon,External,61
AL,🇦🇱 Albania,Amazon,External,61
AL,🇦🇱 Albania,Amazon,External,61
AL,🇦🇱 Albania,Amazon,External,61
AL,🇦🇱 Albania,Amazon,External,61
AL,🇦🇱 Albania,Amazon,External,61
AL,🇦🇱 Albania,Cdn77,Regional,5
AL,🇦🇱 Albania,Cdn77,External,17
AL,🇦🇱 Albania,Cdn77,Regional,5
AL,🇦🇱 Albania,Cdn77,External,17
AL,🇦🇱 Albania,Cdn77,Regional,5
AL,🇦🇱 Albania,Cdn77,External,17
AL,🇦🇱 Albania,Cdn77,Regional,5
AL,🇦🇱 Albania,Cdn77,External,17
AL,🇦🇱 Albania,Cdn77,Regional,5
AL,🇦🇱 Albania,Cdn77,External,17
AL,🇦🇱 Albania,Cdn77,Regional,5
AL,🇦🇱 Albania,Cdn77,External,17
AL,🇦🇱 Albania,Cdn77,Regional,5
AL,🇦🇱 Albania,Cdn77,External,17
AL,🇦🇱 Albania,Cdn77,Regional,5
AL,🇦🇱 Albania,Cdn77,External,17
AL,🇦🇱 Albania,Cdn77,Regional,5
AL,🇦🇱 Albania,Cdn77,External,17
AL,🇦🇱 Albania,Cdn77,Regional,5
AL,🇦🇱 Albania,Cdn77,External,17
AL,🇦🇱 Albania,Cdn77,Regional,5
AL,🇦🇱 Albania,Cdn77,External,17
AL,🇦🇱 Albania,Cdn77,Regional,5
AL,🇦🇱 Albania,Cdn77,External,17
AL,🇦🇱 Albania,Cdn77,Regional,5
AL,🇦🇱 Albania,Cdn77,External,17
AL,🇦🇱 Albania,Cdn77,Regional,5
AL,🇦🇱 Albania,Cdn77,External,17
AL,🇦🇱 Albania,Cdn77,Regional,5
AL,🇦🇱 Albania,Cdn77,External,17
AL,🇦🇱 Albania,Cloudflare,Local,17
AL,🇦🇱 Albania,Cloudflare,Regional,30
AL,🇦🇱 Albania,Cloudflare,External,480
AL,🇦🇱 Albania,Cloudflare,Local,17
AL,🇦🇱 Albania,Cloudflare,Regional,30
AL,🇦🇱 Albania,Cloudflare,External,480
AL,🇦🇱 Albania,Cloudflare,Local,17
AL,🇦🇱 Albania,Cloudflare,Regional,30
AL,🇦🇱 Albania,Cloudflare,External,480
AL,🇦🇱 Albania,Cloudflare,Local,17
AL,🇦🇱 Albania,Cloudflare,Regional,30
AL,🇦🇱 Albania,Cloudflare,External,480
AL,🇦🇱 Albania,Cloudflare,Local,17
AL,🇦🇱 Albania,Cloudflare,Regional,30
AL,🇦🇱 Albania,Cloudflare,External,480
AL,🇦🇱 Albania,Cloudflare,Local,17
AL,🇦🇱 Albania,Cloudflare,Regional,30
AL,🇦🇱 Albania,Cloudflare,External,480
AL,🇦🇱 Albania,Cloudflare,Local,17
AL,🇦🇱 Albania,Cloudflare,Regional,30
AL,🇦🇱 Albania,Cloudflare,External,480
AL,🇦🇱 Albania,Cloudflare,Local,17
AL,🇦🇱 Albania,Cloudflare,Regional,30
AL,🇦🇱 Albania,Cloudflare,External,480
AL,🇦🇱 Albania,Cloudflare,Local,17
AL,🇦🇱 Albania,Cloudflare,Regional,30
AL,🇦🇱 Albania,Cloudflare,External,480
AL,🇦🇱 Albania,Cloudflare,Local,17
AL,🇦🇱 Albania,Cloudflare,Regional,30
AL,🇦🇱 Albania,Cloudflare,External,480
AL,🇦🇱 Albania,Cloudflare,Local,17
AL,🇦🇱 Albania,Cloudflare,Regional,30
AL,🇦🇱 Albania,Cloudflare,External,480
AL,🇦🇱 Albania,Cloudflare,Local,17
AL,🇦🇱 Albania,Cloudflare,Regional,30
AL,🇦🇱 Albania,Cloudflare,External,480
AL,🇦🇱 Albania,Cloudflare,Local,17
AL,🇦🇱 Albania,Cloudflare,Regional,30
AL,🇦🇱 Albania,Cloudflare,External,480
AL,🇦🇱 Albania,Cloudflare,Local,17
AL,🇦🇱 Albania,Cloudflare,Regional,30
AL,🇦🇱 Albania,Cloudflare,External,480
AL,🇦🇱 Albania,Cloudflare,Local,17
AL,🇦🇱 Albania,Cloudflare,Regional,30
AL,🇦🇱 Albania,Cloudflare,External,480
AL,🇦🇱 Albania,Facebook,External,9
AL,🇦🇱 Albania,Facebook,External,9
AL,🇦🇱 Albania,Facebook,External,9
AL,🇦🇱 Albania,Facebook,External,9
AL,🇦🇱 Albania,Facebook,External,9
AL,🇦🇱 Albania,Facebook,External,9
AL,🇦🇱 Albania,Facebook,External,9
AL,🇦🇱 Albania,Facebook,External,9
AL,🇦🇱 Albania,Facebook,External,9
AL,🇦🇱 Albania,Facebook,External,9
AL,🇦🇱 Albania,Facebook,External,9
AL,🇦🇱 Albania,Facebook,External,9
AL,🇦🇱 Albania,Facebook,External,9
AL,🇦🇱 Albania,Facebook,External,9
AL,🇦🇱 Albania,Facebook,External,9
AL,🇦🇱 Albania,Fastly,Regional,6
AL,🇦🇱 Albania,Fastly,External,21
AL,🇦🇱 Albania,Fastly,Regional,6
AL,🇦🇱 Albania,Fastly,External,21
AL,🇦🇱 Albania,Fastly,Regional,6
AL,🇦🇱 Albania,Fastly,External,21
AL,🇦🇱 Albania,Fastly,Regional,6
AL,🇦🇱 Albania,Fastly,External,21
AL,🇦🇱 Albania,Fastly,Regional,6
AL,🇦🇱 Albania,Fastly,External,21
AL,🇦🇱 Albania,Fastly,Regional,6
AL,🇦🇱 Albania,Fastly,External,21
AL,🇦🇱 Albania,Fastly,Regional,6
AL,🇦🇱 Albania,Fastly,External,21
AL,🇦🇱 Albania,Fastly,Regional,6
AL,🇦🇱 Albania,Fastly,External,21
AL,🇦🇱 Albania,Fastly,Regional,6
AL,🇦🇱 Albania,Fastly,External,21
AL,🇦🇱 Albania,Fastly,Regional,6
AL,🇦🇱 Albania,Fastly,External,21
AL,🇦🇱 Albania,Fastly,Regional,6
AL,🇦🇱 Albania,Fastly,External,21
AL,🇦🇱 Albania,Fastly,Regional,6
AL,🇦🇱 Albania,Fastly,External,21
AL,🇦🇱 Albania,Fastly,Regional,6
AL,🇦🇱 Albania,Fastly,External,21
AL,🇦🇱 Albania,Fastly,Regional,6
AL,🇦🇱 Albania,Fastly,External,21
AL,🇦🇱 Albania,Fastly,Regional,6
AL,🇦🇱 Albania,Fastly,External,21
AL,🇦🇱 Albania,Microsoft,External,13
AL,🇦🇱 Albania,Microsoft,External,13
AL,🇦🇱 Albania,Microsoft,External,13
AL,🇦🇱 Albania,Microsoft,External,13
AL,🇦🇱 Albania,Microsoft,External,13
AL,🇦🇱 Albania,Microsoft,External,13
AL,🇦🇱 Albania,Microsoft,External,13
AL,🇦🇱 Albania,Microsoft,External,13
AL,🇦🇱 Albania,Microsoft,External,13
AL,🇦🇱 Albania,Microsoft,External,13
AL,🇦🇱 Albania,Microsoft,External,13
AL,🇦🇱 Albania,Microsoft,External,13
AL,🇦🇱 Albania,Microsoft,External,13
AL,🇦🇱 Albania,Microsoft,External,13
AL,🇦🇱 Albania,Microsoft,External,13
AL,🇦🇱 Albania,Other,Local,31
AL,🇦🇱 Albania,Other,External,249
DZ,🇩🇿 Algeria,Akamai,External,51
DZ,🇩🇿 Algeria,Akamai,External,51
DZ,🇩🇿 Algeria,Akamai,External,51
DZ,🇩🇿 Algeria,Amazon,External,50
DZ,🇩🇿 Algeria,Amazon,External,50
DZ,🇩🇿 Algeria,Amazon,External,50
DZ,🇩🇿 Algeria,Cdn77,External,1
DZ,🇩🇿 Algeria,Cdn77,External,1
DZ,🇩🇿 Algeria,Cdn77,External,1
DZ,🇩🇿 Algeria,Cloudflare,Local,462
DZ,🇩🇿 Algeria,Cloudflare,Local,462
DZ,🇩🇿 Algeria,Cloudflare,Local,462
DZ,🇩🇿 Algeria,Facebook,External,11
DZ,🇩🇿 Algeria,Facebook,External,11
DZ,🇩🇿 Algeria,Facebook,External,11
DZ,🇩🇿 Algeria,Fastly,External,15
DZ,🇩🇿 Algeria,Fastly,External,15
DZ,🇩🇿 Algeria,Fastly,External,15
DZ,🇩🇿 Algeria,Microsoft,External,8
DZ,🇩🇿 Algeria,Microsoft,External,8
DZ,🇩🇿 Algeria,Microsoft,External,8
DZ,🇩🇿 Algeria,Other,Local,113
DZ,🇩🇿 Algeria,Other,External,286
AS,🇦🇸 American Samoa,Akamai,Local,88
AS,🇦🇸 American Samoa,Akamai,Local,88
AS,🇦🇸 American Samoa,Alibaba,External,2
AS,🇦🇸 American Samoa,Alibaba,External,2
AS,🇦🇸 American Samoa,Amazon,External,86
AS,🇦🇸 American Samoa,Amazon,External,86
AS,🇦🇸 American Samoa,Cdn77,External,1
AS,🇦🇸 American Samoa,Cdn77,External,1
AS,🇦🇸 American Samoa,Cloudflare,External,224
AS,🇦🇸 American Samoa,Cloudflare,External,224
AS,🇦🇸 American Samoa,Facebook,External,11
AS,🇦🇸 American Samoa,Facebook,External,11
AS,🇦🇸 American Samoa,Fastly,External,47
AS,🇦🇸 American Samoa,Fastly,External,47
AS,🇦🇸 American Samoa,Microsoft,External,12
AS,🇦🇸 American Samoa,Microsoft,External,12
AS,🇦🇸 American Samoa,Other,Local,4
AS,🇦🇸 American Samoa,Other,External,168
AD,🇦🇩 Andorra,Akamai,External,133
AD,🇦🇩 Andorra,Amazon,External,148
AD,🇦🇩 Andorra,Bunnycdn,External,1
AD,🇦🇩 Andorra,Cdn77,External,17
AD,🇦🇩 Andorra,Cloudflare,Regional,267
AD,🇦🇩 Andorra,Facebook,External,8
AD,🇦🇩 Andorra,Fastly,External,89
AD,🇦🇩 Andorra,Microsoft,External,20
AD,🇦🇩 Andorra,Other,Local,48
AD,🇦🇩 Andorra,Other,External,269
AO,🇦🇴 Angola,Akamai,Local,51
AO,🇦🇴 Angola,Akamai,Local,51
AO,🇦🇴 Angola,Akamai,Local,51
AO,🇦🇴 Angola,Akamai,Local,51
AO,🇦🇴 Angola,Alibaba,External,6
AO,🇦🇴 Angola,Alibaba,External,6
AO,🇦🇴 Angola,Alibaba,External,6
AO,🇦🇴 Angola,Alibaba,External,6
AO,🇦🇴 Angola,Amazon,Regional,6
AO,🇦🇴 Angola,Amazon,External,68
AO,🇦🇴 Angola,Amazon,Regional,6
AO,🇦🇴 Angola,Amazon,External,68
AO,🇦🇴 Angola,Amazon,Regional,6
AO,🇦🇴 Angola,Amazon,External,68
AO,🇦🇴 Angola,Amazon,Regional,6
AO,🇦🇴 Angola,Amazon,External,68
AO,🇦🇴 Angola,Cloudflare,Local,52
AO,🇦🇴 Angola,Cloudflare,Regional,35
AO,🇦🇴 Angola,Cloudflare,External,347
AO,🇦🇴 Angola,Cloudflare,Local,52
AO,🇦🇴 Angola,Cloudflare,Regional,35
AO,🇦🇴 Angola,Cloudflare,External,347
AO,🇦🇴 Angola,Cloudflare,Local,52
AO,🇦🇴 Angola,Cloudflare,Regional,35
AO,🇦🇴 Angola,Cloudflare,External,347
AO,🇦🇴 Angola,Cloudflare,Local,52
AO,🇦🇴 Angola,Cloudflare,Regional,35
AO,🇦🇴 Angola,Cloudflare,External,347
AO,🇦🇴 Angola,Facebook,External,11
AO,🇦🇴 Angola,Facebook,External,11
AO,🇦🇴 Angola,Facebook,External,11
AO,🇦🇴 Angola,Facebook,External,11
AO,🇦🇴 Angola,Fastly,Regional,2
AO,🇦🇴 Angola,Fastly,External,24
AO,🇦🇴 Angola,Fastly,Regional,2
AO,🇦🇴 Angola,Fastly,External,24
AO,🇦🇴 Angola,Fastly,Regional,2
AO,🇦🇴 Angola,Fastly,External,24
AO,🇦🇴 Angola,Fastly,Regional,2
AO,🇦🇴 Angola,Fastly,External,24
AO,🇦🇴 Angola,Microsoft,Local,13
AO,🇦🇴 Angola,Microsoft,Local,13
AO,🇦🇴 Angola,Microsoft,Local,13
AO,🇦🇴 Angola,Microsoft,Local,13
AO,🇦🇴 Angola,Other,Local,62
AO,🇦🇴 Angola,Other,External,320
AI,🇦🇮 Anguilla,Akamai,External,56
AI,🇦🇮 Anguilla,Akamai,External,56
AI,🇦🇮 Anguilla,Akamai,External,56
AI,🇦🇮 Anguilla,Akamai,External,56
AI,🇦🇮 Anguilla,Amazon,External,58
AI,🇦🇮 Anguilla,Amazon,External,58
AI,🇦🇮 Anguilla,Amazon,External,58
AI,🇦🇮 Anguilla,Amazon,External,58
AI,🇦🇮 Anguilla,Cdn77,External,3
AI,🇦🇮 Anguilla,Cdn77,External,3
AI,🇦🇮 Anguilla,Cdn77,External,3
AI,🇦🇮 Anguilla,Cdn77,External,3
AI,🇦🇮 Anguilla,Cloudflare,Regional,1
AI,🇦🇮 Anguilla,Cloudflare,External,99
AI,🇦🇮 Anguilla,Cloudflare,Regional,1
AI,🇦🇮 Anguilla,Cloudflare,External,99
AI,🇦🇮 Anguilla,Cloudflare,Regional,1
AI,🇦🇮 Anguilla,Cloudflare,External,99
AI,🇦🇮 Anguilla,Cloudflare,Regional,1
AI,🇦🇮 Anguilla,Cloudflare,External,99
AI,🇦🇮 Anguilla,Facebook,External,6
AI,🇦🇮 Anguilla,Facebook,External,6
AI,🇦🇮 Anguilla,Facebook,External,6
AI,🇦🇮 Anguilla,Facebook,External,6
AI,🇦🇮 Anguilla,Fastly,External,31
AI,🇦🇮 Anguilla,Fastly,External,31
AI,🇦🇮 Anguilla,Fastly,External,31
AI,🇦🇮 Anguilla,Fastly,External,31
AI,🇦🇮 Anguilla,Microsoft,External,10
AI,🇦🇮 Anguilla,Microsoft,External,10
AI,🇦🇮 Anguilla,Microsoft,External,10
AI,🇦🇮 Anguilla,Microsoft,External,10
AI,🇦🇮 Anguilla,Other,Local,4
AI,🇦🇮 Anguilla,Other,External,104
AG,🇦🇬 Antigua and Barbuda,Akamai,External,141
AG,🇦🇬 Antigua and Barbuda,Akamai,External,141
AG,🇦🇬 Antigua and Barbuda,Akamai,External,141
AG,🇦🇬 Antigua and Barbuda,Akamai,External,141
AG,🇦🇬 Antigua and Barbuda,Alibaba,External,3
AG,🇦🇬 Antigua and Barbuda,Alibaba,External,3
AG,🇦🇬 Antigua and Barbuda,Alibaba,External,3
AG,🇦🇬 Antigua and Barbuda,Alibaba,External,3
AG,🇦🇬 Antigua and Barbuda,Amazon,Regional,2
AG,🇦🇬 Antigua and Barbuda,Amazon,External,135
AG,🇦🇬 Antigua and Barbuda,Amazon,Regional,2
AG,🇦🇬 Antigua and Barbuda,Amazon,External,135
AG,🇦🇬 Antigua and Barbuda,Amazon,Regional,2
AG,🇦🇬 Antigua and Barbuda,Amazon,External,135
AG,🇦🇬 Antigua and Barbuda,Amazon,Regional,2
AG,🇦🇬 Antigua and Barbuda,Amazon,External,135
AG,🇦🇬 Antigua and Barbuda,Cdn77,External,2
AG,🇦🇬 Antigua and Barbuda,Cdn77,External,2
AG,🇦🇬 Antigua and Barbuda,Cdn77,External,2
AG,🇦🇬 Antigua and Barbuda,Cdn77,External,2
AG,🇦🇬 Antigua and Barbuda,Cloudflare,Regional,79
AG,🇦🇬 Antigua and Barbuda,Cloudflare,External,261
AG,🇦🇬 Antigua and Barbuda,Cloudflare,Regional,79
AG,🇦🇬 Antigua and Barbuda,Cloudflare,External,261
AG,🇦🇬 Antigua and Barbuda,Cloudflare,Regional,79
AG,🇦🇬 Antigua and Barbuda,Cloudflare,External,261
AG,🇦🇬 Antigua and Barbuda,Cloudflare,Regional,79
AG,🇦🇬 Antigua and Barbuda,Cloudflare,External,261
AG,🇦🇬 Antigua and Barbuda,Facebook,External,8
AG,🇦🇬 Antigua and Barbuda,Facebook,External,8
AG,🇦🇬 Antigua and Barbuda,Facebook,External,8
AG,🇦🇬 Antigua and Barbuda,Facebook,External,8
AG,🇦🇬 Antigua and Barbuda,Fastly,Regional,1
AG,🇦🇬 Antigua and Barbuda,Fastly,External,66
AG,🇦🇬 Antigua and Barbuda,Fastly,Regional,1
AG,🇦🇬 Antigua and Barbuda,Fastly,External,66
AG,🇦🇬 Antigua and Barbuda,Fastly,Regional,1
AG,🇦🇬 Antigua and Barbuda,Fastly,External,66
AG,🇦🇬 Antigua and Barbuda,Fastly,Regional,1
AG,🇦🇬 Antigua and Barbuda,Fastly,External,66
AG,🇦🇬 Antigua and Barbuda,Microsoft,External,24
AG,🇦🇬 Antigua and Barbuda,Microsoft,External,24
AG,🇦🇬 Antigua and Barbuda,Microsoft,External,24
AG,🇦🇬 Antigua and Barbuda,Microsoft,External,24
AG,🇦🇬 Antigua and Barbuda,Other,Local,6
AG,🇦🇬 Antigua and Barbuda,Other,External,272
AR,🇦🇷 Argentina,Akamai,Local,63
AR,🇦🇷 Argentina,Akamai,Local,63
AR,🇦🇷 Argentina,Akamai,Local,63
AR,🇦🇷 Argentina,Akamai,Local,63
AR,🇦🇷 Argentina,Akamai,Local,63
AR,🇦🇷 Argentina,Akamai,Local,63
AR,🇦🇷 Argentina,Akamai,Local,63
AR,🇦🇷 Argentina,Akamai,Local,63
AR,🇦🇷 Argentina,Akamai,Local,63
AR,🇦🇷 Argentina,Akamai,Local,63
AR,🇦🇷 Argentina,Amazon,Local,70
AR,🇦🇷 Argentina,Amazon,External,107
AR,🇦🇷 Argentina,Amazon,Local,70
AR,🇦🇷 Argentina,Amazon,External,107
AR,🇦🇷 Argentina,Amazon,Local,70
AR,🇦🇷 Argentina,Amazon,External,107
AR,🇦🇷 Argentina,Amazon,Local,70
AR,🇦🇷 Argentina,Amazon,External,107
AR,🇦🇷 Argentina,Amazon,Local,70
AR,🇦🇷 Argentina,Amazon,External,107
AR,🇦🇷 Argentina,Amazon,Local,70
AR,🇦🇷 Argentina,Amazon,External,107
AR,🇦🇷 Argentina,Amazon,Local,70
AR,🇦🇷 Argentina,Amazon,External,107
AR,🇦🇷 Argentina,Amazon,Local,70
AR,🇦🇷 Argentina,Amazon,External,107
AR,🇦🇷 Argentina,Amazon,Local,70
AR,🇦🇷 Argentina,Amazon,External,107
AR,🇦🇷 Argentina,Amazon,Local,70
AR,🇦🇷 Argentina,Amazon,External,107
AR,🇦🇷 Argentina,Cdn77,Local,1
AR,🇦🇷 Argentina,Cdn77,External,1
AR,🇦🇷 Argentina,Cdn77,Local,1
AR,🇦🇷 Argentina,Cdn77,External,1
AR,🇦🇷 Argentina,Cdn77,Local,1
AR,🇦🇷 Argentina,Cdn77,External,1
AR,🇦🇷 Argentina,Cdn77,Local,1
AR,🇦🇷 Argentina,Cdn77,External,1
AR,🇦🇷 Argentina,Cdn77,Local,1
AR,🇦🇷 Argentina,Cdn77,External,1
AR,🇦🇷 Argentina,Cdn77,Local,1
AR,🇦🇷 Argentina,Cdn77,External,1
AR,🇦🇷 Argentina,Cdn77,Local,1
AR,🇦🇷 Argentina,Cdn77,External,1
AR,🇦🇷 Argentina,Cdn77,Local,1
AR,🇦🇷 Argentina,Cdn77,External,1
AR,🇦🇷 Argentina,Cdn77,Local,1
AR,🇦🇷 Argentina,Cdn77,External,1
AR,🇦🇷 Argentina,Cdn77,Local,1
AR,🇦🇷 Argentina,Cdn77,External,1
AR,🇦🇷 Argentina,Cloudflare,Local,397
AR,🇦🇷 Argentina,Cloudflare,Local,397
AR,🇦🇷 Argentina,Cloudflare,Local,397
AR,🇦🇷 Argentina,Cloudflare,Local,397
AR,🇦🇷 Argentina,Cloudflare,Local,397
AR,🇦🇷 Argentina,Cloudflare,Local,397
AR,🇦🇷 Argentina,Cloudflare,Local,397
AR,🇦🇷 Argentina,Cloudflare,Local,397
AR,🇦🇷 Argentina,Cloudflare,Local,397
AR,🇦🇷 Argentina,Cloudflare,Local,397
AR,🇦🇷 Argentina,Facebook,External,10
AR,🇦🇷 Argentina,Facebook,External,10
AR,🇦🇷 Argentina,Facebook,External,10
AR,🇦🇷 Argentina,Facebook,External,10
AR,🇦🇷 Argentina,Facebook,External,10
AR,🇦🇷 Argentina,Facebook,External,10
AR,🇦🇷 Argentina,Facebook,External,10
AR,🇦🇷 Argentina,Facebook,External,10
AR,🇦🇷 Argentina,Facebook,External,10
AR,🇦🇷 Argentina,Facebook,External,10
AR,🇦🇷 Argentina,Fastly,Local,39
AR,🇦🇷 Argentina,Fastly,Local,39
AR,🇦🇷 Argentina,Fastly,Local,39
AR,🇦🇷 Argentina,Fastly,Local,39
AR,🇦🇷 Argentina,Fastly,Local,39
AR,🇦🇷 Argentina,Fastly,Local,39
AR,🇦🇷 Argentina,Fastly,Local,39
AR,🇦🇷 Argentina,Fastly,Local,39
AR,🇦🇷 Argentina,Fastly,Local,39
AR,🇦🇷 Argentina,Fastly,Local,39
AR,🇦🇷 Argentina,Microsoft,Local,22
AR,🇦🇷 Argentina,Microsoft,Local,22
AR,🇦🇷 Argentina,Microsoft,Local,22
AR,🇦🇷 Argentina,Microsoft,Local,22
AR,🇦🇷 Argentina,Microsoft,Local,22
AR,🇦🇷 Argentina,Microsoft,Local,22
AR,🇦🇷 Argentina,Microsoft,Local,22
AR,🇦🇷 Argentina,Microsoft,Local,22
AR,🇦🇷 Argentina,Microsoft,Local,22
AR,🇦🇷 Argentina,Microsoft,Local,22
AR,🇦🇷 Argentina,Other,Local,143
AR,🇦🇷 Argentina,Other,External,146
AM,🇦🇲 Armenia,Akamai,Local,42
AM,🇦🇲 Armenia,Akamai,Local,42
AM,🇦🇲 Armenia,Akamai,Local,42
AM,🇦🇲 Armenia,Akamai,Local,42
AM,🇦🇲 Armenia,Akamai,Local,42
AM,🇦🇲 Armenia,Akamai,Local,42
AM,🇦🇲 Armenia,Akamai,Local,42
AM,🇦🇲 Armenia,Akamai,Local,42
AM,🇦🇲 Armenia,Akamai,Local,42
AM,🇦🇲 Armenia,Akamai,Local,42
AM,🇦🇲 Armenia,Akamai,Local,42
AM,🇦🇲 Armenia,Alibaba,External,1
AM,🇦🇲 Armenia,Alibaba,External,1
AM,🇦🇲 Armenia,Alibaba,External,1
AM,🇦🇲 Armenia,Alibaba,External,1
AM,🇦🇲 Armenia,Alibaba,External,1
AM,🇦🇲 Armenia,Alibaba,External,1
AM,🇦🇲 Armenia,Alibaba,External,1
AM,🇦🇲 Armenia,Alibaba,External,1
AM,🇦🇲 Armenia,Alibaba,External,1
AM,🇦🇲 Armenia,Alibaba,External,1
AM,🇦🇲 Armenia,Alibaba,External,1
AM,🇦🇲 Armenia,Amazon,External,39
AM,🇦🇲 Armenia,Amazon,External,39
AM,🇦🇲 Armenia,Amazon,External,39
AM,🇦🇲 Armenia,Amazon,External,39
AM,🇦🇲 Armenia,Amazon,External,39
AM,🇦🇲 Armenia,Amazon,External,39
AM,🇦🇲 Armenia,Amazon,External,39
AM,🇦🇲 Armenia,Amazon,External,39
AM,🇦🇲 Armenia,Amazon,External,39
AM,🇦🇲 Armenia,Amazon,External,39
AM,🇦🇲 Armenia,Amazon,External,39
AM,🇦🇲 Armenia,Cdn77,External,1
AM,🇦🇲 Armenia,Cdn77,External,1
AM,🇦🇲 Armenia,Cdn77,External,1
AM,🇦🇲 Armenia,Cdn77,External,1
AM,🇦🇲 Armenia,Cdn77,External,1
AM,🇦🇲 Armenia,Cdn77,External,1
AM,🇦🇲 Armenia,Cdn77,External,1
AM,🇦🇲 Armenia,Cdn77,External,1
AM,🇦🇲 Armenia,Cdn77,External,1
AM,🇦🇲 Armenia,Cdn77,External,1
AM,🇦🇲 Armenia,Cdn77,External,1
AM,🇦🇲 Armenia,Cloudflare,Local,228
AM,🇦🇲 Armenia,Cloudflare,External,136
AM,🇦🇲 Armenia,Cloudflare,Local,228
AM,🇦🇲 Armenia,Cloudflare,External,136
AM,🇦🇲 Armenia,Cloudflare,Local,228
AM,🇦🇲 Armenia,Cloudflare,External,136
AM,🇦🇲 Armenia,Cloudflare,Local,228
AM,🇦🇲 Armenia,Cloudflare,External,136
AM,🇦🇲 Armenia,Cloudflare,Local,228
AM,🇦🇲 Armenia,Cloudflare,External,136
AM,🇦🇲 Armenia,Cloudflare,Local,228
AM,🇦🇲 Armenia,Cloudflare,External,136
AM,🇦🇲 Armenia,Cloudflare,Local,228
AM,🇦🇲 Armenia,Cloudflare,External,136
AM,🇦🇲 Armenia,Cloudflare,Local,228
AM,🇦🇲 Armenia,Cloudflare,External,136
AM,🇦🇲 Armenia,Cloudflare,Local,228
AM,🇦🇲 Armenia,Cloudflare,External,136
AM,🇦🇲 Armenia,Cloudflare,Local,228
AM,🇦🇲 Armenia,Cloudflare,External,136
AM,🇦🇲 Armenia,Cloudflare,Local,228
AM,🇦🇲 Armenia,Cloudflare,External,136
AM,🇦🇲 Armenia,Facebook,External,8
AM,🇦🇲 Armenia,Facebook,External,8
AM,🇦🇲 Armenia,Facebook,External,8
AM,🇦🇲 Armenia,Facebook,External,8
AM,🇦🇲 Armenia,Facebook,External,8
AM,🇦🇲 Armenia,Facebook,External,8
AM,🇦🇲 Armenia,Facebook,External,8
AM,🇦🇲 Armenia,Facebook,External,8
AM,🇦🇲 Armenia,Facebook,External,8
AM,🇦🇲 Armenia,Facebook,External,8
AM,🇦🇲 Armenia,Facebook,External,8
AM,🇦🇲 Armenia,Fastly,External,15
AM,🇦🇲 Armenia,Fastly,External,15
AM,🇦🇲 Armenia,Fastly,External,15
AM,🇦🇲 Armenia,Fastly,External,15
AM,🇦🇲 Armenia,Fastly,External,15
AM,🇦🇲 Armenia,Fastly,External,15
AM,🇦🇲 Armenia,Fastly,External,15
AM,🇦🇲 Armenia,Fastly,External,15
AM,🇦🇲 Armenia,Fastly,External,15
AM,🇦🇲 Armenia,Fastly,External,15
AM,🇦🇲 Armenia,Microsoft,External,10
AM,🇦🇲 Armenia,Microsoft,External,10
AM,🇦🇲 Armenia,Microsoft,External,10
AM,🇦🇲 Armenia,Microsoft,External,10
AM,🇦🇲 Armenia,Microsoft,External,10
AM,🇦🇲 Armenia,Microsoft,External,10
AM,🇦🇲 Armenia,Microsoft,External,10
AM,🇦🇲 Armenia,Microsoft,External,10
AM,🇦🇲 Armenia,Microsoft,External,10
AM,🇦🇲 Armenia,Microsoft,External,10
AM,🇦🇲 Armenia,Microsoft,External,10
AM,🇦🇲 Armenia,Other,Local,99
AM,🇦🇲 Armenia,Other,External,420
AM,🇦🇲 Armenia,Wordpress,External,1
AM,🇦🇲 Armenia,Wordpress,External,1
AM,🇦🇲 Armenia,Wordpress,External,1
AM,🇦🇲 Armenia,Wordpress,External,1
AM,🇦🇲 Armenia,Wordpress,External,1
AM,🇦🇲 Armenia,Wordpress,External,1
AM,🇦🇲 Armenia,Wordpress,External,1
AM,🇦🇲 Armenia,Wordpress,External,1
AM,🇦🇲 Armenia,Wordpress,External,1
AM,🇦🇲 Armenia,Wordpress,External,1
AW,🇦🇼 Aruba,Akamai,External,162
AW,🇦🇼 Aruba,Amazon,External,128
AW,🇦🇼 Aruba,Cdn77,External,3
AW,🇦🇼 Aruba,Cloudflare,External,314
AW,🇦🇼 Aruba,Facebook,External,9
AW,🇦🇼 Aruba,Fastly,External,60
AW,🇦🇼 Aruba,Microsoft,External,23
AW,🇦🇼 Aruba,Other,Local,22
AW,🇦🇼 Aruba,Other,External,279
AU,🇦🇺 Australia,Akamai,Local,165
AU,🇦🇺 Australia,Akamai,Local,165
AU,🇦🇺 Australia,Akamai,Local,165
AU,🇦🇺 Australia,Akamai,Local,165
AU,🇦🇺 Australia,Akamai,Local,165
AU,🇦🇺 Australia,Akamai,Local,165
AU,🇦🇺 Australia,Akamai,Local,165
AU,🇦🇺 Australia,Akamai,Local,165
AU,🇦🇺 Australia,Alibaba,External,2
AU,🇦🇺 Australia,Alibaba,External,2
AU,🇦🇺 Australia,Alibaba,External,2
AU,🇦🇺 Australia,Alibaba,External,2
AU,🇦🇺 Australia,Alibaba,External,2
AU,🇦🇺 Australia,Alibaba,External,2
AU,🇦🇺 Australia,Alibaba,External,2
AU,🇦🇺 Australia,Alibaba,External,2
AU,🇦🇺 Australia,Amazon,Local,209
AU,🇦🇺 Australia,Amazon,Local,209
AU,🇦🇺 Australia,Amazon,Local,209
AU,🇦🇺 Australia,Amazon,Local,209
AU,🇦🇺 Australia,Amazon,Local,209
AU,🇦🇺 Australia,Amazon,Local,209
AU,🇦🇺 Australia,Amazon,Local,209
AU,🇦🇺 Australia,Amazon,Local,209
AU,🇦🇺 Australia,Cloudflare,Local,343
AU,🇦🇺 Australia,Cloudflare,Local,343
AU,🇦🇺 Australia,Cloudflare,Local,343
AU,🇦🇺 Australia,Cloudflare,Local,343
AU,🇦🇺 Australia,Cloudflare,Local,343
AU,🇦🇺 Australia,Cloudflare,Local,343
AU,🇦🇺 Australia,Cloudflare,Local,343
AU,🇦🇺 Australia,Cloudflare,Local,343
AU,🇦🇺 Australia,Facebook,External,8
AU,🇦🇺 Australia,Facebook,External,8
AU,🇦🇺 Australia,Facebook,External,8
AU,🇦🇺 Australia,Facebook,External,8
AU,🇦🇺 Australia,Facebook,External,8
AU,🇦🇺 Australia,Facebook,External,8
AU,🇦🇺 Australia,Facebook,External,8
AU,🇦🇺 Australia,Facebook,External,8
AU,🇦🇺 Australia,Fastly,Local,65
AU,🇦🇺 Australia,Fastly,External,12
AU,🇦🇺 Australia,Fastly,Local,65
AU,🇦🇺 Australia,Fastly,External,12
AU,🇦🇺 Australia,Fastly,Local,65
AU,🇦🇺 Australia,Fastly,External,12
AU,🇦🇺 Australia,Fastly,Local,65
AU,🇦🇺 Australia,Fastly,External,12
AU,🇦🇺 Australia,Fastly,Local,65
AU,🇦🇺 Australia,Fastly,External,12
AU,🇦🇺 Australia,Fastly,Local,65
AU,🇦🇺 Australia,Fastly,External,12
AU,🇦🇺 Australia,Fastly,Local,65
AU,🇦🇺 Australia,Fastly,External,12
AU,🇦🇺 Australia,Fastly,Local,65
AU,🇦🇺 Australia,Fastly,External,12
AU,🇦🇺 Australia,Microsoft,Local,28
AU,🇦🇺 Australia,Microsoft,Local,28
AU,🇦🇺 Australia,Microsoft,Local,28
AU,🇦🇺 Australia,Microsoft,Local,28
AU,🇦🇺 Australia,Microsoft,Local,28
AU,🇦🇺 Australia,Microsoft,Local,28
AU,🇦🇺 Australia,Microsoft,Local,28
AU,🇦🇺 Australia,Microsoft,Local,28
AU,🇦🇺 Australia,Other,Local,34
AU,🇦🇺 Australia,Other,External,133
AT,🇦🇹 Austria,Akamai,Local,108
AT,🇦🇹 Austria,Akamai,Local,108
AT,🇦🇹 Austria,Akamai,Local,108
AT,🇦🇹 Austria,Akamai,Local,108
AT,🇦🇹 Austria,Akamai,Local,108
AT,🇦🇹 Austria,Akamai,Local,108
AT,🇦🇹 Austria,Akamai,Local,108
AT,🇦🇹 Austria,Akamai,Local,108
AT,🇦🇹 Austria,Amazon,Regional,64
AT,🇦🇹 Austria,Amazon,External,40
AT,🇦🇹 Austria,Amazon,Regional,64
AT,🇦🇹 Austria,Amazon,External,40
AT,🇦🇹 Austria,Amazon,Regional,64
AT,🇦🇹 Austria,Amazon,External,40
AT,🇦🇹 Austria,Amazon,Regional,64
AT,🇦🇹 Austria,Amazon,External,40
AT,🇦🇹 Austria,Amazon,Regional,64
AT,🇦🇹 Austria,Amazon,External,40
AT,🇦🇹 Austria,Amazon,Regional,64
AT,🇦🇹 Austria,Amazon,External,40
AT,🇦🇹 Austria,Amazon,Regional,64
AT,🇦🇹 Austria,Amazon,External,40
AT,🇦🇹 Austria,Amazon,Regional,64
AT,🇦🇹 Austria,Amazon,External,40
AT,🇦🇹 Austria,Cdn77,Regional,2
AT,🇦🇹 Austria,Cdn77,Regional,2
AT,🇦🇹 Austria,Cdn77,Regional,2
AT,🇦🇹 Austria,Cdn77,Regional,2
AT,🇦🇹 Austria,Cdn77,Regional,2
AT,🇦🇹 Austria,Cdn77,Regional,2
AT,🇦🇹 Austria,Cdn77,Regional,2
AT,🇦🇹 Austria,Cdn77,Regional,2
AT,🇦🇹 Austria,Cloudflare,Local,277
AT,🇦🇹 Austria,Cloudflare,Regional,6
AT,🇦🇹 Austria,Cloudflare,Local,277
AT,🇦🇹 Austria,Cloudflare,Regional,6
AT,🇦🇹 Austria,Cloudflare,Local,277
AT,🇦🇹 Austria,Cloudflare,Regional,6
AT,🇦🇹 Austria,Cloudflare,Local,277
AT,🇦🇹 Austria,Cloudflare,Regional,6
AT,🇦🇹 Austria,Cloudflare,Local,277
AT,🇦🇹 Austria,Cloudflare,Regional,6
AT,🇦🇹 Austria,Cloudflare,Local,277
AT,🇦🇹 Austria,Cloudflare,Regional,6
AT,🇦🇹 Austria,Cloudflare,Local,277
AT,🇦🇹 Austria,Cloudflare,Regional,6
AT,🇦🇹 Austria,Cloudflare,Local,277
AT,🇦🇹 Austria,Cloudflare,Regional,6
AT,🇦🇹 Austria,Facebook,External,5
AT,🇦🇹 Austria,Facebook,External,5
AT,🇦🇹 Austria,Facebook,External,5
AT,🇦🇹 Austria,Facebook,External,5
AT,🇦🇹 Austria,Facebook,External,5
AT,🇦🇹 Austria,Facebook,External,5
AT,🇦🇹 Austria,Facebook,External,5
AT,🇦🇹 Austria,Facebook,External,5
AT,🇦🇹 Austria,Fastly,Local,24
AT,🇦🇹 Austria,Fastly,Local,24
AT,🇦🇹 Austria,Fastly,Local,24
AT,🇦🇹 Austria,Fastly,Local,24
AT,🇦🇹 Austria,Fastly,Local,24
AT,🇦🇹 Austria,Fastly,Local,24
AT,🇦🇹 Austria,Fastly,Local,24
AT,🇦🇹 Austria,Fastly,Local,24
AT,🇦🇹 Austria,Microsoft,Local,21
AT,🇦🇹 Austria,Microsoft,Local,21
AT,🇦🇹 Austria,Microsoft,Local,21
AT,🇦🇹 Austria,Microsoft,Local,21
AT,🇦🇹 Austria,Microsoft,Local,21
AT,🇦🇹 Austria,Microsoft,Local,21
AT,🇦🇹 Austria,Microsoft,Local,21
AT,🇦🇹 Austria,Microsoft,Local,21
AT,🇦🇹 Austria,Other,Local,166
AT,🇦🇹 Austria,Other,External,287
BS,🇧🇸 Bahamas,Akamai,Local,139
BS,🇧🇸 Bahamas,Akamai,Local,139
BS,🇧🇸 Bahamas,Akamai,Local,139
BS,🇧🇸 Bahamas,Alibaba,External,1
BS,🇧🇸 Bahamas,Alibaba,External,1
BS,🇧🇸 Bahamas,Alibaba,External,1
BS,🇧🇸 Bahamas,Amazon,External,124
BS,🇧🇸 Bahamas,Amazon,External,124
BS,🇧🇸 Bahamas,Amazon,External,124
BS,🇧🇸 Bahamas,Cdn77,External,2
BS,🇧🇸 Bahamas,Cdn77,External,2
BS,🇧🇸 Bahamas,Cdn77,External,2
BS,🇧🇸 Bahamas,Cloudflare,External,358
BS,🇧🇸 Bahamas,Cloudflare,External,358
BS,🇧🇸 Bahamas,Cloudflare,External,358
BS,🇧🇸 Bahamas,Facebook,External,9
BS,🇧🇸 Bahamas,Facebook,External,9
BS,🇧🇸 Bahamas,Facebook,External,9
BS,🇧🇸 Bahamas,Fastly,External,63
BS,🇧🇸 Bahamas,Fastly,External,63
BS,🇧🇸 Bahamas,Fastly,External,63
BS,🇧🇸 Bahamas,Microsoft,External,21
BS,🇧🇸 Bahamas,Microsoft,External,21
BS,🇧🇸 Bahamas,Microsoft,External,21
BS,🇧🇸 Bahamas,Other,Local,42
BS,🇧🇸 Bahamas,Other,External,239
BH,🇧🇭 Bahrain,Akamai,Local,74
BH,🇧🇭 Bahrain,Akamai,Local,74
BH,🇧🇭 Bahrain,Akamai,Local,74
BH,🇧🇭 Bahrain,Amazon,External,108
BH,🇧🇭 Bahrain,Amazon,External,108
BH,🇧🇭 Bahrain,Amazon,External,108
BH,🇧🇭 Bahrain,Cloudflare,Local,420
BH,🇧🇭 Bahrain,Cloudflare,Regional,120
BH,🇧🇭 Bahrain,Cloudflare,Local,420
BH,🇧🇭 Bahrain,Cloudflare,Regional,120
BH,🇧🇭 Bahrain,Cloudflare,Local,420
BH,🇧🇭 Bahrain,Cloudflare,Regional,120
BH,🇧🇭 Bahrain,Facebook,External,9
BH,🇧🇭 Bahrain,Facebook,External,9
BH,🇧🇭 Bahrain,Facebook,External,9
BH,🇧🇭 Bahrain,Fastly,Regional,13
BH,🇧🇭 Bahrain,Fastly,External,4
BH,🇧🇭 Bahrain,Fastly,Regional,13
BH,🇧🇭 Bahrain,Fastly,External,4
BH,🇧🇭 Bahrain,Fastly,Regional,13
BH,🇧🇭 Bahrain,Fastly,External,4
BH,🇧🇭 Bahrain,Microsoft,External,23
BH,🇧🇭 Bahrain,Microsoft,External,23
BH,🇧🇭 Bahrain,Microsoft,External,23
BH,🇧🇭 Bahrain,Other,Local,6
BH,🇧🇭 Bahrain,Other,External,222
BD,🇧🇩 Bangladesh,Akamai,Local,36
BD,🇧🇩 Bangladesh,Akamai,Local,36
BD,🇧🇩 Bangladesh,Akamai,Local,36
BD,🇧🇩 Bangladesh,Akamai,Local,36
BD,🇧🇩 Bangladesh,Akamai,Local,36
BD,🇧🇩 Bangladesh,Akamai,Local,36
BD,🇧🇩 Bangladesh,Akamai,Local,36
BD,🇧🇩 Bangladesh,Akamai,Local,36
BD,🇧🇩 Bangladesh,Akamai,Local,36
BD,🇧🇩 Bangladesh,Akamai,Local,36
BD,🇧🇩 Bangladesh,Akamai,Local,36
BD,🇧🇩 Bangladesh,Akamai,Local,36
BD,🇧🇩 Bangladesh,Alibaba,External,11
BD,🇧🇩 Bangladesh,Alibaba,External,11
BD,🇧🇩 Bangladesh,Alibaba,External,11
BD,🇧🇩 Bangladesh,Alibaba,External,11
BD,🇧🇩 Bangladesh,Alibaba,External,11
BD,🇧🇩 Bangladesh,Alibaba,External,11
BD,🇧🇩 Bangladesh,Alibaba,External,11
BD,🇧🇩 Bangladesh,Alibaba,External,11
BD,🇧🇩 Bangladesh,Alibaba,External,11
BD,🇧🇩 Bangladesh,Alibaba,External,11
BD,🇧🇩 Bangladesh,Amazon,Regional,38
BD,🇧🇩 Bangladesh,Amazon,External,28
BD,🇧🇩 Bangladesh,Amazon,Regional,38
BD,🇧🇩 Bangladesh,Amazon,External,28
BD,🇧🇩 Bangladesh,Amazon,Regional,38
BD,🇧🇩 Bangladesh,Amazon,External,28
BD,🇧🇩 Bangladesh,Amazon,Regional,38
BD,🇧🇩 Bangladesh,Amazon,External,28
BD,🇧🇩 Bangladesh,Amazon,Regional,38
BD,🇧🇩 Bangladesh,Amazon,External,28
BD,🇧🇩 Bangladesh,Amazon,Regional,38
BD,🇧🇩 Bangladesh,Amazon,External,28
BD,🇧🇩 Bangladesh,Amazon,Regional,38
BD,🇧🇩 Bangladesh,Amazon,External,28
BD,🇧🇩 Bangladesh,Amazon,Regional,38
BD,🇧🇩 Bangladesh,Amazon,External,28
BD,🇧🇩 Bangladesh,Amazon,Regional,38
BD,🇧🇩 Bangladesh,Amazon,External,28
BD,🇧🇩 Bangladesh,Amazon,Regional,38
BD,🇧🇩 Bangladesh,Amazon,External,28
BD,🇧🇩 Bangladesh,Amazon,Regional,38
BD,🇧🇩 Bangladesh,Amazon,External,28
BD,🇧🇩 Bangladesh,Amazon,Regional,38
BD,🇧🇩 Bangladesh,Amazon,External,28
BD,🇧🇩 Bangladesh,Cdn77,External,2
BD,🇧🇩 Bangladesh,Cdn77,External,2
BD,🇧🇩 Bangladesh,Cdn77,External,2
BD,🇧🇩 Bangladesh,Cdn77,External,2
BD,🇧🇩 Bangladesh,Cdn77,External,2
BD,🇧🇩 Bangladesh,Cdn77,External,2
BD,🇧🇩 Bangladesh,Cdn77,External,2
BD,🇧🇩 Bangladesh,Cdn77,External,2
BD,🇧🇩 Bangladesh,Cdn77,External,2
BD,🇧🇩 Bangladesh,Cdn77,External,2
BD,🇧🇩 Bangladesh,Cdn77,External,2
BD,🇧🇩 Bangladesh,Cdn77,External,2
BD,🇧🇩 Bangladesh,Cloudflare,Local,370
BD,🇧🇩 Bangladesh,Cloudflare,External,162
BD,🇧🇩 Bangladesh,Cloudflare,Local,370
BD,🇧🇩 Bangladesh,Cloudflare,External,162
BD,🇧🇩 Bangladesh,Cloudflare,Local,370
BD,🇧🇩 Bangladesh,Cloudflare,External,162
BD,🇧🇩 Bangladesh,Cloudflare,Local,370
BD,🇧🇩 Bangladesh,Cloudflare,External,162
BD,🇧🇩 Bangladesh,Cloudflare,Local,370
BD,🇧🇩 Bangladesh,Cloudflare,External,162
BD,🇧🇩 Bangladesh,Cloudflare,Local,370
BD,🇧🇩 Bangladesh,Cloudflare,External,162
BD,🇧🇩 Bangladesh,Cloudflare,Local,370
BD,🇧🇩 Bangladesh,Cloudflare,External,162
BD,🇧🇩 Bangladesh,Cloudflare,Local,370
BD,🇧🇩 Bangladesh,Cloudflare,External,162
BD,🇧🇩 Bangladesh,Cloudflare,Local,370
BD,🇧🇩 Bangladesh,Cloudflare,External,162
BD,🇧🇩 Bangladesh,Cloudflare,Local,370
BD,🇧🇩 Bangladesh,Cloudflare,External,162
BD,🇧🇩 Bangladesh,Cloudflare,Local,370
BD,🇧🇩 Bangladesh,Cloudflare,External,162
BD,🇧🇩 Bangladesh,Cloudflare,Local,370
BD,🇧🇩 Bangladesh,Cloudflare,External,162
BD,🇧🇩 Bangladesh,Facebook,External,11
BD,🇧🇩 Bangladesh,Facebook,External,11
BD,🇧🇩 Bangladesh,Facebook,External,11
BD,🇧🇩 Bangladesh,Facebook,External,11
BD,🇧🇩 Bangladesh,Facebook,External,11
BD,🇧🇩 Bangladesh,Facebook,External,11
BD,🇧🇩 Bangladesh,Facebook,External,11
BD,🇧🇩 Bangladesh,Facebook,External,11
BD,🇧🇩 Bangladesh,Facebook,External,11
BD,🇧🇩 Bangladesh,Facebook,External,11
BD,🇧🇩 Bangladesh,Facebook,External,11
BD,🇧🇩 Bangladesh,Fastly,Regional,5
BD,🇧🇩 Bangladesh,Fastly,External,8
BD,🇧🇩 Bangladesh,Fastly,Regional,5
BD,🇧🇩 Bangladesh,Fastly,External,8
BD,🇧🇩 Bangladesh,Fastly,Regional,5
BD,🇧🇩 Bangladesh,Fastly,External,8
BD,🇧🇩 Bangladesh,Fastly,Regional,5
BD,🇧🇩 Bangladesh,Fastly,External,8
BD,🇧🇩 Bangladesh,Fastly,Regional,5
BD,🇧🇩 Bangladesh,Fastly,External,8
BD,🇧🇩 Bangladesh,Fastly,Regional,5
BD,🇧🇩 Bangladesh,Fastly,External,8
BD,🇧🇩 Bangladesh,Fastly,Regional,5
BD,🇧🇩 Bangladesh,Fastly,External,8
BD,🇧🇩 Bangladesh,Fastly,Regional,5
BD,🇧🇩 Bangladesh,Fastly,External,8
BD,🇧🇩 Bangladesh,Fastly,Regional,5
BD,🇧🇩 Bangladesh,Fastly,External,8
BD,🇧🇩 Bangladesh,Fastly,Regional,5
BD,🇧🇩 Bangladesh,Fastly,External,8
BD,🇧🇩 Bangladesh,Fastly,Regional,5
BD,🇧🇩 Bangladesh,Fastly,External,8
BD,🇧🇩 Bangladesh,Fastly,Regional,5
BD,🇧🇩 Bangladesh,Fastly,External,8
BD,🇧🇩 Bangladesh,Microsoft,External,7
BD,🇧🇩 Bangladesh,Microsoft,External,7
BD,🇧🇩 Bangladesh,Microsoft,External,7
BD,🇧🇩 Bangladesh,Microsoft,External,7
BD,🇧🇩 Bangladesh,Microsoft,External,7
BD,🇧🇩 Bangladesh,Microsoft,External,7
BD,🇧🇩 Bangladesh,Microsoft,External,7
BD,🇧🇩 Bangladesh,Microsoft,External,7
BD,🇧🇩 Bangladesh,Microsoft,External,7
BD,🇧🇩 Bangladesh,Microsoft,External,7
BD,🇧🇩 Bangladesh,Microsoft,External,7
BD,🇧🇩 Bangladesh,Microsoft,External,7
BD,🇧🇩 Bangladesh,Other,Local,108
BD,🇧🇩 Bangladesh,Other,External,214
BB,🇧🇧 Barbados,Akamai,Local,131
BB,🇧🇧 Barbados,Akamai,Local,131
BB,🇧🇧 Barbados,Alibaba,External,1
BB,🇧🇧 Barbados,Alibaba,External,1
BB,🇧🇧 Barbados,Amazon,External,127
BB,🇧🇧 Barbados,Amazon,External,127
BB,🇧🇧 Barbados,Cdn77,External,2
BB,🇧🇧 Barbados,Cdn77,External,2
BB,🇧🇧 Barbados,Cloudflare,Local,98
BB,🇧🇧 Barbados,Cloudflare,External,287
BB,🇧🇧 Barbados,Cloudflare,Local,98
BB,🇧🇧 Barbados,Cloudflare,External,287
BB,🇧🇧 Barbados,Facebook,External,9
BB,🇧🇧 Barbados,Facebook,External,9
BB,🇧🇧 Barbados,Fastly,External,49
BB,🇧🇧 Barbados,Fastly,External,49
BB,🇧🇧 Barbados,Microsoft,External,21
BB,🇧🇧 Barbados,Microsoft,External,21
BB,🇧🇧 Barbados,Other,Local,13
BB,🇧🇧 Barbados,Other,External,262
BY,🇧🇾 Belarus,Akamai,Local,14
BY,🇧🇾 Belarus,Akamai,Local,14
BY,🇧🇾 Belarus,Akamai,Local,14
BY,🇧🇾 Belarus,Akamai,Local,14
BY,🇧🇾 Belarus,Alibaba,External,1
BY,🇧🇾 Belarus,Alibaba,External,1
BY,🇧🇾 Belarus,Alibaba,External,1
BY,🇧🇾 Belarus,Alibaba,External,1
BY,🇧🇾 Belarus,Amazon,Regional,10
BY,🇧🇾 Belarus,Amazon,External,3
BY,🇧🇾 Belarus,Amazon,Regional,10
BY,🇧🇾 Belarus,Amazon,External,3
BY,🇧🇾 Belarus,Amazon,Regional,10
BY,🇧🇾 Belarus,Amazon,External,3
BY,🇧🇾 Belarus,Amazon,Regional,10
BY,🇧🇾 Belarus,Amazon,External,3
BY,🇧🇾 Belarus,Cloudflare,Local,41
BY,🇧🇾 Belarus,Cloudflare,Regional,132
BY,🇧🇾 Belarus,Cloudflare,Local,41
BY,🇧🇾 Belarus,Cloudflare,Regional,132
BY,🇧🇾 Belarus,Cloudflare,Local,41
BY,🇧🇾 Belarus,Cloudflare,Regional,132
BY,🇧🇾 Belarus,Cloudflare,Local,41
BY,🇧🇾 Belarus,Cloudflare,Regional,132
BY,🇧🇾 Belarus,Facebook,External,4
BY,🇧🇾 Belarus,Facebook,External,4
BY,🇧🇾 Belarus,Facebook,External,4
BY,🇧🇾 Belarus,Facebook,External,4
BY,🇧🇾 Belarus,Fastly,External,8
BY,🇧🇾 Belarus,Fastly,External,8
BY,🇧🇾 Belarus,Fastly,External,8
BY,🇧🇾 Belarus,Fastly,External,8
BY,🇧🇾 Belarus,Microsoft,External,2
BY,🇧🇾 Belarus,Microsoft,External,2
BY,🇧🇾 Belarus,Microsoft,External,2
BY,🇧🇾 Belarus,Microsoft,External,2
BY,🇧🇾 Belarus,Other,Local,327
BY,🇧🇾 Belarus,Other,External,458
BE,🇧🇪 Belgium,Akamai,Local,161
BE,🇧🇪 Belgium,Akamai,Local,161
BE,🇧🇪 Belgium,Akamai,Local,161
BE,🇧🇪 Belgium,Akamai,Local,161
BE,🇧🇪 Belgium,Amazon,Regional,84
BE,🇧🇪 Belgium,Amazon,External,38
BE,🇧🇪 Belgium,Amazon,Regional,84
BE,🇧🇪 Belgium,Amazon,External,38
BE,🇧🇪 Belgium,Amazon,Regional,84
BE,🇧🇪 Belgium,Amazon,External,38
BE,🇧🇪 Belgium,Amazon,Regional,84
BE,🇧🇪 Belgium,Amazon,External,38
BE,🇧🇪 Belgium,Cloudflare,Local,277
BE,🇧🇪 Belgium,Cloudflare,Local,277
BE,🇧🇪 Belgium,Cloudflare,Local,277
BE,🇧🇪 Belgium,Cloudflare,Local,277
BE,🇧🇪 Belgium,Facebook,External,6
BE,🇧🇪 Belgium,Facebook,External,6
BE,🇧🇪 Belgium,Facebook,External,6
BE,🇧🇪 Belgium,Facebook,External,6
BE,🇧🇪 Belgium,Fastly,Local,38
BE,🇧🇪 Belgium,Fastly,Local,38
BE,🇧🇪 Belgium,Fastly,Local,38
BE,🇧🇪 Belgium,Fastly,Local,38
BE,🇧🇪 Belgium,Microsoft,Local,33
BE,🇧🇪 Belgium,Microsoft,Local,33
BE,🇧🇪 Belgium,Microsoft,Local,33
BE,🇧🇪 Belgium,Microsoft,Local,33
BE,🇧🇪 Belgium,Other,Local,141
BE,🇧🇪 Belgium,Other,External,222
BZ,🇧🇿 Belize,Akamai,Local,95
BZ,🇧🇿 Belize,Akamai,Local,95
BZ,🇧🇿 Belize,Akamai,Local,95
BZ,🇧🇿 Belize,Akamai,Local,95
BZ,🇧🇿 Belize,Alibaba,External,2
BZ,🇧🇿 Belize,Alibaba,External,2
BZ,🇧🇿 Belize,Alibaba,External,2
BZ,🇧🇿 Belize,Alibaba,External,2
BZ,🇧🇿 Belize,Amazon,External,107
BZ,🇧🇿 Belize,Amazon,External,107
BZ,🇧🇿 Belize,Amazon,External,107
BZ,🇧🇿 Belize,Amazon,External,107
BZ,🇧🇿 Belize,Bunnycdn,External,1
BZ,🇧🇿 Belize,Bunnycdn,External,1
BZ,🇧🇿 Belize,Bunnycdn,External,1
BZ,🇧🇿 Belize,Cloudflare,Regional,14
BZ,🇧🇿 Belize,Cloudflare,External,393
BZ,🇧🇿 Belize,Cloudflare,Regional,14
BZ,🇧🇿 Belize,Cloudflare,External,393
BZ,🇧🇿 Belize,Cloudflare,Regional,14
BZ,🇧🇿 Belize,Cloudflare,External,393
BZ,🇧🇿 Belize,Cloudflare,Regional,14
BZ,🇧🇿 Belize,Cloudflare,External,393
BZ,🇧🇿 Belize,Facebook,External,11
BZ,🇧🇿 Belize,Facebook,External,11
BZ,🇧🇿 Belize,Facebook,External,11
BZ,🇧🇿 Belize,Facebook,External,11
BZ,🇧🇿 Belize,Fastly,External,45
BZ,🇧🇿 Belize,Fastly,External,45
BZ,🇧🇿 Belize,Fastly,External,45
BZ,🇧🇿 Belize,Fastly,External,45
BZ,🇧🇿 Belize,Microsoft,External,25
BZ,🇧🇿 Belize,Microsoft,External,25
BZ,🇧🇿 Belize,Microsoft,External,25
BZ,🇧🇿 Belize,Microsoft,External,25
BZ,🇧🇿 Belize,Other,Local,30
BZ,🇧🇿 Belize,Other,External,277
BJ,🇧🇯 Benin,Akamai,External,59
BJ,🇧🇯 Benin,Akamai,External,59
BJ,🇧🇯 Benin,Akamai,External,59
BJ,🇧🇯 Benin,Akamai,External,59
BJ,🇧🇯 Benin,Akamai,External,59
BJ,🇧🇯 Benin,Akamai,External,59
BJ,🇧🇯 Benin,Alibaba,External,2
BJ,🇧🇯 Benin,Alibaba,External,2
BJ,🇧🇯 Benin,Alibaba,External,2
BJ,🇧🇯 Benin,Alibaba,External,2
BJ,🇧🇯 Benin,Alibaba,External,2
BJ,🇧🇯 Benin,Alibaba,External,2
BJ,🇧🇯 Benin,Amazon,External,76
BJ,🇧🇯 Benin,Amazon,External,76
BJ,🇧🇯 Benin,Amazon,External,76
BJ,🇧🇯 Benin,Amazon,External,76
BJ,🇧🇯 Benin,Amazon,External,76
BJ,🇧🇯 Benin,Amazon,External,76
BJ,🇧🇯 Benin,Cloudflare,Regional,14
BJ,🇧🇯 Benin,Cloudflare,External,400
BJ,🇧🇯 Benin,Cloudflare,Regional,14
BJ,🇧🇯 Benin,Cloudflare,External,400
BJ,🇧🇯 Benin,Cloudflare,Regional,14
BJ,🇧🇯 Benin,Cloudflare,External,400
BJ,🇧🇯 Benin,Cloudflare,Regional,14
BJ,🇧🇯 Benin,Cloudflare,External,400
BJ,🇧🇯 Benin,Cloudflare,Regional,14
BJ,🇧🇯 Benin,Cloudflare,External,400
BJ,🇧🇯 Benin,Cloudflare,Regional,14
BJ,🇧🇯 Benin,Cloudflare,External,400
BJ,🇧🇯 Benin,Facebook,External,12
BJ,🇧🇯 Benin,Facebook,External,12
BJ,🇧🇯 Benin,Facebook,External,12
BJ,🇧🇯 Benin,Facebook,External,12
BJ,🇧🇯 Benin,Facebook,External,12
BJ,🇧🇯 Benin,Facebook,External,12
BJ,🇧🇯 Benin,Fastly,Regional,7
BJ,🇧🇯 Benin,Fastly,External,22
BJ,🇧🇯 Benin,Fastly,Regional,7
BJ,🇧🇯 Benin,Fastly,External,22
BJ,🇧🇯 Benin,Fastly,Regional,7
BJ,🇧🇯 Benin,Fastly,External,22
BJ,🇧🇯 Benin,Fastly,Regional,7
BJ,🇧🇯 Benin,Fastly,External,22
BJ,🇧🇯 Benin,Fastly,Regional,7
BJ,🇧🇯 Benin,Fastly,External,22
BJ,🇧🇯 Benin,Fastly,Regional,7
BJ,🇧🇯 Benin,Fastly,External,22
BJ,🇧🇯 Benin,Microsoft,External,15
BJ,🇧🇯 Benin,Microsoft,External,15
BJ,🇧🇯 Benin,Microsoft,External,15
BJ,🇧🇯 Benin,Microsoft,External,15
BJ,🇧🇯 Benin,Microsoft,External,15
BJ,🇧🇯 Benin,Microsoft,External,15
BJ,🇧🇯 Benin,Other,Local,55
BJ,🇧🇯 Benin,Other,External,337
BM,🇧🇲 Bermuda,Akamai,External,153
BM,🇧🇲 Bermuda,Akamai,External,153
BM,🇧🇲 Bermuda,Akamai,External,153
BM,🇧🇲 Bermuda,Alibaba,External,1
BM,🇧🇲 Bermuda,Alibaba,External,1
BM,🇧🇲 Bermuda,Alibaba,External,1
BM,🇧🇲 Bermuda,Amazon,Regional,179
BM,🇧🇲 Bermuda,Amazon,Regional,179
BM,🇧🇲 Bermuda,Amazon,Regional,179
BM,🇧🇲 Bermuda,Cdn77,Regional,1
BM,🇧🇲 Bermuda,Cdn77,Regional,1
BM,🇧🇲 Bermuda,Cdn77,Regional,1
BM,🇧🇲 Bermuda,Cloudflare,Regional,297
BM,🇧🇲 Bermuda,Cloudflare,Regional,297
BM,🇧🇲 Bermuda,Cloudflare,Regional,297
BM,🇧🇲 Bermuda,Facebook,External,9
BM,🇧🇲 Bermuda,Facebook,External,9
BM,🇧🇲 Bermuda,Facebook,External,9
BM,🇧🇲 Bermuda,Fastly,Regional,93
BM,🇧🇲 Bermuda,Fastly,Regional,93
BM,🇧🇲 Bermuda,Fastly,Regional,93
BM,🇧🇲 Bermuda,Microsoft,External,26
BM,🇧🇲 Bermuda,Microsoft,External,26
BM,🇧🇲 Bermuda,Microsoft,External,26
BM,🇧🇲 Bermuda,Other,Local,8
BM,🇧🇲 Bermuda,Other,External,232
BT,🇧🇹 Bhutan,Akamai,Local,68
BT,🇧🇹 Bhutan,Akamai,Local,68
BT,🇧🇹 Bhutan,Akamai,Local,68
BT,🇧🇹 Bhutan,Akamai,Local,68
BT,🇧🇹 Bhutan,Akamai,Local,68
BT,🇧🇹 Bhutan,Akamai,Local,68
BT,🇧🇹 Bhutan,Akamai,Local,68
BT,🇧🇹 Bhutan,Alibaba,External,3
BT,🇧🇹 Bhutan,Alibaba,External,3
BT,🇧🇹 Bhutan,Alibaba,External,3
BT,🇧🇹 Bhutan,Alibaba,External,3
BT,🇧🇹 Bhutan,Alibaba,External,3
BT,🇧🇹 Bhutan,Alibaba,External,3
BT,🇧🇹 Bhutan,Alibaba,External,3
BT,🇧🇹 Bhutan,Amazon,Regional,6
BT,🇧🇹 Bhutan,Amazon,External,84
BT,🇧🇹 Bhutan,Amazon,Regional,6
BT,🇧🇹 Bhutan,Amazon,External,84
BT,🇧🇹 Bhutan,Amazon,Regional,6
BT,🇧🇹 Bhutan,Amazon,External,84
BT,🇧🇹 Bhutan,Amazon,Regional,6
BT,🇧🇹 Bhutan,Amazon,External,84
BT,🇧🇹 Bhutan,Amazon,Regional,6
BT,🇧🇹 Bhutan,Amazon,External,84
BT,🇧🇹 Bhutan,Amazon,Regional,6
BT,🇧🇹 Bhutan,Amazon,External,84
BT,🇧🇹 Bhutan,Amazon,Regional,6
BT,🇧🇹 Bhutan,Amazon,External,84
BT,🇧🇹 Bhutan,Cdn77,External,1
BT,🇧🇹 Bhutan,Cdn77,External,1
BT,🇧🇹 Bhutan,Cdn77,External,1
BT,🇧🇹 Bhutan,Cdn77,External,1
BT,🇧🇹 Bhutan,Cdn77,External,1
BT,🇧🇹 Bhutan,Cdn77,External,1
BT,🇧🇹 Bhutan,Cdn77,External,1
BT,🇧🇹 Bhutan,Cloudflare,Local,22
BT,🇧🇹 Bhutan,Cloudflare,Regional,172
BT,🇧🇹 Bhutan,Cloudflare,External,220
BT,🇧🇹 Bhutan,Cloudflare,Local,22
BT,🇧🇹 Bhutan,Cloudflare,Regional,172
BT,🇧🇹 Bhutan,Cloudflare,External,220
BT,🇧🇹 Bhutan,Cloudflare,Local,22
BT,🇧🇹 Bhutan,Cloudflare,Regional,172
BT,🇧🇹 Bhutan,Cloudflare,External,220
BT,🇧🇹 Bhutan,Cloudflare,Local,22
BT,🇧🇹 Bhutan,Cloudflare,Regional,172
BT,🇧🇹 Bhutan,Cloudflare,External,220
BT,🇧🇹 Bhutan,Cloudflare,Local,22
BT,🇧🇹 Bhutan,Cloudflare,Regional,172
BT,🇧🇹 Bhutan,Cloudflare,External,220
BT,🇧🇹 Bhutan,Cloudflare,Local,22
BT,🇧🇹 Bhutan,Cloudflare,Regional,172
BT,🇧🇹 Bhutan,Cloudflare,External,220
BT,🇧🇹 Bhutan,Cloudflare,Local,22
BT,🇧🇹 Bhutan,Cloudflare,Regional,172
BT,🇧🇹 Bhutan,Cloudflare,External,220
BT,🇧🇹 Bhutan,Facebook,External,7
BT,🇧🇹 Bhutan,Facebook,External,7
BT,🇧🇹 Bhutan,Facebook,External,7
BT,🇧🇹 Bhutan,Facebook,External,7
BT,🇧🇹 Bhutan,Facebook,External,7
BT,🇧🇹 Bhutan,Facebook,External,7
BT,🇧🇹 Bhutan,Facebook,External,7
BT,🇧🇹 Bhutan,Fastly,Regional,10
BT,🇧🇹 Bhutan,Fastly,External,14
BT,🇧🇹 Bhutan,Fastly,Regional,10
BT,🇧🇹 Bhutan,Fastly,External,14
BT,🇧🇹 Bhutan,Fastly,Regional,10
BT,🇧🇹 Bhutan,Fastly,External,14
BT,🇧🇹 Bhutan,Fastly,Regional,10
BT,🇧🇹 Bhutan,Fastly,External,14
BT,🇧🇹 Bhutan,Fastly,Regional,10
BT,🇧🇹 Bhutan,Fastly,External,14
BT,🇧🇹 Bhutan,Fastly,Regional,10
BT,🇧🇹 Bhutan,Fastly,External,14
BT,🇧🇹 Bhutan,Fastly,Regional,10
BT,🇧🇹 Bhutan,Fastly,External,14
BT,🇧🇹 Bhutan,Microsoft,External,7
BT,🇧🇹 Bhutan,Microsoft,External,7
BT,🇧🇹 Bhutan,Microsoft,External,7
BT,🇧🇹 Bhutan,Microsoft,External,7
BT,🇧🇹 Bhutan,Microsoft,External,7
BT,🇧🇹 Bhutan,Microsoft,External,7
BT,🇧🇹 Bhutan,Microsoft,External,7
BT,🇧🇹 Bhutan,Other,Local,159
BT,🇧🇹 Bhutan,Other,External,227
BO,🇧🇴 Bolivia,Akamai,Local,57
BO,🇧🇴 Bolivia,Akamai,Local,57
BO,🇧🇴 Bolivia,Akamai,Local,57
BO,🇧🇴 Bolivia,Akamai,Local,57
BO,🇧🇴 Bolivia,Akamai,Local,57
BO,🇧🇴 Bolivia,Alibaba,External,2
BO,🇧🇴 Bolivia,Alibaba,External,2
BO,🇧🇴 Bolivia,Alibaba,External,2
BO,🇧🇴 Bolivia,Alibaba,External,2
BO,🇧🇴 Bolivia,Alibaba,External,2
BO,🇧🇴 Bolivia,Amazon,External,103
BO,🇧🇴 Bolivia,Amazon,External,103
BO,🇧🇴 Bolivia,Amazon,External,103
BO,🇧🇴 Bolivia,Amazon,External,103
BO,🇧🇴 Bolivia,Amazon,External,103
BO,🇧🇴 Bolivia,Cdn77,External,1
BO,🇧🇴 Bolivia,Cdn77,External,1
BO,🇧🇴 Bolivia,Cdn77,External,1
BO,🇧🇴 Bolivia,Cdn77,External,1
BO,🇧🇴 Bolivia,Cdn77,External,1
BO,🇧🇴 Bolivia,Cloudflare,Local,203
BO,🇧🇴 Bolivia,Cloudflare,Regional,22
BO,🇧🇴 Bolivia,Cloudflare,External,178
BO,🇧🇴 Bolivia,Cloudflare,Local,203
BO,🇧🇴 Bolivia,Cloudflare,Regional,22
BO,🇧🇴 Bolivia,Cloudflare,External,178
BO,🇧🇴 Bolivia,Cloudflare,Local,203
BO,🇧🇴 Bolivia,Cloudflare,Regional,22
BO,🇧🇴 Bolivia,Cloudflare,External,178
BO,🇧🇴 Bolivia,Cloudflare,Local,203
BO,🇧🇴 Bolivia,Cloudflare,Regional,22
BO,🇧🇴 Bolivia,Cloudflare,External,178
BO,🇧🇴 Bolivia,Cloudflare,Local,203
BO,🇧🇴 Bolivia,Cloudflare,Regional,22
BO,🇧🇴 Bolivia,Cloudflare,External,178
BO,🇧🇴 Bolivia,Facebook,External,9
BO,🇧🇴 Bolivia,Facebook,External,9
BO,🇧🇴 Bolivia,Facebook,External,9
BO,🇧🇴 Bolivia,Facebook,External,9
BO,🇧🇴 Bolivia,Fastly,Regional,35
BO,🇧🇴 Bolivia,Fastly,Regional,35
BO,🇧🇴 Bolivia,Fastly,Regional,35
BO,🇧🇴 Bolivia,Fastly,Regional,35
BO,🇧🇴 Bolivia,Microsoft,External,18
BO,🇧🇴 Bolivia,Microsoft,External,18
BO,🇧🇴 Bolivia,Microsoft,External,18
BO,🇧🇴 Bolivia,Microsoft,External,18
BO,🇧🇴 Bolivia,Microsoft,External,18
BO,🇧🇴 Bolivia,Other,Local,122
BO,🇧🇴 Bolivia,Other,External,251
BQ,"🇧🇶 Bonaire, Sint Eustatius and Saba",Akamai,External,166
BQ,"🇧🇶 Bonaire, Sint Eustatius and Saba",Akamai,External,166
BQ,"🇧🇶 Bonaire, Sint Eustatius and Saba",Akamai,External,166
BQ,"🇧🇶 Bonaire, Sint Eustatius and Saba",Akamai,External,166
BQ,"🇧🇶 Bonaire, Sint Eustatius and Saba",Amazon,Regional,10
BQ,"🇧🇶 Bonaire, Sint Eustatius and Saba",Amazon,External,130
BQ,"🇧🇶 Bonaire, Sint Eustatius and Saba",Amazon,Regional,10
BQ,"🇧🇶 Bonaire, Sint Eustatius and Saba",Amazon,External,130
BQ,"🇧🇶 Bonaire, Sint Eustatius and Saba",Amazon,Regional,10
BQ,"🇧🇶 Bonaire, Sint Eustatius and Saba",Amazon,External,130
BQ,"🇧🇶 Bonaire, Sint Eustatius and Saba",Amazon,Regional,10
BQ,"🇧🇶 Bonaire, Sint Eustatius and Saba",Amazon,External,130
BQ,"🇧🇶 Bonaire, Sint Eustatius and Saba",Cdn77,External,2
BQ,"🇧🇶 Bonaire, Sint Eustatius and Saba",Cdn77,External,2
BQ,"🇧🇶 Bonaire, Sint Eustatius and Saba",Cdn77,External,2
BQ,"🇧🇶 Bonaire, Sint Eustatius and Saba",Cdn77,External,2
BQ,"🇧🇶 Bonaire, Sint Eustatius and Saba",Cloudflare,Regional,20
BQ,"🇧🇶 Bonaire, Sint Eustatius and Saba",Cloudflare,External,251
BQ,"🇧🇶 Bonaire, Sint Eustatius and Saba",Cloudflare,Regional,20
BQ,"🇧🇶 Bonaire, Sint Eustatius and Saba",Cloudflare,External,251
BQ,"🇧🇶 Bonaire, Sint Eustatius and Saba",Cloudflare,Regional,20
BQ,"🇧🇶 Bonaire, Sint Eustatius and Saba",Cloudflare,External,251
BQ,"🇧🇶 Bonaire, Sint Eustatius and Saba",Cloudflare,Regional,20
BQ,"🇧🇶 Bonaire, Sint Eustatius and Saba",Cloudflare,External,251
BQ,"🇧🇶 Bonaire, Sint Eustatius and Saba",Facebook,External,8
BQ,"🇧🇶 Bonaire, Sint Eustatius and Saba",Facebook,External,8
BQ,"🇧🇶 Bonaire, Sint Eustatius and Saba",Facebook,External,8
BQ,"🇧🇶 Bonaire, Sint Eustatius and Saba",Facebook,External,8
BQ,"🇧🇶 Bonaire, Sint Eustatius and Saba",Fastly,External,73
BQ,"🇧🇶 Bonaire, Sint Eustatius and Saba",Fastly,External,73
BQ,"🇧🇶 Bonaire, Sint Eustatius and Saba",Fastly,External,73
BQ,"🇧🇶 Bonaire, Sint Eustatius and Saba",Fastly,External,73
BQ,"🇧🇶 Bonaire, Sint Eustatius and Saba",Microsoft,External,32
BQ,"🇧🇶 Bonaire, Sint Eustatius and Saba",Microsoft,External,32
BQ,"🇧🇶 Bonaire, Sint Eustatius and Saba",Microsoft,External,32
BQ,"🇧🇶 Bonaire, Sint Eustatius and Saba",Microsoft,External,32
BQ,"🇧🇶 Bonaire, Sint Eustatius and Saba",Other,Local,1
BQ,"🇧🇶 Bonaire, Sint Eustatius and Saba",Other,External,307
BA,🇧🇦 Bosnia and Herzegovina,Akamai,External,45
BA,🇧🇦 Bosnia and Herzegovina,Akamai,External,45
BA,🇧🇦 Bosnia and Herzegovina,Akamai,External,45
BA,🇧🇦 Bosnia and Herzegovina,Akamai,External,45
BA,🇧🇦 Bosnia and Herzegovina,Akamai,External,45
BA,🇧🇦 Bosnia and Herzegovina,Akamai,External,45
BA,🇧🇦 Bosnia and Herzegovina,Amazon,External,51
BA,🇧🇦 Bosnia and Herzegovina,Amazon,External,51
BA,🇧🇦 Bosnia and Herzegovina,Amazon,External,51
BA,🇧🇦 Bosnia and Herzegovina,Amazon,External,51
BA,🇧🇦 Bosnia and Herzegovina,Amazon,External,51
BA,🇧🇦 Bosnia and Herzegovina,Amazon,External,51
BA,🇧🇦 Bosnia and Herzegovina,Cdn77,External,12
BA,🇧🇦 Bosnia and Herzegovina,Cdn77,External,12
BA,🇧🇦 Bosnia and Herzegovina,Cdn77,External,12
BA,🇧🇦 Bosnia and Herzegovina,Cdn77,External,12
BA,🇧🇦 Bosnia and Herzegovina,Cdn77,External,12
BA,🇧🇦 Bosnia and Herzegovina,Cdn77,External,12
BA,🇧🇦 Bosnia and Herzegovina,Cloudflare,Regional,203
BA,🇧🇦 Bosnia and Herzegovina,Cloudflare,External,214
BA,🇧🇦 Bosnia and Herzegovina,Cloudflare,Regional,203
BA,🇧🇦 Bosnia and Herzegovina,Cloudflare,External,214
BA,🇧🇦 Bosnia and Herzegovina,Cloudflare,Regional,203
BA,🇧🇦 Bosnia and Herzegovina,Cloudflare,External,214
BA,🇧🇦 Bosnia and Herzegovina,Cloudflare,Regional,203
BA,🇧🇦 Bosnia and Herzegovina,Cloudflare,External,214
BA,🇧🇦 Bosnia and Herzegovina,Cloudflare,Regional,203
BA,🇧🇦 Bosnia and Herzegovina,Cloudflare,External,214
BA,🇧🇦 Bosnia and Herzegovina,Cloudflare,Regional,203
BA,🇧🇦 Bosnia and Herzegovina,Cloudflare,External,214
BA,🇧🇦 Bosnia and Herzegovina,Facebook,External,4
BA,🇧🇦 Bosnia and Herzegovina,Facebook,External,4
BA,🇧🇦 Bosnia and Herzegovina,Facebook,External,4
BA,🇧🇦 Bosnia and Herzegovina,Facebook,External,4
BA,🇧🇦 Bosnia and Herzegovina,Facebook,External,4
BA,🇧🇦 Bosnia and Herzegovina,Facebook,External,4
BA,🇧🇦 Bosnia and Herzegovina,Fastly,External,16
BA,🇧🇦 Bosnia and Herzegovina,Fastly,External,16
BA,🇧🇦 Bosnia and Herzegovina,Fastly,External,16
BA,🇧🇦 Bosnia and Herzegovina,Fastly,External,16
BA,🇧🇦 Bosnia and Herzegovina,Fastly,External,16
BA,🇧🇦 Bosnia and Herzegovina,Fastly,External,16
BA,🇧🇦 Bosnia and Herzegovina,Microsoft,External,12
BA,🇧🇦 Bosnia and Herzegovina,Microsoft,External,12
BA,🇧🇦 Bosnia and Herzegovina,Microsoft,External,12
BA,🇧🇦 Bosnia and Herzegovina,Microsoft,External,12
BA,🇧🇦 Bosnia and Herzegovina,Microsoft,External,12
BA,🇧🇦 Bosnia and Herzegovina,Microsoft,External,12
BA,🇧🇦 Bosnia and Herzegovina,Other,Local,91
BA,🇧🇦 Bosnia and Herzegovina,Other,External,352
BW,🇧🇼 Botswana,Akamai,Local,62
BW,🇧🇼 Botswana,Akamai,Local,62
BW,🇧🇼 Botswana,Akamai,Local,62
BW,🇧🇼 Botswana,Akamai,Local,62
BW,🇧🇼 Botswana,Alibaba,External,4
BW,🇧🇼 Botswana,Alibaba,External,4
BW,🇧🇼 Botswana,Alibaba,External,4
BW,🇧🇼 Botswana,Alibaba,External,4
BW,🇧🇼 Botswana,Amazon,Regional,29
BW,🇧🇼 Botswana,Amazon,External,86
BW,🇧🇼 Botswana,Amazon,Regional,29
BW,🇧🇼 Botswana,Amazon,External,86
BW,🇧🇼 Botswana,Amazon,Regional,29
BW,🇧🇼 Botswana,Amazon,External,86
BW,🇧🇼 Botswana,Amazon,Regional,29
BW,🇧🇼 Botswana,Amazon,External,86
BW,🇧🇼 Botswana,Cloudflare,Local,252
BW,🇧🇼 Botswana,Cloudflare,Regional,196
BW,🇧🇼 Botswana,Cloudflare,Local,252
BW,🇧🇼 Botswana,Cloudflare,Regional,196
BW,🇧🇼 Botswana,Cloudflare,Local,252
BW,🇧🇼 Botswana,Cloudflare,Regional,196
BW,🇧🇼 Botswana,Cloudflare,Local,252
BW,🇧🇼 Botswana,Cloudflare,Regional,196
BW,🇧🇼 Botswana,Facebook,External,9
BW,🇧🇼 Botswana,Facebook,External,9
BW,🇧🇼 Botswana,Facebook,External,9
BW,🇧🇼 Botswana,Facebook,External,9
BW,🇧🇼 Botswana,Fastly,Regional,16
BW,🇧🇼 Botswana,Fastly,External,13
BW,🇧🇼 Botswana,Fastly,Regional,16
BW,🇧🇼 Botswana,Fastly,External,13
BW,🇧🇼 Botswana,Fastly,Regional,16
BW,🇧🇼 Botswana,Fastly,External,13
BW,🇧🇼 Botswana,Fastly,Regional,16
BW,🇧🇼 Botswana,Fastly,External,13
BW,🇧🇼 Botswana,Microsoft,External,33
BW,🇧🇼 Botswana,Microsoft,External,33
BW,🇧🇼 Botswana,Microsoft,External,33
BW,🇧🇼 Botswana,Microsoft,External,33
BW,🇧🇼 Botswana,Other,Local,49
BW,🇧🇼 Botswana,Other,External,248
BR,🇧🇷 Brazil,Akamai,Local,94
BR,🇧🇷 Brazil,Akamai,Local,94
BR,🇧🇷 Brazil,Akamai,Local,94
BR,🇧🇷 Brazil,Akamai,Local,94
BR,🇧🇷 Brazil,Akamai,Local,94
BR,🇧🇷 Brazil,Akamai,Local,94
BR,🇧🇷 Brazil,Akamai,Local,94
BR,🇧🇷 Brazil,Akamai,Local,94
BR,🇧🇷 Brazil,Akamai,Local,94
BR,🇧🇷 Brazil,Akamai,Local,94
BR,🇧🇷 Brazil,Akamai,Local,94
BR,🇧🇷 Brazil,Amazon,Local,128
BR,🇧🇷 Brazil,Amazon,Local,128
BR,🇧🇷 Brazil,Amazon,Local,128
BR,🇧🇷 Brazil,Amazon,Local,128
BR,🇧🇷 Brazil,Amazon,Local,128
BR,🇧🇷 Brazil,Amazon,Local,128
BR,🇧🇷 Brazil,Amazon,Local,128
BR,🇧🇷 Brazil,Amazon,Local,128
BR,🇧🇷 Brazil,Amazon,Local,128
BR,🇧🇷 Brazil,Amazon,Local,128
BR,🇧🇷 Brazil,Amazon,Local,128
BR,🇧🇷 Brazil,Cdn77,Local,1
BR,🇧🇷 Brazil,Cdn77,Local,1
BR,🇧🇷 Brazil,Cdn77,Local,1
BR,🇧🇷 Brazil,Cdn77,Local,1
BR,🇧🇷 Brazil,Cdn77,Local,1
BR,🇧🇷 Brazil,Cdn77,Local,1
BR,🇧🇷 Brazil,Cdn77,Local,1
BR,🇧🇷 Brazil,Cdn77,Local,1
BR,🇧🇷 Brazil,Cdn77,Local,1
BR,🇧🇷 Brazil,Cdn77,Local,1
BR,🇧🇷 Brazil,Cdn77,Local,1
BR,🇧🇷 Brazil,Cloudflare,Local,423
BR,🇧🇷 Brazil,Cloudflare,Local,423
BR,🇧🇷 Brazil,Cloudflare,Local,423
BR,🇧🇷 Brazil,Cloudflare,Local,423
BR,🇧🇷 Brazil,Cloudflare,Local,423
BR,🇧🇷 Brazil,Cloudflare,Local,423
BR,🇧🇷 Brazil,Cloudflare,Local,423
BR,🇧🇷 Brazil,Cloudflare,Local,423
BR,🇧🇷 Brazil,Cloudflare,Local,423
BR,🇧🇷 Brazil,Cloudflare,Local,423
BR,🇧🇷 Brazil,Cloudflare,Local,423
BR,🇧🇷 Brazil,Facebook,External,9
BR,🇧🇷 Brazil,Facebook,External,9
BR,🇧🇷 Brazil,Facebook,External,9
BR,🇧🇷 Brazil,Facebook,External,9
BR,🇧🇷 Brazil,Facebook,External,9
BR,🇧🇷 Brazil,Facebook,External,9
BR,🇧🇷 Brazil,Facebook,External,9
BR,🇧🇷 Brazil,Facebook,External,9
BR,🇧🇷 Brazil,Facebook,External,9
BR,🇧🇷 Brazil,Facebook,External,9
BR,🇧🇷 Brazil,Facebook,External,9
BR,🇧🇷 Brazil,Fastly,Local,23
BR,🇧🇷 Brazil,Fastly,Local,23
BR,🇧🇷 Brazil,Fastly,Local,23
BR,🇧🇷 Brazil,Fastly,Local,23
BR,🇧🇷 Brazil,Fastly,Local,23
BR,🇧🇷 Brazil,Fastly,Local,23
BR,🇧🇷 Brazil,Fastly,Local,23
BR,🇧🇷 Brazil,Fastly,Local,23
BR,🇧🇷 Brazil,Fastly,Local,23
BR,🇧🇷 Brazil,Fastly,Local,23
BR,🇧🇷 Brazil,Fastly,Local,23
BR,🇧🇷 Brazil,Microsoft,Local,27
BR,🇧🇷 Brazil,Microsoft,Local,27
BR,🇧🇷 Brazil,Microsoft,Local,27
BR,🇧🇷 Brazil,Microsoft,Local,27
BR,🇧🇷 Brazil,Microsoft,Local,27
BR,🇧🇷 Brazil,Microsoft,Local,27
BR,🇧🇷 Brazil,Microsoft,Local,27
BR,🇧🇷 Brazil,Microsoft,Local,27
BR,🇧🇷 Brazil,Microsoft,Local,27
BR,🇧🇷 Brazil,Microsoft,Local,27
BR,🇧🇷 Brazil,Microsoft,Local,27
BR,🇧🇷 Brazil,Other,Local,156
BR,🇧🇷 Brazil,Other,External,139
IO,🇮🇴 British Indian Ocean Territory,Other,Local,0
IO,🇮🇴 British Indian Ocean Territory,Other,External,40
BN,🇧🇳 Brunei,Akamai,Local,52
BN,🇧🇳 Brunei,Alibaba,External,7
BN,🇧🇳 Brunei,Amazon,Regional,64
BN,🇧🇳 Brunei,Cdn77,Regional,2
BN,🇧🇳 Brunei,Cloudflare,External,546
BN,🇧🇳 Brunei,Facebook,External,7
BN,🇧🇳 Brunei,Fastly,Regional,27
BN,🇧🇳 Brunei,Microsoft,External,18
BN,🇧🇳 Brunei,Other,Local,47
BN,🇧🇳 Brunei,Other,External,230
BG,🇧🇬 Bulgaria,Akamai,Local,49
BG,🇧🇬 Bulgaria,Akamai,Local,49
BG,🇧🇬 Bulgaria,Akamai,Local,49
BG,🇧🇬 Bulgaria,Akamai,Local,49
BG,🇧🇬 Bulgaria,Akamai,Local,49
BG,🇧🇬 Bulgaria,Akamai,Local,49
BG,🇧🇬 Bulgaria,Akamai,Local,49
BG,🇧🇬 Bulgaria,Amazon,External,42
BG,🇧🇬 Bulgaria,Amazon,External,42
BG,🇧🇬 Bulgaria,Amazon,External,42
BG,🇧🇬 Bulgaria,Amazon,External,42
BG,🇧🇬 Bulgaria,Amazon,External,42
BG,🇧🇬 Bulgaria,Amazon,External,42
BG,🇧🇬 Bulgaria,Amazon,External,42
BG,🇧🇬 Bulgaria,Bunnycdn,External,1
BG,🇧🇬 Bulgaria,Bunnycdn,External,1
BG,🇧🇬 Bulgaria,Bunnycdn,External,1
BG,🇧🇬 Bulgaria,Bunnycdn,External,1
BG,🇧🇬 Bulgaria,Bunnycdn,External,1
BG,🇧🇬 Bulgaria,Bunnycdn,External,1
BG,🇧🇬 Bulgaria,Bunnycdn,External,1
BG,🇧🇬 Bulgaria,Cloudflare,Local,438
BG,🇧🇬 Bulgaria,Cloudflare,Local,438
BG,🇧🇬 Bulgaria,Cloudflare,Local,438
BG,🇧🇬 Bulgaria,Cloudflare,Local,438
BG,🇧🇬 Bulgaria,Cloudflare,Local,438
BG,🇧🇬 Bulgaria,Cloudflare,Local,438
BG,🇧🇬 Bulgaria,Cloudflare,Local,438
BG,🇧🇬 Bulgaria,Facebook,External,6
BG,🇧🇬 Bulgaria,Facebook,External,6
BG,🇧🇬 Bulgaria,Facebook,External,6
BG,🇧🇬 Bulgaria,Facebook,External,6
BG,🇧🇬 Bulgaria,Facebook,External,6
BG,🇧🇬 Bulgaria,Facebook,External,6
BG,🇧🇬 Bulgaria,Facebook,External,6
BG,🇧🇬 Bulgaria,Fastly,Local,10
BG,🇧🇬 Bulgaria,Fastly,Local,10
BG,🇧🇬 Bulgaria,Fastly,Local,10
BG,🇧🇬 Bulgaria,Fastly,Local,10
BG,🇧🇬 Bulgaria,Fastly,Local,10
BG,🇧🇬 Bulgaria,Fastly,Local,10
BG,🇧🇬 Bulgaria,Fastly,Local,10
BG,🇧🇬 Bulgaria,Microsoft,Local,6
BG,🇧🇬 Bulgaria,Microsoft,Local,6
BG,🇧🇬 Bulgaria,Microsoft,Local,6
BG,🇧🇬 Bulgaria,Microsoft,Local,6
BG,🇧🇬 Bulgaria,Microsoft,Local,6
BG,🇧🇬 Bulgaria,Microsoft,Local,6
BG,🇧🇬 Bulgaria,Microsoft,Local,6
BG,🇧🇬 Bulgaria,Other,Local,281
BG,🇧🇬 Bulgaria,Other,External,165
BF,🇧🇫 Burkina Faso,Akamai,External,39
BF,🇧🇫 Burkina Faso,Akamai,External,39
BF,🇧🇫 Burkina Faso,Akamai,External,39
BF,🇧🇫 Burkina Faso,Akamai,External,39
BF,🇧🇫 Burkina Faso,Akamai,External,39
BF,🇧🇫 Burkina Faso,Alibaba,External,4
BF,🇧🇫 Burkina Faso,Alibaba,External,4
BF,🇧🇫 Burkina Faso,Alibaba,External,4
BF,🇧🇫 Burkina Faso,Alibaba,External,4
BF,🇧🇫 Burkina Faso,Alibaba,External,4
BF,🇧🇫 Burkina Faso,Amazon,Regional,7
BF,🇧🇫 Burkina Faso,Amazon,External,78
BF,🇧🇫 Burkina Faso,Amazon,Regional,7
BF,🇧🇫 Burkina Faso,Amazon,External,78
BF,🇧🇫 Burkina Faso,Amazon,Regional,7
BF,🇧🇫 Burkina Faso,Amazon,External,78
BF,🇧🇫 Burkina Faso,Amazon,Regional,7
BF,🇧🇫 Burkina Faso,Amazon,External,78
BF,🇧🇫 Burkina Faso,Amazon,Regional,7
BF,🇧🇫 Burkina Faso,Amazon,External,78
BF,🇧🇫 Burkina Faso,Cdn77,External,1
BF,🇧🇫 Burkina Faso,Cdn77,External,1
BF,🇧🇫 Burkina Faso,Cdn77,External,1
BF,🇧🇫 Burkina Faso,Cdn77,External,1
BF,🇧🇫 Burkina Faso,Cdn77,External,1
BF,🇧🇫 Burkina Faso,Cloudflare,Regional,248
BF,🇧🇫 Burkina Faso,Cloudflare,Regional,248
BF,🇧🇫 Burkina Faso,Cloudflare,Regional,248
BF,🇧🇫 Burkina Faso,Cloudflare,Regional,248
BF,🇧🇫 Burkina Faso,Cloudflare,Regional,248
BF,🇧🇫 Burkina Faso,Facebook,External,10
BF,🇧🇫 Burkina Faso,Facebook,External,10
BF,🇧🇫 Burkina Faso,Facebook,External,10
BF,🇧🇫 Burkina Faso,Facebook,External,10
BF,🇧🇫 Burkina Faso,Facebook,External,10
BF,🇧🇫 Burkina Faso,Fastly,Regional,11
BF,🇧🇫 Burkina Faso,Fastly,External,13
BF,🇧🇫 Burkina Faso,Fastly,Regional,11
BF,🇧🇫 Burkina Faso,Fastly,External,13
BF,🇧🇫 Burkina Faso,Fastly,Regional,11
BF,🇧🇫 Burkina Faso,Fastly,External,13
BF,🇧🇫 Burkina Faso,Fastly,Regional,11
BF,🇧🇫 Burkina Faso,Fastly,External,13
BF,🇧🇫 Burkina Faso,Microsoft,External,8
BF,🇧🇫 Burkina Faso,Microsoft,External,8
BF,🇧🇫 Burkina Faso,Microsoft,External,8
BF,🇧🇫 Burkina Faso,Microsoft,External,8
BF,🇧🇫 Burkina Faso,Microsoft,External,8
BF,🇧🇫 Burkina Faso,Other,Local,21
BF,🇧🇫 Burkina Faso,Other,External,541
BI,🇧🇮 Burundi,Akamai,Local,60
BI,🇧🇮 Burundi,Akamai,Local,60
BI,🇧🇮 Burundi,Akamai,Local,60
BI,🇧🇮 Burundi,Alibaba,External,1
BI,🇧🇮 Burundi,Alibaba,External,1
BI,🇧🇮 Burundi,Alibaba,External,1
BI,🇧🇮 Burundi,Amazon,Regional,47
BI,🇧🇮 Burundi,Amazon,External,55
BI,🇧🇮 Burundi,Amazon,Regional,47
BI,🇧🇮 Burundi,Amazon,External,55
BI,🇧🇮 Burundi,Amazon,Regional,47
BI,🇧🇮 Burundi,Amazon,External,55
BI,🇧🇮 Burundi,Cloudflare,Regional,437
BI,🇧🇮 Burundi,Cloudflare,Regional,437
BI,🇧🇮 Burundi,Cloudflare,Regional,437
BI,🇧🇮 Burundi,Facebook,External,10
BI,🇧🇮 Burundi,Facebook,External,10
BI,🇧🇮 Burundi,Facebook,External,10
BI,🇧🇮 Burundi,Fastly,Regional,28
BI,🇧🇮 Burundi,Fastly,External,10
BI,🇧🇮 Burundi,Fastly,Regional,28
BI,🇧🇮 Burundi,Fastly,External,10
BI,🇧🇮 Burundi,Fastly,Regional,28
BI,🇧🇮 Burundi,Fastly,External,10
BI,🇧🇮 Burundi,Microsoft,External,19
BI,🇧🇮 Burundi,Microsoft,External,19
BI,🇧🇮 Burundi,Microsoft,External,19
BI,🇧🇮 Burundi,Other,Local,29
BI,🇧🇮 Burundi,Other,External,303
CV,🇨🇻 Cabo Verde,Akamai,External,111
CV,🇨🇻 Cabo Verde,Akamai,External,111
CV,🇨🇻 Cabo Verde,Akamai,External,111
CV,🇨🇻 Cabo Verde,Amazon,External,117
CV,🇨🇻 Cabo Verde,Amazon,External,117
CV,🇨🇻 Cabo Verde,Amazon,External,117
CV,🇨🇻 Cabo Verde,Cdn77,External,2
CV,🇨🇻 Cabo Verde,Cdn77,External,2
CV,🇨🇻 Cabo Verde,Cdn77,External,2
CV,🇨🇻 Cabo Verde,Cloudflare,External,333
CV,🇨🇻 Cabo Verde,Cloudflare,External,333
CV,🇨🇻 Cabo Verde,Cloudflare,External,333
CV,🇨🇻 Cabo Verde,Facebook,External,10
CV,🇨🇻 Cabo Verde,Facebook,External,10
CV,🇨🇻 Cabo Verde,Facebook,External,10
CV,🇨🇻 Cabo Verde,Fastly,External,46
CV,🇨🇻 Cabo Verde,Fastly,External,46
CV,🇨🇻 Cabo Verde,Fastly,External,46
CV,🇨🇻 Cabo Verde,Microsoft,External,25
CV,🇨🇻 Cabo Verde,Microsoft,External,25
CV,🇨🇻 Cabo Verde,Microsoft,External,25
CV,🇨🇻 Cabo Verde,Other,Local,43
CV,🇨🇻 Cabo Verde,Other,External,311
CV,🇨🇻 Cabo Verde,Wordpress,External,2
CV,🇨🇻 Cabo Verde,Wordpress,External,2
CV,🇨🇻 Cabo Verde,Wordpress,External,2
KH,🇰🇭 Cambodia,Akamai,Local,51
KH,🇰🇭 Cambodia,Akamai,Local,51
KH,🇰🇭 Cambodia,Akamai,Local,51
KH,🇰🇭 Cambodia,Akamai,Local,51
KH,🇰🇭 Cambodia,Akamai,Local,51
KH,🇰🇭 Cambodia,Akamai,Local,51
KH,🇰🇭 Cambodia,Alibaba,External,22
KH,🇰🇭 Cambodia,Alibaba,External,22
KH,🇰🇭 Cambodia,Alibaba,External,22
KH,🇰🇭 Cambodia,Alibaba,External,22
KH,🇰🇭 Cambodia,Alibaba,External,22
KH,🇰🇭 Cambodia,Alibaba,External,22
KH,🇰🇭 Cambodia,Amazon,Regional,102
KH,🇰🇭 Cambodia,Amazon,Regional,102
KH,🇰🇭 Cambodia,Amazon,Regional,102
KH,🇰🇭 Cambodia,Amazon,Regional,102
KH,🇰🇭 Cambodia,Cdn77,Regional,3
KH,🇰🇭 Cambodia,Cdn77,Regional,3
KH,🇰🇭 Cambodia,Cdn77,Regional,3
KH,🇰🇭 Cambodia,Cdn77,Regional,3
KH,🇰🇭 Cambodia,Cdn77,Regional,3
KH,🇰🇭 Cambodia,Cloudflare,Regional,77
KH,🇰🇭 Cambodia,Cloudflare,External,461
KH,🇰🇭 Cambodia,Cloudflare,Regional,77
KH,🇰🇭 Cambodia,Cloudflare,External,461
KH,🇰🇭 Cambodia,Cloudflare,Regional,77
KH,🇰🇭 Cambodia,Cloudflare,External,461
KH,🇰🇭 Cambodia,Cloudflare,Regional,77
KH,🇰🇭 Cambodia,Cloudflare,External,461
KH,🇰🇭 Cambodia,Cloudflare,Regional,77
KH,🇰🇭 Cambodia,Cloudflare,External,461
KH,🇰🇭 Cambodia,Facebook,External,13
KH,🇰🇭 Cambodia,Facebook,External,13
KH,🇰🇭 Cambodia,Facebook,External,13
KH,🇰🇭 Cambodia,Facebook,External,13
KH,🇰🇭 Cambodia,Facebook,External,13
KH,🇰🇭 Cambodia,Facebook,External,13
KH,🇰🇭 Cambodia,Fastly,Regional,23
KH,🇰🇭 Cambodia,Fastly,Regional,23
KH,🇰🇭 Cambodia,Fastly,Regional,23
KH,🇰🇭 Cambodia,Fastly,Regional,23
KH,🇰🇭 Cambodia,Fastly,Regional,23
KH,🇰🇭 Cambodia,Fastly,Regional,23
KH,🇰🇭 Cambodia,Microsoft,External,6
KH,🇰🇭 Cambodia,Microsoft,External,6
KH,🇰🇭 Cambodia,Microsoft,External,6
KH,🇰🇭 Cambodia,Microsoft,External,6
KH,🇰🇭 Cambodia,Microsoft,External,6
KH,🇰🇭 Cambodia,Microsoft,External,6
KH,🇰🇭 Cambodia,Other,Local,22
KH,🇰🇭 Cambodia,Other,External,219
CM,🇨🇲 Cameroon,Akamai,Local,67
CM,🇨🇲 Cameroon,Akamai,Local,67
CM,🇨🇲 Cameroon,Akamai,Local,67
CM,🇨🇲 Cameroon,Akamai,Local,67
CM,🇨🇲 Cameroon,Alibaba,External,3
CM,🇨🇲 Cameroon,Alibaba,External,3
CM,🇨🇲 Cameroon,Alibaba,External,3
CM,🇨🇲 Cameroon,Alibaba,External,3
CM,🇨🇲 Cameroon,Amazon,External,106
CM,🇨🇲 Cameroon,Amazon,External,106
CM,🇨🇲 Cameroon,Amazon,External,106
CM,🇨🇲 Cameroon,Amazon,External,106
CM,🇨🇲 Cameroon,Cloudflare,Regional,192
CM,🇨🇲 Cameroon,Cloudflare,External,198
CM,🇨🇲 Cameroon,Cloudflare,Regional,192
CM,🇨🇲 Cameroon,Cloudflare,External,198
CM,🇨🇲 Cameroon,Cloudflare,Regional,192
CM,🇨🇲 Cameroon,Cloudflare,External,198
CM,🇨🇲 Cameroon,Cloudflare,Regional,192
CM,🇨🇲 Cameroon,Cloudflare,External,198
CM,🇨🇲 Cameroon,Facebook,External,10
CM,🇨🇲 Cameroon,Facebook,External,10
CM,🇨🇲 Cameroon,Facebook,External,10
CM,🇨🇲 Cameroon,Facebook,External,10
CM,🇨🇲 Cameroon,Fastly,Regional,11
CM,🇨🇲 Cameroon,Fastly,External,14
CM,🇨🇲 Cameroon,Fastly,Regional,11
CM,🇨🇲 Cameroon,Fastly,External,14
CM,🇨🇲 Cameroon,Fastly,Regional,11
CM,🇨🇲 Cameroon,Fastly,External,14
CM,🇨🇲 Cameroon,Fastly,Regional,11
CM,🇨🇲 Cameroon,Fastly,External,14
CM,🇨🇲 Cameroon,Microsoft,External,12
CM,🇨🇲 Cameroon,Microsoft,External,12
CM,🇨🇲 Cameroon,Microsoft,External,12
CM,🇨🇲 Cameroon,Microsoft,External,12
CM,🇨🇲 Cameroon,Other,Local,40
CM,🇨🇲 Cameroon,Other,External,345
CA,🇨🇦 Canada,Akamai,Local,168
CA,🇨🇦 Canada,Akamai,Local,168
CA,🇨🇦 Canada,Akamai,Local,168
CA,🇨🇦 Canada,Akamai,Local,168
CA,🇨🇦 Canada,Akamai,Local,168
CA,🇨🇦 Canada,Akamai,Local,168
CA,🇨🇦 Canada,Akamai,Local,168
CA,🇨🇦 Canada,Akamai,Local,168
CA,🇨🇦 Canada,Akamai,Local,168
CA,🇨🇦 Canada,Akamai,Local,168
CA,🇨🇦 Canada,Akamai,Local,168
CA,🇨🇦 Canada,Akamai,Local,168
CA,🇨🇦 Canada,Akamai,Local,168
CA,🇨🇦 Canada,Amazon,Local,131
CA,🇨🇦 Canada,Amazon,Regional,5
CA,🇨🇦 Canada,Amazon,Local,131
CA,🇨🇦 Canada,Amazon,Regional,5
CA,🇨🇦 Canada,Amazon,Local,131
CA,🇨🇦 Canada,Amazon,Regional,5
CA,🇨🇦 Canada,Amazon,Local,131
CA,🇨🇦 Canada,Amazon,Regional,5
CA,🇨🇦 Canada,Amazon,Local,131
CA,🇨🇦 Canada,Amazon,Regional,5
CA,🇨🇦 Canada,Amazon,Local,131
CA,🇨🇦 Canada,Amazon,Regional,5
CA,🇨🇦 Canada,Amazon,Local,131
CA,🇨🇦 Canada,Amazon,Regional,5
CA,🇨🇦 Canada,Amazon,Local,131
CA,🇨🇦 Canada,Amazon,Regional,5
CA,🇨🇦 Canada,Amazon,Local,131
CA,🇨🇦 Canada,Amazon,Regional,5
CA,🇨🇦 Canada,Amazon,Local,131
CA,🇨🇦 Canada,Amazon,Regional,5
CA,🇨🇦 Canada,Amazon,Local,131
CA,🇨🇦 Canada,Amazon,Regional,5
CA,🇨🇦 Canada,Amazon,Local,131
CA,🇨🇦 Canada,Amazon,Regional,5
CA,🇨🇦 Canada,Amazon,Local,131
CA,🇨🇦 Canada,Amazon,Regional,5
CA,🇨🇦 Canada,Cloudflare,Local,271
CA,🇨🇦 Canada,Cloudflare,Regional,82
CA,🇨🇦 Canada,Cloudflare,Local,271
CA,🇨🇦 Canada,Cloudflare,Regional,82
CA,🇨🇦 Canada,Cloudflare,Local,271
CA,🇨🇦 Canada,Cloudflare,Regional,82
CA,🇨🇦 Canada,Cloudflare,Local,271
CA,🇨🇦 Canada,Cloudflare,Regional,82
CA,🇨🇦 Canada,Cloudflare,Local,271
CA,🇨🇦 Canada,Cloudflare,Regional,82
CA,🇨🇦 Canada,Cloudflare,Local,271
CA,🇨🇦 Canada,Cloudflare,Regional,82
CA,🇨🇦 Canada,Cloudflare,Local,271
CA,🇨🇦 Canada,Cloudflare,Regional,82
CA,🇨🇦 Canada,Cloudflare,Local,271
CA,🇨🇦 Canada,Cloudflare,Regional,82
CA,🇨🇦 Canada,Cloudflare,Local,271
CA,🇨🇦 Canada,Cloudflare,Regional,82
CA,🇨🇦 Canada,Cloudflare,Local,271
CA,🇨🇦 Canada,Cloudflare,Regional,82
CA,🇨🇦 Canada,Cloudflare,Local,271
CA,🇨🇦 Canada,Cloudflare,Regional,82
CA,🇨🇦 Canada,Cloudflare,Local,271
CA,🇨🇦 Canada,Cloudflare,Regional,82
CA,🇨🇦 Canada,Cloudflare,Local,271
CA,🇨🇦 Canada,Cloudflare,Regional,82
CA,🇨🇦 Canada,Facebook,External,8
CA,🇨🇦 Canada,Facebook,External,8
CA,🇨🇦 Canada,Facebook,External,8
CA,🇨🇦 Canada,Facebook,External,8
CA,🇨🇦 Canada,Facebook,External,8
CA,🇨🇦 Canada,Facebook,External,8
CA,🇨🇦 Canada,Facebook,External,8
CA,🇨🇦 Canada,Facebook,External,8
CA,🇨🇦 Canada,Facebook,External,8
CA,🇨🇦 Canada,Facebook,External,8
CA,🇨🇦 Canada,Facebook,External,8
CA,🇨🇦 Canada,Facebook,External,8
CA,🇨🇦 Canada,Facebook,External,8
CA,🇨🇦 Canada,Fastly,Local,60
CA,🇨🇦 Canada,Fastly,Regional,13
CA,🇨🇦 Canada,Fastly,Local,60
CA,🇨🇦 Canada,Fastly,Regional,13
CA,🇨🇦 Canada,Fastly,Local,60
CA,🇨🇦 Canada,Fastly,Regional,13
CA,🇨🇦 Canada,Fastly,Local,60
CA,🇨🇦 Canada,Fastly,Regional,13
CA,🇨🇦 Canada,Fastly,Local,60
CA,🇨🇦 Canada,Fastly,Regional,13
CA,🇨🇦 Canada,Fastly,Local,60
CA,🇨🇦 Canada,Fastly,Regional,13
CA,🇨🇦 Canada,Fastly,Local,60
CA,🇨🇦 Canada,Fastly,Regional,13
CA,🇨🇦 Canada,Fastly,Local,60
CA,🇨🇦 Canada,Fastly,Regional,13
CA,🇨🇦 Canada,Fastly,Local,60
CA,🇨🇦 Canada,Fastly,Regional,13
CA,🇨🇦 Canada,Fastly,Local,60
CA,🇨🇦 Canada,Fastly,Regional,13
CA,🇨🇦 Canada,Fastly,Local,60
CA,🇨🇦 Canada,Fastly,Regional,13
CA,🇨🇦 Canada,Fastly,Local,60
CA,🇨🇦 Canada,Fastly,Regional,13
CA,🇨🇦 Canada,Fastly,Local,60
CA,🇨🇦 Canada,Fastly,Regional,13
CA,🇨🇦 Canada,Microsoft,Local,23
CA,🇨🇦 Canada,Microsoft,Local,23
CA,🇨🇦 Canada,Microsoft,Local,23
CA,🇨🇦 Canada,Microsoft,Local,23
CA,🇨🇦 Canada,Microsoft,Local,23
CA,🇨🇦 Canada,Microsoft,Local,23
CA,🇨🇦 Canada,Microsoft,Local,23
CA,🇨🇦 Canada,Microsoft,Local,23
CA,🇨🇦 Canada,Microsoft,Local,23
CA,🇨🇦 Canada,Microsoft,Local,23
CA,🇨🇦 Canada,Microsoft,Local,23
CA,🇨🇦 Canada,Microsoft,Local,23
CA,🇨🇦 Canada,Microsoft,Local,23
CA,🇨🇦 Canada,Other,Local,66
CA,🇨🇦 Canada,Other,External,173
KY,🇰🇾 Cayman Islands,Akamai,External,157
KY,🇰🇾 Cayman Islands,Akamai,External,157
KY,🇰🇾 Cayman Islands,Akamai,External,157
KY,🇰🇾 Cayman Islands,Akamai,External,157
KY,🇰🇾 Cayman Islands,Alibaba,External,2
KY,🇰🇾 Cayman Islands,Alibaba,External,2
KY,🇰🇾 Cayman Islands,Alibaba,External,2
KY,🇰🇾 Cayman Islands,Alibaba,External,2
KY,🇰🇾 Cayman Islands,Amazon,External,137
KY,🇰🇾 Cayman Islands,Amazon,External,137
KY,🇰🇾 Cayman Islands,Amazon,External,137
KY,🇰🇾 Cayman Islands,Amazon,External,137
KY,🇰🇾 Cayman Islands,Cdn77,External,2
KY,🇰🇾 Cayman Islands,Cdn77,External,2
KY,🇰🇾 Cayman Islands,Cdn77,External,2
KY,🇰🇾 Cayman Islands,Cdn77,External,2
KY,🇰🇾 Cayman Islands,Cloudflare,External,297
KY,🇰🇾 Cayman Islands,Cloudflare,External,297
KY,🇰🇾 Cayman Islands,Cloudflare,External,297
KY,🇰🇾 Cayman Islands,Cloudflare,External,297
KY,🇰🇾 Cayman Islands,Facebook,External,9
KY,🇰🇾 Cayman Islands,Facebook,External,9
KY,🇰🇾 Cayman Islands,Facebook,External,9
KY,🇰🇾 Cayman Islands,Facebook,External,9
KY,🇰🇾 Cayman Islands,Fastly,External,79
KY,🇰🇾 Cayman Islands,Fastly,External,79
KY,🇰🇾 Cayman Islands,Fastly,External,79
KY,🇰🇾 Cayman Islands,Fastly,External,79
KY,🇰🇾 Cayman Islands,Microsoft,External,33
KY,🇰🇾 Cayman Islands,Microsoft,External,33
KY,🇰🇾 Cayman Islands,Microsoft,External,33
KY,🇰🇾 Cayman Islands,Microsoft,External,33
KY,🇰🇾 Cayman Islands,Other,Local,15
KY,🇰🇾 Cayman Islands,Other,External,269
CF,🇨🇫 Central African Republic,Other,Local,0
CF,🇨🇫 Central African Republic,Other,External,1000
TD,🇹🇩 Chad,Akamai,External,51
TD,🇹🇩 Chad,Akamai,External,51
TD,🇹🇩 Chad,Amazon,External,51
TD,🇹🇩 Chad,Amazon,External,51
TD,🇹🇩 Chad,Cloudflare,Regional,270
TD,🇹🇩 Chad,Cloudflare,External,80
TD,🇹🇩 Chad,Cloudflare,Regional,270
TD,🇹🇩 Chad,Cloudflare,External,80
TD,🇹🇩 Chad,Facebook,External,7
TD,🇹🇩 Chad,Facebook,External,7
TD,🇹🇩 Chad,Fastly,External,24
TD,🇹🇩 Chad,Fastly,External,24
TD,🇹🇩 Chad,Microsoft,External,13
TD,🇹🇩 Chad,Microsoft,External,13
TD,🇹🇩 Chad,Other,Local,0
TD,🇹🇩 Chad,Other,External,491
CL,🇨🇱 Chile,Akamai,Local,75
CL,🇨🇱 Chile,Akamai,Local,75
CL,🇨🇱 Chile,Akamai,Local,75
CL,🇨🇱 Chile,Akamai,Local,75
CL,🇨🇱 Chile,Akamai,Local,75
CL,🇨🇱 Chile,Akamai,Local,75
CL,🇨🇱 Chile,Akamai,Local,75
CL,🇨🇱 Chile,Amazon,External,167
CL,🇨🇱 Chile,Amazon,External,167
CL,🇨🇱 Chile,Amazon,External,167
CL,🇨🇱 Chile,Amazon,External,167
CL,🇨🇱 Chile,Amazon,External,167
CL,🇨🇱 Chile,Amazon,External,167
CL,🇨🇱 Chile,Amazon,External,167
CL,🇨🇱 Chile,Bunnycdn,External,1
CL,🇨🇱 Chile,Bunnycdn,External,1
CL,🇨🇱 Chile,Bunnycdn,External,1
CL,🇨🇱 Chile,Bunnycdn,External,1
CL,🇨🇱 Chile,Bunnycdn,External,1
CL,🇨🇱 Chile,Bunnycdn,External,1
CL,🇨🇱 Chile,Bunnycdn,External,1
CL,🇨🇱 Chile,Cdn77,External,1
CL,🇨🇱 Chile,Cdn77,External,1
CL,🇨🇱 Chile,Cdn77,External,1
CL,🇨🇱 Chile,Cdn77,External,1
CL,🇨🇱 Chile,Cdn77,External,1
CL,🇨🇱 Chile,Cdn77,External,1
CL,🇨🇱 Chile,Cdn77,External,1
CL,🇨🇱 Chile,Cloudflare,Local,247
CL,🇨🇱 Chile,Cloudflare,Regional,133
CL,🇨🇱 Chile,Cloudflare,Local,247
CL,🇨🇱 Chile,Cloudflare,Regional,133
CL,🇨🇱 Chile,Cloudflare,Local,247
CL,🇨🇱 Chile,Cloudflare,Regional,133
CL,🇨🇱 Chile,Cloudflare,Local,247
CL,🇨🇱 Chile,Cloudflare,Regional,133
CL,🇨🇱 Chile,Cloudflare,Local,247
CL,🇨🇱 Chile,Cloudflare,Regional,133
CL,🇨🇱 Chile,Cloudflare,Local,247
CL,🇨🇱 Chile,Cloudflare,Regional,133
CL,🇨🇱 Chile,Cloudflare,Local,247
CL,🇨🇱 Chile,Cloudflare,Regional,133
CL,🇨🇱 Chile,Facebook,External,9
CL,🇨🇱 Chile,Facebook,External,9
CL,🇨🇱 Chile,Facebook,External,9
CL,🇨🇱 Chile,Facebook,External,9
CL,🇨🇱 Chile,Facebook,External,9
CL,🇨🇱 Chile,Facebook,External,9
CL,🇨🇱 Chile,Facebook,External,9
CL,🇨🇱 Chile,Fastly,Local,56
CL,🇨🇱 Chile,Fastly,Local,56
CL,🇨🇱 Chile,Fastly,Local,56
CL,🇨🇱 Chile,Fastly,Local,56
CL,🇨🇱 Chile,Fastly,Local,56
CL,🇨🇱 Chile,Fastly,Local,56
CL,🇨🇱 Chile,Fastly,Local,56
CL,🇨🇱 Chile,Microsoft,Local,33
CL,🇨🇱 Chile,Microsoft,Local,33
CL,🇨🇱 Chile,Microsoft,Local,33
CL,🇨🇱 Chile,Microsoft,Local,33
CL,🇨🇱 Chile,Microsoft,Local,33
CL,🇨🇱 Chile,Microsoft,Local,33
CL,🇨🇱 Chile,Microsoft,Local,33
CL,🇨🇱 Chile,Other,Local,115
CL,🇨🇱 Chile,Other,External,163
CN,🇨🇳 China,Akamai,Local,63
CN,🇨🇳 China,Akamai,Local,63
CN,🇨🇳 China,Akamai,Local,63
CN,🇨🇳 China,Akamai,Local,63
CN,🇨🇳 China,Akamai,Local,63
CN,🇨🇳 China,Akamai,Local,63
CN,🇨🇳 China,Akamai,Local,63
CN,🇨🇳 China,Akamai,Local,63
CN,🇨🇳 China,Akamai,Local,63
CN,🇨🇳 China,Akamai,Local,63
CN,🇨🇳 China,Akamai,Local,63
CN,🇨🇳 China,Akamai,Local,63
CN,🇨🇳 China,Akamai,Local,63
CN,🇨🇳 China,Akamai,Local,63
CN,🇨🇳 China,Alibaba,External,103
CN,🇨🇳 China,Alibaba,External,103
CN,🇨🇳 China,Alibaba,External,103
CN,🇨🇳 China,Alibaba,External,103
CN,🇨🇳 China,Alibaba,External,103
CN,🇨🇳 China,Alibaba,External,103
CN,🇨🇳 China,Alibaba,External,103
CN,🇨🇳 China,Alibaba,External,103
CN,🇨🇳 China,Alibaba,External,103
CN,🇨🇳 China,Alibaba,External,103
CN,🇨🇳 China,Alibaba,External,103
CN,🇨🇳 China,Alibaba,External,103
CN,🇨🇳 China,Alibaba,External,103
CN,🇨🇳 China,Amazon,Regional,3
CN,🇨🇳 China,Amazon,External,48
CN,🇨🇳 China,Amazon,Regional,3
CN,🇨🇳 China,Amazon,External,48
CN,🇨🇳 China,Amazon,Regional,3
CN,🇨🇳 China,Amazon,External,48
CN,🇨🇳 China,Amazon,Regional,3
CN,🇨🇳 China,Amazon,External,48
CN,🇨🇳 China,Amazon,Regional,3
CN,🇨🇳 China,Amazon,External,48
CN,🇨🇳 China,Amazon,Regional,3
CN,🇨🇳 China,Amazon,External,48
CN,🇨🇳 China,Amazon,Regional,3
CN,🇨🇳 China,Amazon,External,48
CN,🇨🇳 China,Amazon,Regional,3
CN,🇨🇳 China,Amazon,External,48
CN,🇨🇳 China,Amazon,Regional,3
CN,🇨🇳 China,Amazon,External,48
CN,🇨🇳 China,Amazon,Regional,3
CN,🇨🇳 China,Amazon,External,48
CN,🇨🇳 China,Amazon,Regional,3
CN,🇨🇳 China,Amazon,External,48
CN,🇨🇳 China,Amazon,Regional,3
CN,🇨🇳 China,Amazon,External,48
CN,🇨🇳 China,Amazon,Regional,3
CN,🇨🇳 China,Amazon,External,48
CN,🇨🇳 China,Amazon,Regional,3
CN,🇨🇳 China,Amazon,External,48
CN,🇨🇳 China,Bunnycdn,External,1
CN,🇨🇳 China,Bunnycdn,External,1
CN,🇨🇳 China,Bunnycdn,External,1
CN,🇨🇳 China,Bunnycdn,External,1
CN,🇨🇳 China,Bunnycdn,External,1
CN,🇨🇳 China,Bunnycdn,External,1
CN,🇨🇳 China,Bunnycdn,External,1
CN,🇨🇳 China,Bunnycdn,External,1
CN,🇨🇳 China,Bunnycdn,External,1
CN,🇨🇳 China,Bunnycdn,External,1
CN,🇨🇳 China,Bunnycdn,External,1
CN,🇨🇳 China,Bunnycdn,External,1
CN,🇨🇳 China,Bunnycdn,External,1
CN,🇨🇳 China,Bunnycdn,External,1
CN,🇨🇳 China,Cdn77,External,1
CN,🇨🇳 China,Cdn77,External,1
CN,🇨🇳 China,Cdn77,External,1
CN,🇨🇳 China,Cdn77,External,1
CN,🇨🇳 China,Cdn77,External,1
CN,🇨🇳 China,Cdn77,External,1
CN,🇨🇳 China,Cdn77,External,1
CN,🇨🇳 China,Cdn77,External,1
CN,🇨🇳 China,Cdn77,External,1
CN,🇨🇳 China,Cdn77,External,1
CN,🇨🇳 China,Cdn77,External,1
CN,🇨🇳 China,Cdn77,External,1
CN,🇨🇳 China,Chinanetcenter,External,1
CN,🇨🇳 China,Chinanetcenter,External,1
CN,🇨🇳 China,Chinanetcenter,External,1
CN,🇨🇳 China,Chinanetcenter,External,1
CN,🇨🇳 China,Chinanetcenter,External,1
CN,🇨🇳 China,Chinanetcenter,External,1
CN,🇨🇳 China,Chinanetcenter,External,1
CN,🇨🇳 China,Chinanetcenter,External,1
CN,🇨🇳 China,Chinanetcenter,External,1
CN,🇨🇳 China,Chinanetcenter,External,1
CN,🇨🇳 China,Chinanetcenter,External,1
CN,🇨🇳 China,Chinanetcenter,External,1
CN,🇨🇳 China,Chinanetcenter,External,1
CN,🇨🇳 China,Chinanetcenter,External,1
CN,🇨🇳 China,Cloudflare,External,392
CN,🇨🇳 China,Cloudflare,External,392
CN,🇨🇳 China,Cloudflare,External,392
CN,🇨🇳 China,Cloudflare,External,392
CN,🇨🇳 China,Cloudflare,External,392
CN,🇨🇳 China,Cloudflare,External,392
CN,🇨🇳 China,Cloudflare,External,392
CN,🇨🇳 China,Cloudflare,External,392
CN,🇨🇳 China,Cloudflare,External,392
CN,🇨🇳 China,Cloudflare,External,392
CN,🇨🇳 China,Cloudflare,External,392
CN,🇨🇳 China,Cloudflare,External,392
CN,🇨🇳 China,Cloudflare,External,392
CN,🇨🇳 China,Cloudflare,External,392
CN,🇨🇳 China,Fastly,Regional,16
CN,🇨🇳 China,Fastly,External,2
CN,🇨🇳 China,Fastly,Regional,16
CN,🇨🇳 China,Fastly,External,2
CN,🇨🇳 China,Fastly,Regional,16
CN,🇨🇳 China,Fastly,External,2
CN,🇨🇳 China,Fastly,Regional,16
CN,🇨🇳 China,Fastly,External,2
CN,🇨🇳 China,Fastly,Regional,16
CN,🇨🇳 China,Fastly,External,2
CN,🇨🇳 China,Fastly,Regional,16
CN,🇨🇳 China,Fastly,External,2
CN,🇨🇳 China,Fastly,Regional,16
CN,🇨🇳 China,Fastly,External,2
CN,🇨🇳 China,Fastly,Regional,16
CN,🇨🇳 China,Fastly,External,2
CN,🇨🇳 China,Fastly,Regional,16
CN,🇨🇳 China,Fastly,External,2
CN,🇨🇳 China,Fastly,Regional,16
CN,🇨🇳 China,Fastly,External,2
CN,🇨🇳 China,Fastly,Regional,16
CN,🇨🇳 China,Fastly,External,2
CN,🇨🇳 China,Fastly,Regional,16
CN,🇨🇳 China,Fastly,External,2
CN,🇨🇳 China,Fastly,Regional,16
CN,🇨🇳 China,Fastly,External,2
CN,🇨🇳 China,Fastly,Regional,16
CN,🇨🇳 China,Fastly,External,2
CN,🇨🇳 China,Microsoft,External,16
CN,🇨🇳 China,Microsoft,External,16
CN,🇨🇳 China,Microsoft,External,16
CN,🇨🇳 China,Microsoft,External,16
CN,🇨🇳 China,Microsoft,External,16
CN,🇨🇳 China,Microsoft,External,16
CN,🇨🇳 China,Microsoft,External,16
CN,🇨🇳 China,Microsoft,External,16
CN,🇨🇳 China,Microsoft,External,16
CN,🇨🇳 China,Microsoft,External,16
CN,🇨🇳 China,Microsoft,External,16
CN,🇨🇳 China,Microsoft,External,16
CN,🇨🇳 China,Microsoft,External,16
CN,🇨🇳 China,Microsoft,External,16
CN,🇨🇳 China,Other,Local,5
CN,🇨🇳 China,Other,External,348
CO,🇨🇴 Colombia,Akamai,Local,91
CO,🇨🇴 Colombia,Akamai,Local,91
CO,🇨🇴 Colombia,Akamai,Local,91
CO,🇨🇴 Colombia,Akamai,Local,91
CO,🇨🇴 Colombia,Akamai,Local,91
CO,🇨🇴 Colombia,Akamai,Local,91
CO,🇨🇴 Colombia,Akamai,Local,91
CO,🇨🇴 Colombia,Akamai,Local,91
CO,🇨🇴 Colombia,Akamai,Local,91
CO,🇨🇴 Colombia,Akamai,Local,91
CO,🇨🇴 Colombia,Akamai,Local,91
CO,🇨🇴 Colombia,Akamai,Local,91
CO,🇨🇴 Colombia,Akamai,Local,91
CO,🇨🇴 Colombia,Akamai,Local,91
CO,🇨🇴 Colombia,Amazon,External,189
CO,🇨🇴 Colombia,Amazon,External,189
CO,🇨🇴 Colombia,Amazon,External,189
CO,🇨🇴 Colombia,Amazon,External,189
CO,🇨🇴 Colombia,Amazon,External,189
CO,🇨🇴 Colombia,Amazon,External,189
CO,🇨🇴 Colombia,Amazon,External,189
CO,🇨🇴 Colombia,Amazon,External,189
CO,🇨🇴 Colombia,Amazon,External,189
CO,🇨🇴 Colombia,Amazon,External,189
CO,🇨🇴 Colombia,Amazon,External,189
CO,🇨🇴 Colombia,Amazon,External,189
CO,🇨🇴 Colombia,Amazon,External,189
CO,🇨🇴 Colombia,Amazon,External,189
CO,🇨🇴 Colombia,Cdn77,External,1
CO,🇨🇴 Colombia,Cdn77,External,1
CO,🇨🇴 Colombia,Cdn77,External,1
CO,🇨🇴 Colombia,Cdn77,External,1
CO,🇨🇴 Colombia,Cdn77,External,1
CO,🇨🇴 Colombia,Cdn77,External,1
CO,🇨🇴 Colombia,Cdn77,External,1
CO,🇨🇴 Colombia,Cdn77,External,1
CO,🇨🇴 Colombia,Cdn77,External,1
CO,🇨🇴 Colombia,Cdn77,External,1
CO,🇨🇴 Colombia,Cdn77,External,1
CO,🇨🇴 Colombia,Cdn77,External,1
CO,🇨🇴 Colombia,Cdn77,External,1
CO,🇨🇴 Colombia,Cdn77,External,1
CO,🇨🇴 Colombia,Cloudflare,Local,269
CO,🇨🇴 Colombia,Cloudflare,Regional,20
CO,🇨🇴 Colombia,Cloudflare,External,4
CO,🇨🇴 Colombia,Cloudflare,Local,269
CO,🇨🇴 Colombia,Cloudflare,Regional,20
CO,🇨🇴 Colombia,Cloudflare,External,4
CO,🇨🇴 Colombia,Cloudflare,Local,269
CO,🇨🇴 Colombia,Cloudflare,Regional,20
CO,🇨🇴 Colombia,Cloudflare,External,4
CO,🇨🇴 Colombia,Cloudflare,Local,269
CO,🇨🇴 Colombia,Cloudflare,Regional,20
CO,🇨🇴 Colombia,Cloudflare,External,4
CO,🇨🇴 Colombia,Cloudflare,Local,269
CO,🇨🇴 Colombia,Cloudflare,Regional,20
CO,🇨🇴 Colombia,Cloudflare,External,4
CO,🇨🇴 Colombia,Cloudflare,Local,269
CO,🇨🇴 Colombia,Cloudflare,Regional,20
CO,🇨🇴 Colombia,Cloudflare,External,4
CO,🇨🇴 Colombia,Cloudflare,Local,269
CO,🇨🇴 Colombia,Cloudflare,Regional,20
CO,🇨🇴 Colombia,Cloudflare,External,4
CO,🇨🇴 Colombia,Cloudflare,Local,269
CO,🇨🇴 Colombia,Cloudflare,Regional,20
CO,🇨🇴 Colombia,Cloudflare,External,4
CO,🇨🇴 Colombia,Cloudflare,Local,269
CO,🇨🇴 Colombia,Cloudflare,Regional,20
CO,🇨🇴 Colombia,Cloudflare,External,4
CO,🇨🇴 Colombia,Cloudflare,Local,269
CO,🇨🇴 Colombia,Cloudflare,Regional,20
CO,🇨🇴 Colombia,Cloudflare,External,4
CO,🇨🇴 Colombia,Cloudflare,Local,269
CO,🇨🇴 Colombia,Cloudflare,Regional,20
CO,🇨🇴 Colombia,Cloudflare,External,4
CO,🇨🇴 Colombia,Cloudflare,Local,269
CO,🇨🇴 Colombia,Cloudflare,Regional,20
CO,🇨🇴 Colombia,Cloudflare,External,4
CO,🇨🇴 Colombia,Cloudflare,Local,269
CO,🇨🇴 Colombia,Cloudflare,Regional,20
CO,🇨🇴 Colombia,Cloudflare,External,4
CO,🇨🇴 Colombia,Cloudflare,Local,269
CO,🇨🇴 Colombia,Cloudflare,Regional,20
CO,🇨🇴 Colombia,Cloudflare,External,4
CO,🇨🇴 Colombia,Facebook,External,10
CO,🇨🇴 Colombia,Facebook,External,10
CO,🇨🇴 Colombia,Facebook,External,10
CO,🇨🇴 Colombia,Facebook,External,10
CO,🇨🇴 Colombia,Facebook,External,10
CO,🇨🇴 Colombia,Facebook,External,10
CO,🇨🇴 Colombia,Facebook,External,10
CO,🇨🇴 Colombia,Facebook,External,10
CO,🇨🇴 Colombia,Facebook,External,10
CO,🇨🇴 Colombia,Facebook,External,10
CO,🇨🇴 Colombia,Facebook,External,10
CO,🇨🇴 Colombia,Facebook,External,10
CO,🇨🇴 Colombia,Facebook,External,10
CO,🇨🇴 Colombia,Facebook,External,10
CO,🇨🇴 Colombia,Fastly,Local,35
CO,🇨🇴 Colombia,Fastly,Local,35
CO,🇨🇴 Colombia,Fastly,Local,35
CO,🇨🇴 Colombia,Fastly,Local,35
CO,🇨🇴 Colombia,Fastly,Local,35
CO,🇨🇴 Colombia,Fastly,Local,35
CO,🇨🇴 Colombia,Fastly,Local,35
CO,🇨🇴 Colombia,Fastly,Local,35
CO,🇨🇴 Colombia,Fastly,Local,35
CO,🇨🇴 Colombia,Fastly,Local,35
CO,🇨🇴 Colombia,Fastly,Local,35
CO,🇨🇴 Colombia,Fastly,Local,35
CO,🇨🇴 Colombia,Fastly,Local,35
CO,🇨🇴 Colombia,Fastly,Local,35
CO,🇨🇴 Colombia,Microsoft,Local,52
CO,🇨🇴 Colombia,Microsoft,Local,52
CO,🇨🇴 Colombia,Microsoft,Local,52
CO,🇨🇴 Colombia,Microsoft,Local,52
CO,🇨🇴 Colombia,Microsoft,Local,52
CO,🇨🇴 Colombia,Microsoft,Local,52
CO,🇨🇴 Colombia,Microsoft,Local,52
CO,🇨🇴 Colombia,Microsoft,Local,52
CO,🇨🇴 Colombia,Microsoft,Local,52
CO,🇨🇴 Colombia,Microsoft,Local,52
CO,🇨🇴 Colombia,Microsoft,Local,52
CO,🇨🇴 Colombia,Microsoft,Local,52
CO,🇨🇴 Colombia,Microsoft,Local,52
CO,🇨🇴 Colombia,Microsoft,Local,52
CO,🇨🇴 Colombia,Other,Local,80
CO,🇨🇴 Colombia,Other,External,249
CO,🇨🇴 Colombia,Wordpress,External,1
CO,🇨🇴 Colombia,Wordpress,External,1
CO,🇨🇴 Colombia,Wordpress,External,1
CO,🇨🇴 Colombia,Wordpress,External,1
CO,🇨🇴 Colombia,Wordpress,External,1
CO,🇨🇴 Colombia,Wordpress,External,1
CO,🇨🇴 Colombia,Wordpress,External,1
CO,🇨🇴 Colombia,Wordpress,External,1
CO,🇨🇴 Colombia,Wordpress,External,1
CO,🇨🇴 Colombia,Wordpress,External,1
CO,🇨🇴 Colombia,Wordpress,External,1
CO,🇨🇴 Colombia,Wordpress,External,1
CO,🇨🇴 Colombia,Wordpress,External,1
CO,🇨🇴 Colombia,Wordpress,External,1
KM,🇰🇲 Comoros,Akamai,External,112
KM,🇰🇲 Comoros,Alibaba,External,3
KM,🇰🇲 Comoros,Amazon,External,98
KM,🇰🇲 Comoros,Cloudflare,Regional,384
KM,🇰🇲 Comoros,Facebook,External,10
KM,🇰🇲 Comoros,Fastly,Regional,41
KM,🇰🇲 Comoros,Microsoft,External,15
KM,🇰🇲 Comoros,Other,Local,0
KM,🇰🇲 Comoros,Other,External,336
CG,🇨🇬 Congo,Akamai,External,92
CG,🇨🇬 Congo,Akamai,External,92
CG,🇨🇬 Congo,Akamai,External,92
CG,🇨🇬 Congo,Alibaba,External,3
CG,🇨🇬 Congo,Alibaba,External,3
CG,🇨🇬 Congo,Alibaba,External,3
CG,🇨🇬 Congo,Amazon,External,80
CG,🇨🇬 Congo,Amazon,External,80
CG,🇨🇬 Congo,Amazon,External,80
CG,🇨🇬 Congo,Cloudflare,Regional,465
CG,🇨🇬 Congo,Cloudflare,Regional,465
CG,🇨🇬 Congo,Cloudflare,Regional,465
CG,🇨🇬 Congo,Facebook,External,10
CG,🇨🇬 Congo,Facebook,External,10
CG,🇨🇬 Congo,Facebook,External,10
CG,🇨🇬 Congo,Fastly,Regional,25
CG,🇨🇬 Congo,Fastly,Regional,25
CG,🇨🇬 Congo,Fastly,Regional,25
CG,🇨🇬 Congo,Microsoft,External,21
CG,🇨🇬 Congo,Microsoft,External,21
CG,🇨🇬 Congo,Microsoft,External,21
CG,🇨🇬 Congo,Other,Local,3
CG,🇨🇬 Congo,Other,External,299
CD,🇨🇩 Congo (the Democratic Republic of the),Akamai,External,88
CD,🇨🇩 Congo (the Democratic Republic of the),Akamai,External,88
CD,🇨🇩 Congo (the Democratic Republic of the),Akamai,External,88
CD,🇨🇩 Congo (the Democratic Republic of the),Akamai,External,88
CD,🇨🇩 Congo (the Democratic Republic of the),Akamai,External,88
CD,🇨🇩 Congo (the Democratic Republic of the),Alibaba,External,6
CD,🇨🇩 Congo (the Democratic Republic of the),Alibaba,External,6
CD,🇨🇩 Congo (the Democratic Republic of the),Alibaba,External,6
CD,🇨🇩 Congo (the Democratic Republic of the),Alibaba,External,6
CD,🇨🇩 Congo (the Democratic Republic of the),Alibaba,External,6
CD,🇨🇩 Congo (the Democratic Republic of the),Amazon,Regional,26
CD,🇨🇩 Congo (the Democratic Republic of the),Amazon,External,68
CD,🇨🇩 Congo (the Democratic Republic of the),Amazon,Regional,26
CD,🇨🇩 Congo (the Democratic Republic of the),Amazon,External,68
CD,🇨🇩 Congo (the Democratic Republic of the),Amazon,Regional,26
CD,🇨🇩 Congo (the Democratic Republic of the),Amazon,External,68
CD,🇨🇩 Congo (the Democratic Republic of the),Amazon,Regional,26
CD,🇨🇩 Congo (the Democratic Republic of the),Amazon,External,68
CD,🇨🇩 Congo (the Democratic Republic of the),Amazon,Regional,26
CD,🇨🇩 Congo (the Democratic Republic of the),Amazon,External,68
CD,🇨🇩 Congo (the Democratic Republic of the),Cloudflare,Regional,440
CD,🇨🇩 Congo (the Democratic Republic of the),Cloudflare,Regional,440
CD,🇨🇩 Congo (the Democratic Republic of the),Cloudflare,Regional,440
CD,🇨🇩 Congo (the Democratic Republic of the),Cloudflare,Regional,440
CD,🇨🇩 Congo (the Democratic Republic of the),Cloudflare,Regional,440
CD,🇨🇩 Congo (the Democratic Republic of the),Facebook,External,12
CD,🇨🇩 Congo (the Democratic Republic of the),Facebook,External,12
CD,🇨🇩 Congo (the Democratic Republic of the),Facebook,External,12
CD,🇨🇩 Congo (the Democratic Republic of the),Facebook,External,12
CD,🇨🇩 Congo (the Democratic Republic of the),Facebook,External,12
CD,🇨🇩 Congo (the Democratic Republic of the),Fastly,Regional,19
CD,🇨🇩 Congo (the Democratic Republic of the),Fastly,External,9
CD,🇨🇩 Congo (the Democratic Republic of the),Fastly,Regional,19
CD,🇨🇩 Congo (the Democratic Republic of the),Fastly,External,9
CD,🇨🇩 Congo (the Democratic Republic of the),Fastly,Regional,19
CD,🇨🇩 Congo (the Democratic Republic of the),Fastly,External,9
CD,🇨🇩 Congo (the Democratic Republic of the),Fastly,Regional,19
CD,🇨🇩 Congo (the Democratic Republic of the),Fastly,External,9
CD,🇨🇩 Congo (the Democratic Republic of the),Fastly,Regional,19
CD,🇨🇩 Congo (the Democratic Republic of the),Fastly,External,9
CD,🇨🇩 Congo (the Democratic Republic of the),Microsoft,External,14
CD,🇨🇩 Congo (the Democratic Republic of the),Microsoft,External,14
CD,🇨🇩 Congo (the Democratic Republic of the),Microsoft,External,14
CD,🇨🇩 Congo (the Democratic Republic of the),Microsoft,External,14
CD,🇨🇩 Congo (the Democratic Republic of the),Microsoft,External,14
CD,🇨🇩 Congo (the Democratic Republic of the),Other,Local,13
CD,🇨🇩 Congo (the Democratic Republic of the),Other,External,302
CK,🇨🇰 Cook Islands,Akamai,External,62
CK,🇨🇰 Cook Islands,Akamai,External,62
CK,🇨🇰 Cook Islands,Amazon,External,93
CK,🇨🇰 Cook Islands,Amazon,External,93
CK,🇨🇰 Cook Islands,Cloudflare,External,158
CK,🇨🇰 Cook Islands,Cloudflare,External,158
CK,🇨🇰 Cook Islands,Facebook,External,5
CK,🇨🇰 Cook Islands,Facebook,External,5
CK,🇨🇰 Cook Islands,Fastly,External,42
CK,🇨🇰 Cook Islands,Fastly,External,42
CK,🇨🇰 Cook Islands,Microsoft,External,14
CK,🇨🇰 Cook Islands,Microsoft,External,14
CK,🇨🇰 Cook Islands,Other,Local,0
CK,🇨🇰 Cook Islands,Other,External,160
CR,🇨🇷 Costa Rica,Akamai,Local,85
CR,🇨🇷 Costa Rica,Akamai,Local,85
CR,🇨🇷 Costa Rica,Akamai,Local,85
CR,🇨🇷 Costa Rica,Akamai,Local,85
CR,🇨🇷 Costa Rica,Akamai,Local,85
CR,🇨🇷 Costa Rica,Akamai,Local,85
CR,🇨🇷 Costa Rica,Akamai,Local,85
CR,🇨🇷 Costa Rica,Akamai,Local,85
CR,🇨🇷 Costa Rica,Akamai,Local,85
CR,🇨🇷 Costa Rica,Alibaba,External,1
CR,🇨🇷 Costa Rica,Alibaba,External,1
CR,🇨🇷 Costa Rica,Alibaba,External,1
CR,🇨🇷 Costa Rica,Alibaba,External,1
CR,🇨🇷 Costa Rica,Alibaba,External,1
CR,🇨🇷 Costa Rica,Alibaba,External,1
CR,🇨🇷 Costa Rica,Alibaba,External,1
CR,🇨🇷 Costa Rica,Alibaba,External,1
CR,🇨🇷 Costa Rica,Alibaba,External,1
CR,🇨🇷 Costa Rica,Amazon,External,120
CR,🇨🇷 Costa Rica,Amazon,External,120
CR,🇨🇷 Costa Rica,Amazon,External,120
CR,🇨🇷 Costa Rica,Amazon,External,120
CR,🇨🇷 Costa Rica,Amazon,External,120
CR,🇨🇷 Costa Rica,Amazon,External,120
CR,🇨🇷 Costa Rica,Amazon,External,120
CR,🇨🇷 Costa Rica,Amazon,External,120
CR,🇨🇷 Costa Rica,Amazon,External,120
CR,🇨🇷 Costa Rica,Cdn77,External,1
CR,🇨🇷 Costa Rica,Cdn77,External,1
CR,🇨🇷 Costa Rica,Cdn77,External,1
CR,🇨🇷 Costa Rica,Cdn77,External,1
CR,🇨🇷 Costa Rica,Cdn77,External,1
CR,🇨🇷 Costa Rica,Cdn77,External,1
CR,🇨🇷 Costa Rica,Cdn77,External,1
CR,🇨🇷 Costa Rica,Cdn77,External,1
CR,🇨🇷 Costa Rica,Cdn77,External,1
CR,🇨🇷 Costa Rica,Cloudflare,Local,174
CR,🇨🇷 Costa Rica,Cloudflare,Regional,10
CR,🇨🇷 Costa Rica,Cloudflare,External,186
CR,🇨🇷 Costa Rica,Cloudflare,Local,174
CR,🇨🇷 Costa Rica,Cloudflare,Regional,10
CR,🇨🇷 Costa Rica,Cloudflare,External,186
CR,🇨🇷 Costa Rica,Cloudflare,Local,174
CR,🇨🇷 Costa Rica,Cloudflare,Regional,10
CR,🇨🇷 Costa Rica,Cloudflare,External,186
CR,🇨🇷 Costa Rica,Cloudflare,Local,174
CR,🇨🇷 Costa Rica,Cloudflare,Regional,10
CR,🇨🇷 Costa Rica,Cloudflare,External,186
CR,🇨🇷 Costa Rica,Cloudflare,Local,174
CR,🇨🇷 Costa Rica,Cloudflare,Regional,10
CR,🇨🇷 Costa Rica,Cloudflare,External,186
CR,🇨🇷 Costa Rica,Cloudflare,Local,174
CR,🇨🇷 Costa Rica,Cloudflare,Regional,10
CR,🇨🇷 Costa Rica,Cloudflare,External,186
CR,🇨🇷 Costa Rica,Cloudflare,Local,174
CR,🇨🇷 Costa Rica,Cloudflare,Regional,10
CR,🇨🇷 Costa Rica,Cloudflare,External,186
CR,🇨🇷 Costa Rica,Cloudflare,Local,174
CR,🇨🇷 Costa Rica,Cloudflare,Regional,10
CR,🇨🇷 Costa Rica,Cloudflare,External,186
CR,🇨🇷 Costa Rica,Cloudflare,Local,174
CR,🇨🇷 Costa Rica,Cloudflare,Regional,10
CR,🇨🇷 Costa Rica,Cloudflare,External,186
CR,🇨🇷 Costa Rica,Facebook,External,9
CR,🇨🇷 Costa Rica,Facebook,External,9
CR,🇨🇷 Costa Rica,Facebook,External,9
CR,🇨🇷 Costa Rica,Facebook,External,9
CR,🇨🇷 Costa Rica,Facebook,External,9
CR,🇨🇷 Costa Rica,Facebook,External,9
CR,🇨🇷 Costa Rica,Facebook,External,9
CR,🇨🇷 Costa Rica,Facebook,External,9
CR,🇨🇷 Costa Rica,Facebook,External,9
CR,🇨🇷 Costa Rica,Fastly,Regional,1
CR,🇨🇷 Costa Rica,Fastly,External,49
CR,🇨🇷 Costa Rica,Fastly,Regional,1
CR,🇨🇷 Costa Rica,Fastly,External,49
CR,🇨🇷 Costa Rica,Fastly,Regional,1
CR,🇨🇷 Costa Rica,Fastly,External,49
CR,🇨🇷 Costa Rica,Fastly,Regional,1
CR,🇨🇷 Costa Rica,Fastly,External,49
CR,🇨🇷 Costa Rica,Fastly,Regional,1
CR,🇨🇷 Costa Rica,Fastly,External,49
CR,🇨🇷 Costa Rica,Fastly,Regional,1
CR,🇨🇷 Costa Rica,Fastly,External,49
CR,🇨🇷 Costa Rica,Fastly,Regional,1
CR,🇨🇷 Costa Rica,Fastly,External,49
CR,🇨🇷 Costa Rica,Fastly,Regional,1
CR,🇨🇷 Costa Rica,Fastly,External,49
CR,🇨🇷 Costa Rica,Fastly,Regional,1
CR,🇨🇷 Costa Rica,Fastly,External,49
CR,🇨🇷 Costa Rica,Microsoft,External,59
CR,🇨🇷 Costa Rica,Microsoft,External,59
CR,🇨🇷 Costa Rica,Microsoft,External,59
CR,🇨🇷 Costa Rica,Microsoft,External,59
CR,🇨🇷 Costa Rica,Microsoft,External,59
CR,🇨🇷 Costa Rica,Microsoft,External,59
CR,🇨🇷 Costa Rica,Microsoft,External,59
CR,🇨🇷 Costa Rica,Microsoft,External,59
CR,🇨🇷 Costa Rica,Microsoft,External,59
CR,🇨🇷 Costa Rica,Other,Local,87
CR,🇨🇷 Costa Rica,Other,External,218
CI,🇨🇮 Côte d'Ivoire,Akamai,External,75
CI,🇨🇮 Côte d'Ivoire,Akamai,External,75
CI,🇨🇮 Côte d'Ivoire,Akamai,External,75
CI,🇨🇮 Côte d'Ivoire,Alibaba,External,3
CI,🇨🇮 Côte d'Ivoire,Alibaba,External,3
CI,🇨🇮 Côte d'Ivoire,Alibaba,External,3
CI,🇨🇮 Côte d'Ivoire,Amazon,External,103
CI,🇨🇮 Côte d'Ivoire,Amazon,External,103
CI,🇨🇮 Côte d'Ivoire,Amazon,External,103
CI,🇨🇮 Côte d'Ivoire,Cloudflare,Regional,23
CI,🇨🇮 Côte d'Ivoire,Cloudflare,External,384
CI,🇨🇮 Côte d'Ivoire,Cloudflare,Regional,23
CI,🇨🇮 Côte d'Ivoire,Cloudflare,External,384
CI,🇨🇮 Côte d'Ivoire,Cloudflare,Regional,23
CI,🇨🇮 Côte d'Ivoire,Cloudflare,External,384
CI,🇨🇮 Côte d'Ivoire,Facebook,External,11
CI,🇨🇮 Côte d'Ivoire,Facebook,External,11
CI,🇨🇮 Côte d'Ivoire,Facebook,External,11
CI,🇨🇮 Côte d'Ivoire,Fastly,Regional,7
CI,🇨🇮 Côte d'Ivoire,Fastly,External,17
CI,🇨🇮 Côte d'Ivoire,Fastly,Regional,7
CI,🇨🇮 Côte d'Ivoire,Fastly,External,17
CI,🇨🇮 Côte d'Ivoire,Fastly,Regional,7
CI,🇨🇮 Côte d'Ivoire,Fastly,External,17
CI,🇨🇮 Côte d'Ivoire,Microsoft,External,20
CI,🇨🇮 Côte d'Ivoire,Microsoft,External,20
CI,🇨🇮 Côte d'Ivoire,Microsoft,External,20
CI,🇨🇮 Côte d'Ivoire,Other,Local,27
CI,🇨🇮 Côte d'Ivoire,Other,External,324
HR,🇭🇷 Croatia,Akamai,Local,61
HR,🇭🇷 Croatia,Akamai,Local,61
HR,🇭🇷 Croatia,Akamai,Local,61
HR,🇭🇷 Croatia,Akamai,Local,61
HR,🇭🇷 Croatia,Akamai,Local,61
HR,🇭🇷 Croatia,Akamai,Local,61
HR,🇭🇷 Croatia,Akamai,Local,61
HR,🇭🇷 Croatia,Amazon,Regional,12
HR,🇭🇷 Croatia,Amazon,External,44
HR,🇭🇷 Croatia,Amazon,Regional,12
HR,🇭🇷 Croatia,Amazon,External,44
HR,🇭🇷 Croatia,Amazon,Regional,12
HR,🇭🇷 Croatia,Amazon,External,44
HR,🇭🇷 Croatia,Amazon,Regional,12
HR,🇭🇷 Croatia,Amazon,External,44
HR,🇭🇷 Croatia,Amazon,Regional,12
HR,🇭🇷 Croatia,Amazon,External,44
HR,🇭🇷 Croatia,Amazon,Regional,12
HR,🇭🇷 Croatia,Amazon,External,44
HR,🇭🇷 Croatia,Amazon,Regional,12
HR,🇭🇷 Croatia,Amazon,External,44
HR,🇭🇷 Croatia,Bunnycdn,External,2
HR,🇭🇷 Croatia,Bunnycdn,External,2
HR,🇭🇷 Croatia,Bunnycdn,External,2
HR,🇭🇷 Croatia,Bunnycdn,External,2
HR,🇭🇷 Croatia,Bunnycdn,External,2
HR,🇭🇷 Croatia,Bunnycdn,External,2
HR,🇭🇷 Croatia,Bunnycdn,External,2
HR,🇭🇷 Croatia,Cdn77,External,4
HR,🇭🇷 Croatia,Cdn77,External,4
HR,🇭🇷 Croatia,Cdn77,External,4
HR,🇭🇷 Croatia,Cdn77,External,4
HR,🇭🇷 Croatia,Cdn77,External,4
HR,🇭🇷 Croatia,Cdn77,External,4
HR,🇭🇷 Croatia,Cdn77,External,4
HR,🇭🇷 Croatia,Cloudflare,Local,190
HR,🇭🇷 Croatia,Cloudflare,External,223
HR,🇭🇷 Croatia,Cloudflare,Local,190
HR,🇭🇷 Croatia,Cloudflare,External,223
HR,🇭🇷 Croatia,Cloudflare,Local,190
HR,🇭🇷 Croatia,Cloudflare,External,223
HR,🇭🇷 Croatia,Cloudflare,Local,190
HR,🇭🇷 Croatia,Cloudflare,External,223
HR,🇭🇷 Croatia,Cloudflare,Local,190
HR,🇭🇷 Croatia,Cloudflare,External,223
HR,🇭🇷 Croatia,Cloudflare,Local,190
HR,🇭🇷 Croatia,Cloudflare,External,223
HR,🇭🇷 Croatia,Cloudflare,Local,190
HR,🇭🇷 Croatia,Cloudflare,External,223
HR,🇭🇷 Croatia,Facebook,External,6
HR,🇭🇷 Croatia,Facebook,External,6
HR,🇭🇷 Croatia,Facebook,External,6
HR,🇭🇷 Croatia,Facebook,External,6
HR,🇭🇷 Croatia,Facebook,External,6
HR,🇭🇷 Croatia,Facebook,External,6
HR,🇭🇷 Croatia,Facebook,External,6
HR,🇭🇷 Croatia,Fastly,External,19
HR,🇭🇷 Croatia,Fastly,External,19
HR,🇭🇷 Croatia,Fastly,External,19
HR,🇭🇷 Croatia,Fastly,External,19
HR,🇭🇷 Croatia,Fastly,External,19
HR,🇭🇷 Croatia,Fastly,External,19
HR,🇭🇷 Croatia,Fastly,External,19
HR,🇭🇷 Croatia,Microsoft,Local,17
HR,🇭🇷 Croatia,Microsoft,Local,17
HR,🇭🇷 Croatia,Microsoft,Local,17
HR,🇭🇷 Croatia,Microsoft,Local,17
HR,🇭🇷 Croatia,Microsoft,Local,17
HR,🇭🇷 Croatia,Microsoft,Local,17
HR,🇭🇷 Croatia,Microsoft,Local,17
HR,🇭🇷 Croatia,Other,Local,184
HR,🇭🇷 Croatia,Other,External,238
CU,🇨🇺 Cuba,Akamai,External,58
CU,🇨🇺 Cuba,Alibaba,External,1
CU,🇨🇺 Cuba,Amazon,External,69
CU,🇨🇺 Cuba,Cdn77,External,7
CU,🇨🇺 Cuba,Cloudflare,External,424
CU,🇨🇺 Cuba,Facebook,External,7
CU,🇨🇺 Cuba,Fastly,External,45
CU,🇨🇺 Cuba,Microsoft,External,6
CU,🇨🇺 Cuba,Other,Local,72
CU,🇨🇺 Cuba,Other,External,308
CW,🇨🇼 Curaçao,Akamai,Local,144
CW,🇨🇼 Curaçao,Akamai,Local,144
CW,🇨🇼 Curaçao,Akamai,Local,144
CW,🇨🇼 Curaçao,Amazon,External,119
CW,🇨🇼 Curaçao,Amazon,External,119
CW,🇨🇼 Curaçao,Amazon,External,119
CW,🇨🇼 Curaçao,Cdn77,External,1
CW,🇨🇼 Curaçao,Cdn77,External,1
CW,🇨🇼 Curaçao,Cdn77,External,1
CW,🇨🇼 Curaçao,Cloudflare,External,313
CW,🇨🇼 Curaçao,Cloudflare,External,313
CW,🇨🇼 Curaçao,Cloudflare,External,313
CW,🇨🇼 Curaçao,Facebook,External,10
CW,🇨🇼 Curaçao,Facebook,External,10
CW,🇨🇼 Curaçao,Facebook,External,10
CW,🇨🇼 Curaçao,Fastly,External,52
CW,🇨🇼 Curaçao,Fastly,External,52
CW,🇨🇼 Curaçao,Fastly,External,52
CW,🇨🇼 Curaçao,Microsoft,External,25
CW,🇨🇼 Curaçao,Microsoft,External,25
CW,🇨🇼 Curaçao,Microsoft,External,25
CW,🇨🇼 Curaçao,Other,Local,20
CW,🇨🇼 Curaçao,Other,External,316
CY,🇨🇾 Cyprus,Akamai,Local,105
CY,🇨🇾 Cyprus,Akamai,Local,105
CY,🇨🇾 Cyprus,Akamai,Local,105
CY,🇨🇾 Cyprus,Akamai,Local,105
CY,🇨🇾 Cyprus,Akamai,Local,105
CY,🇨🇾 Cyprus,Akamai,Local,105
CY,🇨🇾 Cyprus,Akamai,Local,105
CY,🇨🇾 Cyprus,Akamai,Local,105
CY,🇨🇾 Cyprus,Amazon,Regional,3
CY,🇨🇾 Cyprus,Amazon,External,56
CY,🇨🇾 Cyprus,Amazon,Regional,3
CY,🇨🇾 Cyprus,Amazon,External,56
CY,🇨🇾 Cyprus,Amazon,Regional,3
CY,🇨🇾 Cyprus,Amazon,External,56
CY,🇨🇾 Cyprus,Amazon,Regional,3
CY,🇨🇾 Cyprus,Amazon,External,56
CY,🇨🇾 Cyprus,Amazon,Regional,3
CY,🇨🇾 Cyprus,Amazon,External,56
CY,🇨🇾 Cyprus,Amazon,Regional,3
CY,🇨🇾 Cyprus,Amazon,External,56
CY,🇨🇾 Cyprus,Amazon,Regional,3
CY,🇨🇾 Cyprus,Amazon,External,56
CY,🇨🇾 Cyprus,Amazon,Regional,3
CY,🇨🇾 Cyprus,Amazon,External,56
CY,🇨🇾 Cyprus,Cloudflare,Local,258
CY,🇨🇾 Cyprus,Cloudflare,Regional,68
CY,🇨🇾 Cyprus,Cloudflare,External,83
CY,🇨🇾 Cyprus,Cloudflare,Local,258
CY,🇨🇾 Cyprus,Cloudflare,Regional,68
CY,🇨🇾 Cyprus,Cloudflare,External,83
CY,🇨🇾 Cyprus,Cloudflare,Local,258
CY,🇨🇾 Cyprus,Cloudflare,Regional,68
CY,🇨🇾 Cyprus,Cloudflare,External,83
CY,🇨🇾 Cyprus,Cloudflare,Local,258
CY,🇨🇾 Cyprus,Cloudflare,Regional,68
CY,🇨🇾 Cyprus,Cloudflare,External,83
CY,🇨🇾 Cyprus,Cloudflare,Local,258
CY,🇨🇾 Cyprus,Cloudflare,Regional,68
CY,🇨🇾 Cyprus,Cloudflare,External,83
CY,🇨🇾 Cyprus,Cloudflare,Local,258
CY,🇨🇾 Cyprus,Cloudflare,Regional,68
CY,🇨🇾 Cyprus,Cloudflare,External,83
CY,🇨🇾 Cyprus,Cloudflare,Local,258
CY,🇨🇾 Cyprus,Cloudflare,Regional,68
CY,🇨🇾 Cyprus,Cloudflare,External,83
CY,🇨🇾 Cyprus,Cloudflare,Local,258
CY,🇨🇾 Cyprus,Cloudflare,Regional,68
CY,🇨🇾 Cyprus,Cloudflare,External,83
CY,🇨🇾 Cyprus,Facebook,External,7
CY,🇨🇾 Cyprus,Facebook,External,7
CY,🇨🇾 Cyprus,Facebook,External,7
CY,🇨🇾 Cyprus,Facebook,External,7
CY,🇨🇾 Cyprus,Facebook,External,7
CY,🇨🇾 Cyprus,Facebook,External,7
CY,🇨🇾 Cyprus,Facebook,External,7
CY,🇨🇾 Cyprus,Facebook,External,7
CY,🇨🇾 Cyprus,Fastly,External,24
CY,🇨🇾 Cyprus,Fastly,External,24
CY,🇨🇾 Cyprus,Fastly,External,24
CY,🇨🇾 Cyprus,Fastly,External,24
CY,🇨🇾 Cyprus,Fastly,External,24
CY,🇨🇾 Cyprus,Fastly,External,24
CY,🇨🇾 Cyprus,Fastly,External,24
CY,🇨🇾 Cyprus,Fastly,External,24
CY,🇨🇾 Cyprus,Medianova,External,1
CY,🇨🇾 Cyprus,Medianova,External,1
CY,🇨🇾 Cyprus,Medianova,External,1
CY,🇨🇾 Cyprus,Medianova,External,1
CY,🇨🇾 Cyprus,Medianova,External,1
CY,🇨🇾 Cyprus,Microsoft,External,19
CY,🇨🇾 Cyprus,Microsoft,External,19
CY,🇨🇾 Cyprus,Microsoft,External,19
CY,🇨🇾 Cyprus,Microsoft,External,19
CY,🇨🇾 Cyprus,Microsoft,External,19
CY,🇨🇾 Cyprus,Microsoft,External,19
CY,🇨🇾 Cyprus,Microsoft,External,19
CY,🇨🇾 Cyprus,Microsoft,External,19
CY,🇨🇾 Cyprus,Other,Local,88
CY,🇨🇾 Cyprus,Other,External,288
CZ,🇨🇿 Czechia,Akamai,Local,48
CZ,🇨🇿 Czechia,Akamai,Local,48
CZ,🇨🇿 Czechia,Akamai,Local,48
CZ,🇨🇿 Czechia,Akamai,Local,48
CZ,🇨🇿 Czechia,Akamai,Local,48
CZ,🇨🇿 Czechia,Akamai,Local,48
CZ,🇨🇿 Czechia,Amazon,External,57
CZ,🇨🇿 Czechia,Amazon,External,57
CZ,🇨🇿 Czechia,Amazon,External,57
CZ,🇨🇿 Czechia,Amazon,External,57
CZ,🇨🇿 Czechia,Amazon,External,57
CZ,🇨🇿 Czechia,Amazon,External,57
CZ,🇨🇿 Czechia,Cdn77,External,1
CZ,🇨🇿 Czechia,Cdn77,External,1
CZ,🇨🇿 Czechia,Cdn77,External,1
CZ,🇨🇿 Czechia,Cdn77,External,1
CZ,🇨🇿 Czechia,Cdn77,External,1
CZ,🇨🇿 Czechia,Cdn77,External,1
CZ,🇨🇿 Czechia,Cloudflare,Local,281
CZ,🇨🇿 Czechia,Cloudflare,Local,281
CZ,🇨🇿 Czechia,Cloudflare,Local,281
CZ,🇨🇿 Czechia,Cloudflare,Local,281
CZ,🇨🇿 Czechia,Cloudflare,Local,281
CZ,🇨🇿 Czechia,Cloudflare,Local,281
CZ,🇨🇿 Czechia,Facebook,External,5
CZ,🇨🇿 Czechia,Facebook,External,5
CZ,🇨🇿 Czechia,Facebook,External,5
CZ,🇨🇿 Czechia,Facebook,External,5
CZ,🇨🇿 Czechia,Facebook,External,5
CZ,🇨🇿 Czechia,Facebook,External,5
CZ,🇨🇿 Czechia,Fastly,External,12
CZ,🇨🇿 Czechia,Fastly,External,12
CZ,🇨🇿 Czechia,Fastly,External,12
CZ,🇨🇿 Czechia,Fastly,External,12
CZ,🇨🇿 Czechia,Fastly,External,12
CZ,🇨🇿 Czechia,Fastly,External,12
CZ,🇨🇿 Czechia,Microsoft,Local,24
CZ,🇨🇿 Czechia,Microsoft,Local,24
CZ,🇨🇿 Czechia,Microsoft,Local,24
CZ,🇨🇿 Czechia,Microsoft,Local,24
CZ,🇨🇿 Czechia,Microsoft,Local,24
CZ,🇨🇿 Czechia,Microsoft,Local,24
CZ,🇨🇿 Czechia,Other,Local,425
CZ,🇨🇿 Czechia,Other,External,147
DK,🇩🇰 Denmark,Akamai,Local,67
DK,🇩🇰 Denmark,Akamai,Local,67
DK,🇩🇰 Denmark,Akamai,Local,67
DK,🇩🇰 Denmark,Akamai,Local,67
DK,🇩🇰 Denmark,Akamai,Local,67
DK,🇩🇰 Denmark,Akamai,Local,67
DK,🇩🇰 Denmark,Akamai,Local,67
DK,🇩🇰 Denmark,Akamai,Local,67
DK,🇩🇰 Denmark,Akamai,Local,67
DK,🇩🇰 Denmark,Amazon,Local,2
DK,🇩🇰 Denmark,Amazon,Regional,25
DK,🇩🇰 Denmark,Amazon,External,75
DK,🇩🇰 Denmark,Amazon,Local,2
DK,🇩🇰 Denmark,Amazon,Regional,25
DK,🇩🇰 Denmark,Amazon,External,75
DK,🇩🇰 Denmark,Amazon,Local,2
DK,🇩🇰 Denmark,Amazon,Regional,25
DK,🇩🇰 Denmark,Amazon,External,75
DK,🇩🇰 Denmark,Amazon,Local,2
DK,🇩🇰 Denmark,Amazon,Regional,25
DK,🇩🇰 Denmark,Amazon,External,75
DK,🇩🇰 Denmark,Amazon,Local,2
DK,🇩🇰 Denmark,Amazon,Regional,25
DK,🇩🇰 Denmark,Amazon,External,75
DK,🇩🇰 Denmark,Amazon,Local,2
DK,🇩🇰 Denmark,Amazon,Regional,25
DK,🇩🇰 Denmark,Amazon,External,75
DK,🇩🇰 Denmark,Amazon,Local,2
DK,🇩🇰 Denmark,Amazon,Regional,25
DK,🇩🇰 Denmark,Amazon,External,75
DK,🇩🇰 Denmark,Amazon,Local,2
DK,🇩🇰 Denmark,Amazon,Regional,25
DK,🇩🇰 Denmark,Amazon,External,75
DK,🇩🇰 Denmark,Amazon,Local,2
DK,🇩🇰 Denmark,Amazon,Regional,25
DK,🇩🇰 Denmark,Amazon,External,75
DK,🇩🇰 Denmark,Cloudflare,Local,361
DK,🇩🇰 Denmark,Cloudflare,External,7
DK,🇩🇰 Denmark,Cloudflare,Local,361
DK,🇩🇰 Denmark,Cloudflare,External,7
DK,🇩🇰 Denmark,Cloudflare,Local,361
DK,🇩🇰 Denmark,Cloudflare,External,7
DK,🇩🇰 Denmark,Cloudflare,Local,361
DK,🇩🇰 Denmark,Cloudflare,External,7
DK,🇩🇰 Denmark,Cloudflare,Local,361
DK,🇩🇰 Denmark,Cloudflare,External,7
DK,🇩🇰 Denmark,Cloudflare,Local,361
DK,🇩🇰 Denmark,Cloudflare,External,7
DK,🇩🇰 Denmark,Cloudflare,Local,361
DK,🇩🇰 Denmark,Cloudflare,External,7
DK,🇩🇰 Denmark,Cloudflare,Local,361
DK,🇩🇰 Denmark,Cloudflare,External,7
DK,🇩🇰 Denmark,Cloudflare,Local,361
DK,🇩🇰 Denmark,Cloudflare,External,7
DK,🇩🇰 Denmark,Facebook,External,8
DK,🇩🇰 Denmark,Facebook,External,8
DK,🇩🇰 Denmark,Facebook,External,8
DK,🇩🇰 Denmark,Facebook,External,8
DK,🇩🇰 Denmark,Facebook,External,8
DK,🇩🇰 Denmark,Facebook,External,8
DK,🇩🇰 Denmark,Facebook,External,8
DK,🇩🇰 Denmark,Facebook,External,8
DK,🇩🇰 Denmark,Facebook,External,8
DK,🇩🇰 Denmark,Fastly,Local,50
DK,🇩🇰 Denmark,Fastly,Local,50
DK,🇩🇰 Denmark,Fastly,Local,50
DK,🇩🇰 Denmark,Fastly,Local,50
DK,🇩🇰 Denmark,Fastly,Local,50
DK,🇩🇰 Denmark,Fastly,Local,50
DK,🇩🇰 Denmark,Fastly,Local,50
DK,🇩🇰 Denmark,Fastly,Local,50
DK,🇩🇰 Denmark,Fastly,Local,50
DK,🇩🇰 Denmark,Microsoft,Local,68
DK,🇩🇰 Denmark,Microsoft,Local,68
DK,🇩🇰 Denmark,Microsoft,Local,68
DK,🇩🇰 Denmark,Microsoft,Local,68
DK,🇩🇰 Denmark,Microsoft,Local,68
DK,🇩🇰 Denmark,Microsoft,Local,68
DK,🇩🇰 Denmark,Microsoft,Local,68
DK,🇩🇰 Denmark,Microsoft,Local,68
DK,🇩🇰 Denmark,Microsoft,Local,68
DK,🇩🇰 Denmark,Other,Local,161
DK,🇩🇰 Denmark,Other,External,176
DJ,🇩🇯 Djibouti,Akamai,External,91
DJ,🇩🇯 Djibouti,Alibaba,External,1
DJ,🇩🇯 Djibouti,Amazon,External,70
DJ,🇩🇯 Djibouti,Cloudflare,Local,460
DJ,🇩🇯 Djibouti,Fastly,External,27
DJ,🇩🇯 Djibouti,Microsoft,External,13
DJ,🇩🇯 Djibouti,Other,Local,26
DJ,🇩🇯 Djibouti,Other,External,310
DM,🇩🇲 Dominica,Akamai,External,139
DM,🇩🇲 Dominica,Akamai,External,139
DM,🇩🇲 Dominica,Akamai,External,139
DM,🇩🇲 Dominica,Akamai,External,139
DM,🇩🇲 Dominica,Alibaba,External,1
DM,🇩🇲 Dominica,Alibaba,External,1
DM,🇩🇲 Dominica,Alibaba,External,1
DM,🇩🇲 Dominica,Alibaba,External,1
DM,🇩🇲 Dominica,Amazon,External,151
DM,🇩🇲 Dominica,Amazon,External,151
DM,🇩🇲 Dominica,Amazon,External,151
DM,🇩🇲 Dominica,Amazon,External,151
DM,🇩🇲 Dominica,Cdn77,Regional,1
DM,🇩🇲 Dominica,Cdn77,External,2
DM,🇩🇲 Dominica,Cdn77,Regional,1
DM,🇩🇲 Dominica,Cdn77,External,2
DM,🇩🇲 Dominica,Cdn77,Regional,1
DM,🇩🇲 Dominica,Cdn77,External,2
DM,🇩🇲 Dominica,Cdn77,Regional,1
DM,🇩🇲 Dominica,Cdn77,External,2
DM,🇩🇲 Dominica,Cloudflare,External,350
DM,🇩🇲 Dominica,Cloudflare,External,350
DM,🇩🇲 Dominica,Cloudflare,External,350
DM,🇩🇲 Dominica,Cloudflare,External,350
DM,🇩🇲 Dominica,Facebook,External,9
DM,🇩🇲 Dominica,Facebook,External,9
DM,🇩🇲 Dominica,Facebook,External,9
DM,🇩🇲 Dominica,Facebook,External,9
DM,🇩🇲 Dominica,Fastly,External,63
DM,🇩🇲 Dominica,Fastly,External,63
DM,🇩🇲 Dominica,Fastly,External,63
DM,🇩🇲 Dominica,Fastly,External,63
DM,🇩🇲 Dominica,Microsoft,External,22
DM,🇩🇲 Dominica,Microsoft,External,22
DM,🇩🇲 Dominica,Microsoft,External,22
DM,🇩🇲 Dominica,Microsoft,External,22
DM,🇩🇲 Dominica,Other,Local,5
DM,🇩🇲 Dominica,Other,External,256
DO,🇩🇴 Dominican Republic,Akamai,Local,80
DO,🇩🇴 Dominican Republic,Akamai,Local,80
DO,🇩🇴 Dominican Republic,Akamai,Local,80
DO,🇩🇴 Dominican Republic,Akamai,Local,80
DO,🇩🇴 Dominican Republic,Akamai,Local,80
DO,🇩🇴 Dominican Republic,Akamai,Local,80
DO,🇩🇴 Dominican Republic,Akamai,Local,80
DO,🇩🇴 Dominican Republic,Akamai,Local,80
DO,🇩🇴 Dominican Republic,Akamai,Local,80
DO,🇩🇴 Dominican Republic,Akamai,Local,80
DO,🇩🇴 Dominican Republic,Alibaba,External,3
DO,🇩🇴 Dominican Republic,Alibaba,External,3
DO,🇩🇴 Dominican Republic,Alibaba,External,3
DO,🇩🇴 Dominican Republic,Alibaba,External,3
DO,🇩🇴 Dominican Republic,Alibaba,External,3
DO,🇩🇴 Dominican Republic,Alibaba,External,3
DO,🇩🇴 Dominican Republic,Alibaba,External,3
DO,🇩🇴 Dominican Republic,Alibaba,External,3
DO,🇩🇴 Dominican Republic,Alibaba,External,3
DO,🇩🇴 Dominican Republic,Alibaba,External,3
DO,🇩🇴 Dominican Republic,Amazon,External,104
DO,🇩🇴 Dominican Republic,Amazon,External,104
DO,🇩🇴 Dominican Republic,Amazon,External,104
DO,🇩🇴 Dominican Republic,Amazon,External,104
DO,🇩🇴 Dominican Republic,Amazon,External,104
DO,🇩🇴 Dominican Republic,Amazon,External,104
DO,🇩🇴 Dominican Republic,Amazon,External,104
DO,🇩🇴 Dominican Republic,Amazon,External,104
DO,🇩🇴 Dominican Republic,Amazon,External,104
DO,🇩🇴 Dominican Republic,Cdn77,External,2
DO,🇩🇴 Dominican Republic,Cdn77,External,2
DO,🇩🇴 Dominican Republic,Cdn77,External,2
DO,🇩🇴 Dominican Republic,Cdn77,External,2
DO,🇩🇴 Dominican Republic,Cdn77,External,2
DO,🇩🇴 Dominican Republic,Cdn77,External,2
DO,🇩🇴 Dominican Republic,Cdn77,External,2
DO,🇩🇴 Dominican Republic,Cdn77,External,2
DO,🇩🇴 Dominican Republic,Cdn77,External,2
DO,🇩🇴 Dominican Republic,Cdn77,External,2
DO,🇩🇴 Dominican Republic,Cloudflare,Local,100
DO,🇩🇴 Dominican Republic,Cloudflare,External,294
DO,🇩🇴 Dominican Republic,Cloudflare,Local,100
DO,🇩🇴 Dominican Republic,Cloudflare,External,294
DO,🇩🇴 Dominican Republic,Cloudflare,Local,100
DO,🇩🇴 Dominican Republic,Cloudflare,External,294
DO,🇩🇴 Dominican Republic,Cloudflare,Local,100
DO,🇩🇴 Dominican Republic,Cloudflare,External,294
DO,🇩🇴 Dominican Republic,Cloudflare,Local,100
DO,🇩🇴 Dominican Republic,Cloudflare,External,294
DO,🇩🇴 Dominican Republic,Cloudflare,Local,100
DO,🇩🇴 Dominican Republic,Cloudflare,External,294
DO,🇩🇴 Dominican Republic,Cloudflare,Local,100
DO,🇩🇴 Dominican Republic,Cloudflare,External,294
DO,🇩🇴 Dominican Republic,Cloudflare,Local,100
DO,🇩🇴 Dominican Republic,Cloudflare,External,294
DO,🇩🇴 Dominican Republic,Cloudflare,Local,100
DO,🇩🇴 Dominican Republic,Cloudflare,External,294
DO,🇩🇴 Dominican Republic,Cloudflare,Local,100
DO,🇩🇴 Dominican Republic,Cloudflare,External,294
DO,🇩🇴 Dominican Republic,Facebook,External,10
DO,🇩🇴 Dominican Republic,Facebook,External,10
DO,🇩🇴 Dominican Republic,Facebook,External,10
DO,🇩🇴 Dominican Republic,Facebook,External,10
DO,🇩🇴 Dominican Republic,Facebook,External,10
DO,🇩🇴 Dominican Republic,Facebook,External,10
DO,🇩🇴 Dominican Republic,Facebook,External,10
DO,🇩🇴 Dominican Republic,Facebook,External,10
DO,🇩🇴 Dominican Republic,Facebook,External,10
DO,🇩🇴 Dominican Republic,Facebook,External,10
DO,🇩🇴 Dominican Republic,Fastly,Regional,1
DO,🇩🇴 Dominican Republic,Fastly,External,45
DO,🇩🇴 Dominican Republic,Fastly,Regional,1
DO,🇩🇴 Dominican Republic,Fastly,External,45
DO,🇩🇴 Dominican Republic,Fastly,Regional,1
DO,🇩🇴 Dominican Republic,Fastly,External,45
DO,🇩🇴 Dominican Republic,Fastly,Regional,1
DO,🇩🇴 Dominican Republic,Fastly,External,45
DO,🇩🇴 Dominican Republic,Fastly,Regional,1
DO,🇩🇴 Dominican Republic,Fastly,External,45
DO,🇩🇴 Dominican Republic,Fastly,Regional,1
DO,🇩🇴 Dominican Republic,Fastly,External,45
DO,🇩🇴 Dominican Republic,Fastly,Regional,1
DO,🇩🇴 Dominican Republic,Fastly,External,45
DO,🇩🇴 Dominican Republic,Fastly,Regional,1
DO,🇩🇴 Dominican Republic,Fastly,External,45
DO,🇩🇴 Dominican Republic,Fastly,Regional,1
DO,🇩🇴 Dominican Republic,Fastly,External,45
DO,🇩🇴 Dominican Republic,Fastly,Regional,1
DO,🇩🇴 Dominican Republic,Fastly,External,45
DO,🇩🇴 Dominican Republic,Microsoft,External,50
DO,🇩🇴 Dominican Republic,Microsoft,External,50
DO,🇩🇴 Dominican Republic,Microsoft,External,50
DO,🇩🇴 Dominican Republic,Microsoft,External,50
DO,🇩🇴 Dominican Republic,Microsoft,External,50
DO,🇩🇴 Dominican Republic,Microsoft,External,50
DO,🇩🇴 Dominican Republic,Microsoft,External,50
DO,🇩🇴 Dominican Republic,Microsoft,External,50
DO,🇩🇴 Dominican Republic,Microsoft,External,50
DO,🇩🇴 Dominican Republic,Microsoft,External,50
DO,🇩🇴 Dominican Republic,Other,Local,52
DO,🇩🇴 Dominican Republic,Other,External,258
EC,🇪🇨 Ecuador,Akamai,Local,71
EC,🇪🇨 Ecuador,Akamai,Local,71
EC,🇪🇨 Ecuador,Akamai,Local,71
EC,🇪🇨 Ecuador,Akamai,Local,71
EC,🇪🇨 Ecuador,Akamai,Local,71
EC,🇪🇨 Ecuador,Akamai,Local,71
EC,🇪🇨 Ecuador,Akamai,Local,71
EC,🇪🇨 Ecuador,Akamai,Local,71
EC,🇪🇨 Ecuador,Akamai,Local,71
EC,🇪🇨 Ecuador,Akamai,Local,71
EC,🇪🇨 Ecuador,Akamai,Local,71
EC,🇪🇨 Ecuador,Amazon,Regional,4
EC,🇪🇨 Ecuador,Amazon,External,110
EC,🇪🇨 Ecuador,Amazon,Regional,4
EC,🇪🇨 Ecuador,Amazon,External,110
EC,🇪🇨 Ecuador,Amazon,Regional,4
EC,🇪🇨 Ecuador,Amazon,External,110
EC,🇪🇨 Ecuador,Amazon,Regional,4
EC,🇪🇨 Ecuador,Amazon,External,110
EC,🇪🇨 Ecuador,Amazon,Regional,4
EC,🇪🇨 Ecuador,Amazon,External,110
EC,🇪🇨 Ecuador,Amazon,Regional,4
EC,🇪🇨 Ecuador,Amazon,External,110
EC,🇪🇨 Ecuador,Amazon,Regional,4
EC,🇪🇨 Ecuador,Amazon,External,110
EC,🇪🇨 Ecuador,Amazon,Regional,4
EC,🇪🇨 Ecuador,Amazon,External,110
EC,🇪🇨 Ecuador,Amazon,Regional,4
EC,🇪🇨 Ecuador,Amazon,External,110
EC,🇪🇨 Ecuador,Amazon,Regional,4
EC,🇪🇨 Ecuador,Amazon,External,110
EC,🇪🇨 Ecuador,Amazon,Regional,4
EC,🇪🇨 Ecuador,Amazon,External,110
EC,🇪🇨 Ecuador,Cdn77,External,1
EC,🇪🇨 Ecuador,Cdn77,External,1
EC,🇪🇨 Ecuador,Cdn77,External,1
EC,🇪🇨 Ecuador,Cdn77,External,1
EC,🇪🇨 Ecuador,Cdn77,External,1
EC,🇪🇨 Ecuador,Cdn77,External,1
EC,🇪🇨 Ecuador,Cdn77,External,1
EC,🇪🇨 Ecuador,Cdn77,External,1
EC,🇪🇨 Ecuador,Cdn77,External,1
EC,🇪🇨 Ecuador,Cdn77,External,1
EC,🇪🇨 Ecuador,Cdn77,External,1
EC,🇪🇨 Ecuador,Cloudflare,Local,247
EC,🇪🇨 Ecuador,Cloudflare,Regional,11
EC,🇪🇨 Ecuador,Cloudflare,External,55
EC,🇪🇨 Ecuador,Cloudflare,Local,247
EC,🇪🇨 Ecuador,Cloudflare,Regional,11
EC,🇪🇨 Ecuador,Cloudflare,External,55
EC,🇪🇨 Ecuador,Cloudflare,Local,247
EC,🇪🇨 Ecuador,Cloudflare,Regional,11
EC,🇪🇨 Ecuador,Cloudflare,External,55
EC,🇪🇨 Ecuador,Cloudflare,Local,247
EC,🇪🇨 Ecuador,Cloudflare,Regional,11
EC,🇪🇨 Ecuador,Cloudflare,External,55
EC,🇪🇨 Ecuador,Cloudflare,Local,247
EC,🇪🇨 Ecuador,Cloudflare,Regional,11
EC,🇪🇨 Ecuador,Cloudflare,External,55
EC,🇪🇨 Ecuador,Cloudflare,Local,247
EC,🇪🇨 Ecuador,Cloudflare,Regional,11
EC,🇪🇨 Ecuador,Cloudflare,External,55
EC,🇪🇨 Ecuador,Cloudflare,Local,247
EC,🇪🇨 Ecuador,Cloudflare,Regional,11
EC,🇪🇨 Ecuador,Cloudflare,External,55
EC,🇪🇨 Ecuador,Cloudflare,Local,247
EC,🇪🇨 Ecuador,Cloudflare,Regional,11
EC,🇪🇨 Ecuador,Cloudflare,External,55
EC,🇪🇨 Ecuador,Cloudflare,Local,247
EC,🇪🇨 Ecuador,Cloudflare,Regional,11
EC,🇪🇨 Ecuador,Cloudflare,External,55
EC,🇪🇨 Ecuador,Cloudflare,Local,247
EC,🇪🇨 Ecuador,Cloudflare,Regional,11
EC,🇪🇨 Ecuador,Cloudflare,External,55
EC,🇪🇨 Ecuador,Cloudflare,Local,247
EC,🇪🇨 Ecuador,Cloudflare,Regional,11
EC,🇪🇨 Ecuador,Cloudflare,External,55
EC,🇪🇨 Ecuador,Facebook,External,9
EC,🇪🇨 Ecuador,Facebook,External,9
EC,🇪🇨 Ecuador,Facebook,External,9
EC,🇪🇨 Ecuador,Facebook,External,9
EC,🇪🇨 Ecuador,Facebook,External,9
EC,🇪🇨 Ecuador,Facebook,External,9
EC,🇪🇨 Ecuador,Facebook,External,9
EC,🇪🇨 Ecuador,Facebook,External,9
EC,🇪🇨 Ecuador,Facebook,External,9
EC,🇪🇨 Ecuador,Facebook,External,9
EC,🇪🇨 Ecuador,Facebook,External,9
EC,🇪🇨 Ecuador,Fastly,Regional,32
EC,🇪🇨 Ecuador,Fastly,External,3
EC,🇪🇨 Ecuador,Fastly,Regional,32
EC,🇪🇨 Ecuador,Fastly,External,3
EC,🇪🇨 Ecuador,Fastly,Regional,32
EC,🇪🇨 Ecuador,Fastly,External,3
EC,🇪🇨 Ecuador,Fastly,Regional,32
EC,🇪🇨 Ecuador,Fastly,External,3
EC,🇪🇨 Ecuador,Fastly,Regional,32
EC,🇪🇨 Ecuador,Fastly,External,3
EC,🇪🇨 Ecuador,Fastly,Regional,32
EC,🇪🇨 Ecuador,Fastly,External,3
EC,🇪🇨 Ecuador,Fastly,Regional,32
EC,🇪🇨 Ecuador,Fastly,External,3
EC,🇪🇨 Ecuador,Fastly,Regional,32
EC,🇪🇨 Ecuador,Fastly,External,3
EC,🇪🇨 Ecuador,Fastly,Regional,32
EC,🇪🇨 Ecuador,Fastly,External,3
EC,🇪🇨 Ecuador,Fastly,Regional,32
EC,🇪🇨 Ecuador,Fastly,External,3
EC,🇪🇨 Ecuador,Fastly,Regional,32
EC,🇪🇨 Ecuador,Fastly,External,3
EC,🇪🇨 Ecuador,Microsoft,External,41
EC,🇪🇨 Ecuador,Microsoft,External,41
EC,🇪🇨 Ecuador,Microsoft,External,41
EC,🇪🇨 Ecuador,Microsoft,External,41
EC,🇪🇨 Ecuador,Microsoft,External,41
EC,🇪🇨 Ecuador,Microsoft,External,41
EC,🇪🇨 Ecuador,Microsoft,External,41
EC,🇪🇨 Ecuador,Microsoft,External,41
EC,🇪🇨 Ecuador,Microsoft,External,41
EC,🇪🇨 Ecuador,Microsoft,External,41
EC,🇪🇨 Ecuador,Microsoft,External,41
EC,🇪🇨 Ecuador,Other,Local,182
EC,🇪🇨 Ecuador,Other,External,233
EG,🇪🇬 Egypt,Akamai,Local,43
EG,🇪🇬 Egypt,Akamai,Local,43
EG,🇪🇬 Egypt,Akamai,Local,43
EG,🇪🇬 Egypt,Akamai,Local,43
EG,🇪🇬 Egypt,Alibaba,External,1
EG,🇪🇬 Egypt,Alibaba,External,1
EG,🇪🇬 Egypt,Alibaba,External,1
EG,🇪🇬 Egypt,Alibaba,External,1
EG,🇪🇬 Egypt,Amazon,External,67
EG,🇪🇬 Egypt,Amazon,External,67
EG,🇪🇬 Egypt,Amazon,External,67
EG,🇪🇬 Egypt,Amazon,External,67
EG,🇪🇬 Egypt,Cloudflare,External,537
EG,🇪🇬 Egypt,Cloudflare,External,537
EG,🇪🇬 Egypt,Cloudflare,External,537
EG,🇪🇬 Egypt,Cloudflare,External,537
EG,🇪🇬 Egypt,Facebook,External,10
EG,🇪🇬 Egypt,Facebook,External,10
EG,🇪🇬 Egypt,Facebook,External,10
EG,🇪🇬 Egypt,Facebook,External,10
EG,🇪🇬 Egypt,Fastly,External,11
EG,🇪🇬 Egypt,Fastly,External,11
EG,🇪🇬 Egypt,Fastly,External,11
EG,🇪🇬 Egypt,Fastly,External,11
EG,🇪🇬 Egypt,Microsoft,Local,18
EG,🇪🇬 Egypt,Microsoft,Local,18
EG,🇪🇬 Egypt,Microsoft,Local,18
EG,🇪🇬 Egypt,Microsoft,Local,18
EG,🇪🇬 Egypt,Other,Local,77
EG,🇪🇬 Egypt,Other,External,235
SV,🇸🇻 El Salvador,Akamai,Local,78
SV,🇸🇻 El Salvador,Akamai,Local,78
SV,🇸🇻 El Salvador,Akamai,Local,78
SV,🇸🇻 El Salvador,Akamai,Local,78
SV,🇸🇻 El Salvador,Akamai,Local,78
SV,🇸🇻 El Salvador,Akamai,Local,78
SV,🇸🇻 El Salvador,Akamai,Local,78
SV,🇸🇻 El Salvador,Amazon,External,132
SV,🇸🇻 El Salvador,Amazon,External,132
SV,🇸🇻 El Salvador,Amazon,External,132
SV,🇸🇻 El Salvador,Amazon,External,132
SV,🇸🇻 El Salvador,Amazon,External,132
SV,🇸🇻 El Salvador,Amazon,External,132
SV,🇸🇻 El Salvador,Amazon,External,132
SV,🇸🇻 El Salvador,Cdn77,External,1
SV,🇸🇻 El Salvador,Cdn77,External,1
SV,🇸🇻 El Salvador,Cdn77,External,1
SV,🇸🇻 El Salvador,Cdn77,External,1
SV,🇸🇻 El Salvador,Cdn77,External,1
SV,🇸🇻 El Salvador,Cdn77,External,1
SV,🇸🇻 El Salvador,Cdn77,External,1
SV,🇸🇻 El Salvador,Cloudflare,Regional,22
SV,🇸🇻 El Salvador,Cloudflare,External,383
SV,🇸🇻 El Salvador,Cloudflare,Regional,22
SV,🇸🇻 El Salvador,Cloudflare,External,383
SV,🇸🇻 El Salvador,Cloudflare,Regional,22
SV,🇸🇻 El Salvador,Cloudflare,External,383
SV,🇸🇻 El Salvador,Cloudflare,Regional,22
SV,🇸🇻 El Salvador,Cloudflare,External,383
SV,🇸🇻 El Salvador,Cloudflare,Regional,22
SV,🇸🇻 El Salvador,Cloudflare,External,383
SV,🇸🇻 El Salvador,Cloudflare,Regional,22
SV,🇸🇻 El Salvador,Cloudflare,External,383
SV,🇸🇻 El Salvador,Cloudflare,Regional,22
SV,🇸🇻 El Salvador,Cloudflare,External,383
SV,🇸🇻 El Salvador,Facebook,External,9
SV,🇸🇻 El Salvador,Facebook,External,9
SV,🇸🇻 El Salvador,Facebook,External,9
SV,🇸🇻 El Salvador,Facebook,External,9
SV,🇸🇻 El Salvador,Facebook,External,9
SV,🇸🇻 El Salvador,Facebook,External,9
SV,🇸🇻 El Salvador,Facebook,External,9
SV,🇸🇻 El Salvador,Fastly,Regional,4
SV,🇸🇻 El Salvador,Fastly,External,38
SV,🇸🇻 El Salvador,Fastly,Regional,4
SV,🇸🇻 El Salvador,Fastly,External,38
SV,🇸🇻 El Salvador,Fastly,Regional,4
SV,🇸🇻 El Salvador,Fastly,External,38
SV,🇸🇻 El Salvador,Fastly,Regional,4
SV,🇸🇻 El Salvador,Fastly,External,38
SV,🇸🇻 El Salvador,Fastly,Regional,4
SV,🇸🇻 El Salvador,Fastly,External,38
SV,🇸🇻 El Salvador,Fastly,Regional,4
SV,🇸🇻 El Salvador,Fastly,External,38
SV,🇸🇻 El Salvador,Fastly,Regional,4
SV,🇸🇻 El Salvador,Fastly,External,38
SV,🇸🇻 El Salvador,Microsoft,External,25
SV,🇸🇻 El Salvador,Microsoft,External,25
SV,🇸🇻 El Salvador,Microsoft,External,25
SV,🇸🇻 El Salvador,Microsoft,External,25
SV,🇸🇻 El Salvador,Microsoft,External,25
SV,🇸🇻 El Salvador,Microsoft,External,25
SV,🇸🇻 El Salvador,Microsoft,External,25
SV,🇸🇻 El Salvador,Other,Local,39
SV,🇸🇻 El Salvador,Other,External,269
GQ,🇬🇶 Equatorial Guinea,Other,Local,6
GQ,🇬🇶 Equatorial Guinea,Other,External,994
ER,🇪🇷 Eritrea,Other,Local,0
ER,🇪🇷 Eritrea,Other,External,44
EE,🇪🇪 Estonia,Akamai,Local,38
EE,🇪🇪 Estonia,Akamai,Local,38
EE,🇪🇪 Estonia,Akamai,Local,38
EE,🇪🇪 Estonia,Akamai,Local,38
EE,🇪🇪 Estonia,Akamai,Local,38
EE,🇪🇪 Estonia,Amazon,Regional,34
EE,🇪🇪 Estonia,Amazon,External,22
EE,🇪🇪 Estonia,Amazon,Regional,34
EE,🇪🇪 Estonia,Amazon,External,22
EE,🇪🇪 Estonia,Amazon,Regional,34
EE,🇪🇪 Estonia,Amazon,External,22
EE,🇪🇪 Estonia,Amazon,Regional,34
EE,🇪🇪 Estonia,Amazon,External,22
EE,🇪🇪 Estonia,Amazon,Regional,34
EE,🇪🇪 Estonia,Amazon,External,22
EE,🇪🇪 Estonia,Cloudflare,Local,290
EE,🇪🇪 Estonia,Cloudflare,Regional,63
EE,🇪🇪 Estonia,Cloudflare,Local,290
EE,🇪🇪 Estonia,Cloudflare,Regional,63
EE,🇪🇪 Estonia,Cloudflare,Local,290
EE,🇪🇪 Estonia,Cloudflare,Regional,63
EE,🇪🇪 Estonia,Cloudflare,Local,290
EE,🇪🇪 Estonia,Cloudflare,Regional,63
EE,🇪🇪 Estonia,Cloudflare,Local,290
EE,🇪🇪 Estonia,Cloudflare,Regional,63
EE,🇪🇪 Estonia,Facebook,External,6
EE,🇪🇪 Estonia,Facebook,External,6
EE,🇪🇪 Estonia,Facebook,External,6
EE,🇪🇪 Estonia,Facebook,External,6
EE,🇪🇪 Estonia,Facebook,External,6
EE,🇪🇪 Estonia,Fastly,Regional,15
EE,🇪🇪 Estonia,Fastly,Regional,15
EE,🇪🇪 Estonia,Fastly,Regional,15
EE,🇪🇪 Estonia,Fastly,Regional,15
EE,🇪🇪 Estonia,Fastly,Regional,15
EE,🇪🇪 Estonia,Microsoft,External,20
EE,🇪🇪 Estonia,Microsoft,External,20
EE,🇪🇪 Estonia,Microsoft,External,20
EE,🇪🇪 Estonia,Microsoft,External,20
EE,🇪🇪 Estonia,Microsoft,External,20
EE,🇪🇪 Estonia,Other,Local,266
EE,🇪🇪 Estonia,Other,External,246
SZ,🇸🇿 Eswatini,Akamai,External,68
SZ,🇸🇿 Eswatini,Akamai,External,68
SZ,🇸🇿 Eswatini,Akamai,External,68
SZ,🇸🇿 Eswatini,Akamai,External,68
SZ,🇸🇿 Eswatini,Akamai,External,68
SZ,🇸🇿 Eswatini,Alibaba,External,2
SZ,🇸🇿 Eswatini,Alibaba,External,2
SZ,🇸🇿 Eswatini,Alibaba,External,2
SZ,🇸🇿 Eswatini,Alibaba,External,2
SZ,🇸🇿 Eswatini,Alibaba,External,2
SZ,🇸🇿 Eswatini,Amazon,Regional,97
SZ,🇸🇿 Eswatini,Amazon,External,7
SZ,🇸🇿 Eswatini,Amazon,Regional,97
SZ,🇸🇿 Eswatini,Amazon,External,7
SZ,🇸🇿 Eswatini,Amazon,Regional,97
SZ,🇸🇿 Eswatini,Amazon,External,7
SZ,🇸🇿 Eswatini,Amazon,Regional,97
SZ,🇸🇿 Eswatini,Amazon,External,7
SZ,🇸🇿 Eswatini,Amazon,Regional,97
SZ,🇸🇿 Eswatini,Amazon,External,7
SZ,🇸🇿 Eswatini,Cloudflare,Regional,437
SZ,🇸🇿 Eswatini,Cloudflare,Regional,437
SZ,🇸🇿 Eswatini,Cloudflare,Regional,437
SZ,🇸🇿 Eswatini,Cloudflare,Regional,437
SZ,🇸🇿 Eswatini,Cloudflare,Regional,437
SZ,🇸🇿 Eswatini,Facebook,External,7
SZ,🇸🇿 Eswatini,Facebook,External,7
SZ,🇸🇿 Eswatini,Facebook,External,7
SZ,🇸🇿 Eswatini,Facebook,External,7
SZ,🇸🇿 Eswatini,Facebook,External,7
SZ,🇸🇿 Eswatini,Fastly,Regional,30
SZ,🇸🇿 Eswatini,Fastly,External,1
SZ,🇸🇿 Eswatini,Fastly,Regional,30
SZ,🇸🇿 Eswatini,Fastly,External,1
SZ,🇸🇿 Eswatini,Fastly,Regional,30
SZ,🇸🇿 Eswatini,Fastly,External,1
SZ,🇸🇿 Eswatini,Fastly,Regional,30
SZ,🇸🇿 Eswatini,Fastly,External,1
SZ,🇸🇿 Eswatini,Fastly,Regional,30
SZ,🇸🇿 Eswatini,Fastly,External,1
SZ,🇸🇿 Eswatini,Microsoft,External,32
SZ,🇸🇿 Eswatini,Microsoft,External,32
SZ,🇸🇿 Eswatini,Microsoft,External,32
SZ,🇸🇿 Eswatini,Microsoft,External,32
SZ,🇸🇿 Eswatini,Microsoft,External,32
SZ,🇸🇿 Eswatini,Other,Local,24
SZ,🇸🇿 Eswatini,Other,External,294
ET,🇪🇹 Ethiopia,Akamai,External,47
ET,🇪🇹 Ethiopia,Alibaba,External,3
ET,🇪🇹 Ethiopia,Amazon,External,105
ET,🇪🇹 Ethiopia,Cloudflare,External,436
ET,🇪🇹 Ethiopia,Facebook,External,8
ET,🇪🇹 Ethiopia,Fastly,External,22
ET,🇪🇹 Ethiopia,Microsoft,External,12
ET,🇪🇹 Ethiopia,Other,Local,84
ET,🇪🇹 Ethiopia,Other,External,282
FK,🇫🇰 Falkland Islands (Malvinas),Other,Local,0
FK,🇫🇰 Falkland Islands (Malvinas),Other,External,49
FO,🇫🇴 Faroe Islands,Akamai,Local,66
FO,🇫🇴 Faroe Islands,Akamai,Local,66
FO,🇫🇴 Faroe Islands,Alibaba,External,1
FO,🇫🇴 Faroe Islands,Alibaba,External,1
FO,🇫🇴 Faroe Islands,Amazon,External,149
FO,🇫🇴 Faroe Islands,Amazon,External,149
FO,🇫🇴 Faroe Islands,Cloudflare,Regional,306
FO,🇫🇴 Faroe Islands,Cloudflare,Regional,306
FO,🇫🇴 Faroe Islands,Facebook,External,6
FO,🇫🇴 Faroe Islands,Facebook,External,6
FO,🇫🇴 Faroe Islands,Fastly,Regional,50
FO,🇫🇴 Faroe Islands,Fastly,External,15
FO,🇫🇴 Faroe Islands,Fastly,Regional,50
FO,🇫🇴 Faroe Islands,Fastly,External,15
FO,🇫🇴 Faroe Islands,Microsoft,External,38
FO,🇫🇴 Faroe Islands,Microsoft,External,38
FO,🇫🇴 Faroe Islands,Other,Local,56
FO,🇫🇴 Faroe Islands,Other,External,312
FO,🇫🇴 Faroe Islands,Wordpress,Regional,1
FO,🇫🇴 Faroe Islands,Wordpress,Regional,1
FJ,🇫🇯 Fiji,Akamai,Local,92
FJ,🇫🇯 Fiji,Akamai,Local,92
FJ,🇫🇯 Fiji,Akamai,Local,92
FJ,🇫🇯 Fiji,Akamai,Local,92
FJ,🇫🇯 Fiji,Alibaba,External,1
FJ,🇫🇯 Fiji,Alibaba,External,1
FJ,🇫🇯 Fiji,Alibaba,External,1
FJ,🇫🇯 Fiji,Alibaba,External,1
FJ,🇫🇯 Fiji,Amazon,External,103
FJ,🇫🇯 Fiji,Amazon,External,103
FJ,🇫🇯 Fiji,Amazon,External,103
FJ,🇫🇯 Fiji,Amazon,External,103
FJ,🇫🇯 Fiji,Cloudflare,External,419
FJ,🇫🇯 Fiji,Cloudflare,External,419
FJ,🇫🇯 Fiji,Cloudflare,External,419
FJ,🇫🇯 Fiji,Cloudflare,External,419
FJ,🇫🇯 Fiji,Facebook,External,9
FJ,🇫🇯 Fiji,Facebook,External,9
FJ,🇫🇯 Fiji,Facebook,External,9
FJ,🇫🇯 Fiji,Facebook,External,9
FJ,🇫🇯 Fiji,Fastly,External,30
FJ,🇫🇯 Fiji,Fastly,External,30
FJ,🇫🇯 Fiji,Fastly,External,30
FJ,🇫🇯 Fiji,Fastly,External,30
FJ,🇫🇯 Fiji,Microsoft,External,29
FJ,🇫🇯 Fiji,Microsoft,External,29
FJ,🇫🇯 Fiji,Microsoft,External,29
FJ,🇫🇯 Fiji,Microsoft,External,29
FJ,🇫🇯 Fiji,Other,Local,48
FJ,🇫🇯 Fiji,Other,External,268
FI,🇫🇮 Finland,Akamai,Local,58
FI,🇫🇮 Finland,Akamai,Local,58
FI,🇫🇮 Finland,Akamai,Local,58
FI,🇫🇮 Finland,Amazon,Local,47
FI,🇫🇮 Finland,Amazon,Regional,132
FI,🇫🇮 Finland,Amazon,Local,47
FI,🇫🇮 Finland,Amazon,Regional,132
FI,🇫🇮 Finland,Amazon,Local,47
FI,🇫🇮 Finland,Amazon,Regional,132
FI,🇫🇮 Finland,Cloudflare,Local,334
FI,🇫🇮 Finland,Cloudflare,Local,334
FI,🇫🇮 Finland,Cloudflare,Local,334
FI,🇫🇮 Finland,Facebook,External,6
FI,🇫🇮 Finland,Facebook,External,6
FI,🇫🇮 Finland,Facebook,External,6
FI,🇫🇮 Finland,Fastly,Local,31
FI,🇫🇮 Finland,Fastly,Local,31
FI,🇫🇮 Finland,Fastly,Local,31
FI,🇫🇮 Finland,Microsoft,Local,45
FI,🇫🇮 Finland,Microsoft,Local,45
FI,🇫🇮 Finland,Microsoft,Local,45
FI,🇫🇮 Finland,Other,Local,193
FI,🇫🇮 Finland,Other,External,154
FR,🇫🇷 France,Akamai,Local,137
FR,🇫🇷 France,Akamai,Local,137
FR,🇫🇷 France,Akamai,Local,137
FR,🇫🇷 France,Akamai,Local,137
FR,🇫🇷 France,Amazon,Local,68
FR,🇫🇷 France,Amazon,Regional,45
FR,🇫🇷 France,Amazon,Local,68
FR,🇫🇷 France,Amazon,Regional,45
FR,🇫🇷 France,Amazon,Local,68
FR,🇫🇷 France,Amazon,Regional,45
FR,🇫🇷 France,Amazon,Local,68
FR,🇫🇷 France,Amazon,Regional,45
FR,🇫🇷 France,Cdn77,Local,1
FR,🇫🇷 France,Cdn77,Local,1
FR,🇫🇷 France,Cdn77,Local,1
FR,🇫🇷 France,Cdn77,Local,1
FR,🇫🇷 France,Cloudflare,Local,353
FR,🇫🇷 France,Cloudflare,Local,353
FR,🇫🇷 France,Cloudflare,Local,353
FR,🇫🇷 France,Cloudflare,Local,353
FR,🇫🇷 France,Facebook,External,5
FR,🇫🇷 France,Facebook,External,5
FR,🇫🇷 France,Facebook,External,5
FR,🇫🇷 France,Facebook,External,5
FR,🇫🇷 France,Fastly,Local,33
FR,🇫🇷 France,Fastly,Local,33
FR,🇫🇷 France,Fastly,Local,33
FR,🇫🇷 France,Fastly,Local,33
FR,🇫🇷 France,Microsoft,Local,17
FR,🇫🇷 France,Microsoft,Local,17
FR,🇫🇷 France,Microsoft,Local,17
FR,🇫🇷 France,Microsoft,Local,17
FR,🇫🇷 France,Other,Local,210
FR,🇫🇷 France,Other,External,131
GF,🇬🇫 French Guiana,Akamai,Local,112
GF,🇬🇫 French Guiana,Akamai,Local,112
GF,🇬🇫 French Guiana,Akamai,Local,112
GF,🇬🇫 French Guiana,Akamai,Local,112
GF,🇬🇫 French Guiana,Amazon,External,90
GF,🇬🇫 French Guiana,Amazon,External,90
GF,🇬🇫 French Guiana,Amazon,External,90
GF,🇬🇫 French Guiana,Amazon,External,90
GF,🇬🇫 French Guiana,Cloudflare,External,360
GF,🇬🇫 French Guiana,Cloudflare,External,360
GF,🇬🇫 French Guiana,Cloudflare,External,360
GF,🇬🇫 French Guiana,Cloudflare,External,360
GF,🇬🇫 French Guiana,Facebook,External,6
GF,🇬🇫 French Guiana,Facebook,External,6
GF,🇬🇫 French Guiana,Facebook,External,6
GF,🇬🇫 French Guiana,Facebook,External,6
GF,🇬🇫 French Guiana,Fastly,External,28
GF,🇬🇫 French Guiana,Fastly,External,28
GF,🇬🇫 French Guiana,Fastly,External,28
GF,🇬🇫 French Guiana,Fastly,External,28
GF,🇬🇫 French Guiana,Microsoft,External,8
GF,🇬🇫 French Guiana,Microsoft,External,8
GF,🇬🇫 French Guiana,Microsoft,External,8
GF,🇬🇫 French Guiana,Microsoft,External,8
GF,🇬🇫 French Guiana,Other,Local,1
GF,🇬🇫 French Guiana,Other,External,395
PF,🇵🇫 French Polynesia,Akamai,Local,105
PF,🇵🇫 French Polynesia,Akamai,Local,105
PF,🇵🇫 French Polynesia,Akamai,Local,105
PF,🇵🇫 French Polynesia,Amazon,External,83
PF,🇵🇫 French Polynesia,Amazon,External,83
PF,🇵🇫 French Polynesia,Amazon,External,83
PF,🇵🇫 French Polynesia,Cdn77,External,1
PF,🇵🇫 French Polynesia,Cdn77,External,1
PF,🇵🇫 French Polynesia,Cdn77,External,1
PF,🇵🇫 French Polynesia,Cloudflare,External,403
PF,🇵🇫 French Polynesia,Cloudflare,External,403
PF,🇵🇫 French Polynesia,Cloudflare,External,403
PF,🇵🇫 French Polynesia,Facebook,External,6
PF,🇵🇫 French Polynesia,Facebook,External,6
PF,🇵🇫 French Polynesia,Facebook,External,6
PF,🇵🇫 French Polynesia,Fastly,External,36
PF,🇵🇫 French Polynesia,Fastly,External,36
PF,🇵🇫 French Polynesia,Fastly,External,36
PF,🇵🇫 French Polynesia,Microsoft,External,9
PF,🇵🇫 French Polynesia,Microsoft,External,9
PF,🇵🇫 French Polynesia,Microsoft,External,9
PF,🇵🇫 French Polynesia,Other,Local,29
PF,🇵🇫 French Polynesia,Other,External,328
GA,🇬🇦 Gabon,Akamai,External,78
GA,🇬🇦 Gabon,Akamai,External,78
GA,🇬🇦 Gabon,Alibaba,External,2
GA,🇬🇦 Gabon,Alibaba,External,2
GA,🇬🇦 Gabon,Amazon,External,64
GA,🇬🇦 Gabon,Amazon,External,64
GA,🇬🇦 Gabon,Cloudflare,Regional,151
GA,🇬🇦 Gabon,Cloudflare,External,286
GA,🇬🇦 Gabon,Cloudflare,Regional,151
GA,🇬🇦 Gabon,Cloudflare,External,286
GA,🇬🇦 Gabon,Facebook,External,9
GA,🇬🇦 Gabon,Facebook,External,9
GA,🇬🇦 Gabon,Fastly,Regional,8
GA,🇬🇦 Gabon,Fastly,External,15
GA,🇬🇦 Gabon,Fastly,Regional,8
GA,🇬🇦 Gabon,Fastly,External,15
GA,🇬🇦 Gabon,Microsoft,External,12
GA,🇬🇦 Gabon,Microsoft,External,12
GA,🇬🇦 Gabon,Other,Local,8
GA,🇬🇦 Gabon,Other,External,367
GM,🇬🇲 Gambia,Akamai,External,106
GM,🇬🇲 Gambia,Akamai,External,106
GM,🇬🇲 Gambia,Akamai,External,106
GM,🇬🇲 Gambia,Akamai,External,106
GM,🇬🇲 Gambia,Akamai,External,106
GM,🇬🇲 Gambia,Alibaba,External,1
GM,🇬🇲 Gambia,Alibaba,External,1
GM,🇬🇲 Gambia,Alibaba,External,1
GM,🇬🇲 Gambia,Alibaba,External,1
GM,🇬🇲 Gambia,Alibaba,External,1
GM,🇬🇲 Gambia,Amazon,External,107
GM,🇬🇲 Gambia,Amazon,External,107
GM,🇬🇲 Gambia,Amazon,External,107
GM,🇬🇲 Gambia,Amazon,External,107
GM,🇬🇲 Gambia,Amazon,External,107
GM,🇬🇲 Gambia,Cloudflare,Regional,15
GM,🇬🇲 Gambia,Cloudflare,External,399
GM,🇬🇲 Gambia,Cloudflare,Regional,15
GM,🇬🇲 Gambia,Cloudflare,External,399
GM,🇬🇲 Gambia,Cloudflare,Regional,15
GM,🇬🇲 Gambia,Cloudflare,External,399
GM,🇬🇲 Gambia,Cloudflare,Regional,15
GM,🇬🇲 Gambia,Cloudflare,External,399
GM,🇬🇲 Gambia,Cloudflare,Regional,15
GM,🇬🇲 Gambia,Cloudflare,External,399
GM,🇬🇲 Gambia,Facebook,External,10
GM,🇬🇲 Gambia,Facebook,External,10
GM,🇬🇲 Gambia,Facebook,External,10
GM,🇬🇲 Gambia,Facebook,External,10
GM,🇬🇲 Gambia,Facebook,External,10
GM,🇬🇲 Gambia,Fastly,External,41
GM,🇬🇲 Gambia,Fastly,External,41
GM,🇬🇲 Gambia,Fastly,External,41
GM,🇬🇲 Gambia,Fastly,External,41
GM,🇬🇲 Gambia,Fastly,External,41
GM,🇬🇲 Gambia,Microsoft,External,21
GM,🇬🇲 Gambia,Microsoft,External,21
GM,🇬🇲 Gambia,Microsoft,External,21
GM,🇬🇲 Gambia,Microsoft,External,21
GM,🇬🇲 Gambia,Microsoft,External,21
GM,🇬🇲 Gambia,Other,Local,6
GM,🇬🇲 Gambia,Other,External,293
GM,🇬🇲 Gambia,Wordpress,External,1
GM,🇬🇲 Gambia,Wordpress,External,1
GM,🇬🇲 Gambia,Wordpress,External,1
GM,🇬🇲 Gambia,Wordpress,External,1
GM,🇬🇲 Gambia,Wordpress,External,1
GE,🇬🇪 Georgia,Akamai,Local,40
GE,🇬🇪 Georgia,Akamai,Local,40
GE,🇬🇪 Georgia,Akamai,Local,40
GE,🇬🇪 Georgia,Akamai,Local,40
GE,🇬🇪 Georgia,Akamai,Local,40
GE,🇬🇪 Georgia,Akamai,Local,40
GE,🇬🇪 Georgia,Akamai,Local,40
GE,🇬🇪 Georgia,Akamai,Local,40
GE,🇬🇪 Georgia,Akamai,Local,40
GE,🇬🇪 Georgia,Alibaba,External,1
GE,🇬🇪 Georgia,Alibaba,External,1
GE,🇬🇪 Georgia,Alibaba,External,1
GE,🇬🇪 Georgia,Alibaba,External,1
GE,🇬🇪 Georgia,Alibaba,External,1
GE,🇬🇪 Georgia,Alibaba,External,1
GE,🇬🇪 Georgia,Alibaba,External,1
GE,🇬🇪 Georgia,Alibaba,External,1
GE,🇬🇪 Georgia,Alibaba,External,1
GE,🇬🇪 Georgia,Amazon,External,65
GE,🇬🇪 Georgia,Amazon,External,65
GE,🇬🇪 Georgia,Amazon,External,65
GE,🇬🇪 Georgia,Amazon,External,65
GE,🇬🇪 Georgia,Amazon,External,65
GE,🇬🇪 Georgia,Amazon,External,65
GE,🇬🇪 Georgia,Amazon,External,65
GE,🇬🇪 Georgia,Amazon,External,65
GE,🇬🇪 Georgia,Amazon,External,65
GE,🇬🇪 Georgia,Cloudflare,Local,284
GE,🇬🇪 Georgia,Cloudflare,Regional,11
GE,🇬🇪 Georgia,Cloudflare,External,42
GE,🇬🇪 Georgia,Cloudflare,Local,284
GE,🇬🇪 Georgia,Cloudflare,Regional,11
GE,🇬🇪 Georgia,Cloudflare,External,42
GE,🇬🇪 Georgia,Cloudflare,Local,284
GE,🇬🇪 Georgia,Cloudflare,Regional,11
GE,🇬🇪 Georgia,Cloudflare,External,42
GE,🇬🇪 Georgia,Cloudflare,Local,284
GE,🇬🇪 Georgia,Cloudflare,Regional,11
GE,🇬🇪 Georgia,Cloudflare,External,42
GE,🇬🇪 Georgia,Cloudflare,Local,284
GE,🇬🇪 Georgia,Cloudflare,Regional,11
GE,🇬🇪 Georgia,Cloudflare,External,42
GE,🇬🇪 Georgia,Cloudflare,Local,284
GE,🇬🇪 Georgia,Cloudflare,Regional,11
GE,🇬🇪 Georgia,Cloudflare,External,42
GE,🇬🇪 Georgia,Cloudflare,Local,284
GE,🇬🇪 Georgia,Cloudflare,Regional,11
GE,🇬🇪 Georgia,Cloudflare,External,42
GE,🇬🇪 Georgia,Cloudflare,Local,284
GE,🇬🇪 Georgia,Cloudflare,Regional,11
GE,🇬🇪 Georgia,Cloudflare,External,42
GE,🇬🇪 Georgia,Cloudflare,Local,284
GE,🇬🇪 Georgia,Cloudflare,Regional,11
GE,🇬🇪 Georgia,Cloudflare,External,42
GE,🇬🇪 Georgia,Facebook,External,9
GE,🇬🇪 Georgia,Facebook,External,9
GE,🇬🇪 Georgia,Facebook,External,9
GE,🇬🇪 Georgia,Facebook,External,9
GE,🇬🇪 Georgia,Facebook,External,9
GE,🇬🇪 Georgia,Facebook,External,9
GE,🇬🇪 Georgia,Facebook,External,9
GE,🇬🇪 Georgia,Facebook,External,9
GE,🇬🇪 Georgia,Facebook,External,9
GE,🇬🇪 Georgia,Fastly,External,15
GE,🇬🇪 Georgia,Fastly,External,15
GE,🇬🇪 Georgia,Fastly,External,15
GE,🇬🇪 Georgia,Fastly,External,15
GE,🇬🇪 Georgia,Fastly,External,15
GE,🇬🇪 Georgia,Fastly,External,15
GE,🇬🇪 Georgia,Fastly,External,15
GE,🇬🇪 Georgia,Fastly,External,15
GE,🇬🇪 Georgia,Fastly,External,15
GE,🇬🇪 Georgia,Microsoft,External,10
GE,🇬🇪 Georgia,Microsoft,External,10
GE,🇬🇪 Georgia,Microsoft,External,10
GE,🇬🇪 Georgia,Microsoft,External,10
GE,🇬🇪 Georgia,Microsoft,External,10
GE,🇬🇪 Georgia,Microsoft,External,10
GE,🇬🇪 Georgia,Microsoft,External,10
GE,🇬🇪 Georgia,Microsoft,External,10
GE,🇬🇪 Georgia,Microsoft,External,10
GE,🇬🇪 Georgia,Other,Local,200
GE,🇬🇪 Georgia,Other,External,319
DE,🇩🇪 Germany,Akamai,Local,145
DE,🇩🇪 Germany,Akamai,Local,145
DE,🇩🇪 Germany,Akamai,Local,145
DE,🇩🇪 Germany,Akamai,Local,145
DE,🇩🇪 Germany,Akamai,Local,145
DE,🇩🇪 Germany,Akamai,Local,145
DE,🇩🇪 Germany,Amazon,Local,119
DE,🇩🇪 Germany,Amazon,External,15
DE,🇩🇪 Germany,Amazon,Local,119
DE,🇩🇪 Germany,Amazon,External,15
DE,🇩🇪 Germany,Amazon,Local,119
DE,🇩🇪 Germany,Amazon,External,15
DE,🇩🇪 Germany,Amazon,Local,119
DE,🇩🇪 Germany,Amazon,External,15
DE,🇩🇪 Germany,Amazon,Local,119
DE,🇩🇪 Germany,Amazon,External,15
DE,🇩🇪 Germany,Amazon,Local,119
DE,🇩🇪 Germany,Amazon,External,15
DE,🇩🇪 Germany,Cdn77,Local,1
DE,🇩🇪 Germany,Cdn77,Local,1
DE,🇩🇪 Germany,Cdn77,Local,1
DE,🇩🇪 Germany,Cdn77,Local,1
DE,🇩🇪 Germany,Cdn77,Local,1
DE,🇩🇪 Germany,Cdn77,Local,1
DE,🇩🇪 Germany,Cloudflare,Local,308
DE,🇩🇪 Germany,Cloudflare,Regional,6
DE,🇩🇪 Germany,Cloudflare,Local,308
DE,🇩🇪 Germany,Cloudflare,Regional,6
DE,🇩🇪 Germany,Cloudflare,Local,308
DE,🇩🇪 Germany,Cloudflare,Regional,6
DE,🇩🇪 Germany,Cloudflare,Local,308
DE,🇩🇪 Germany,Cloudflare,Regional,6
DE,🇩🇪 Germany,Cloudflare,Local,308
DE,🇩🇪 Germany,Cloudflare,Regional,6
DE,🇩🇪 Germany,Cloudflare,Local,308
DE,🇩🇪 Germany,Cloudflare,Regional,6
DE,🇩🇪 Germany,Facebook,External,5
DE,🇩🇪 Germany,Facebook,External,5
DE,🇩🇪 Germany,Facebook,External,5
DE,🇩🇪 Germany,Facebook,External,5
DE,🇩🇪 Germany,Facebook,External,5
DE,🇩🇪 Germany,Facebook,External,5
DE,🇩🇪 Germany,Fastly,Local,28
DE,🇩🇪 Germany,Fastly,Regional,2
DE,🇩🇪 Germany,Fastly,Local,28
DE,🇩🇪 Germany,Fastly,Regional,2
DE,🇩🇪 Germany,Fastly,Local,28
DE,🇩🇪 Germany,Fastly,Regional,2
DE,🇩🇪 Germany,Fastly,Local,28
DE,🇩🇪 Germany,Fastly,Regional,2
DE,🇩🇪 Germany,Fastly,Local,28
DE,🇩🇪 Germany,Fastly,Regional,2
DE,🇩🇪 Germany,Fastly,Local,28
DE,🇩🇪 Germany,Fastly,Regional,2
DE,🇩🇪 Germany,Microsoft,Local,16
DE,🇩🇪 Germany,Microsoft,Local,16
DE,🇩🇪 Germany,Microsoft,Local,16
DE,🇩🇪 Germany,Microsoft,Local,16
DE,🇩🇪 Germany,Microsoft,Local,16
DE,🇩🇪 Germany,Microsoft,Local,16
DE,🇩🇪 Germany,Other,Local,187
DE,🇩🇪 Germany,Other,External,166
DE,🇩🇪 Germany,Wordpress,Local,2
DE,🇩🇪 Germany,Wordpress,Local,2
DE,🇩🇪 Germany,Wordpress,Local,2
DE,🇩🇪 Germany,Wordpress,Local,2
DE,🇩🇪 Germany,Wordpress,Local,2
DE,🇩🇪 Germany,Wordpress,Local,2
GH,🇬🇭 Ghana,Akamai,Local,70
GH,🇬🇭 Ghana,Akamai,Local,70
GH,🇬🇭 Ghana,Akamai,Local,70
GH,🇬🇭 Ghana,Alibaba,External,5
GH,🇬🇭 Ghana,Alibaba,External,5
GH,🇬🇭 Ghana,Alibaba,External,5
GH,🇬🇭 Ghana,Amazon,External,130
GH,🇬🇭 Ghana,Amazon,External,130
GH,🇬🇭 Ghana,Amazon,External,130
GH,🇬🇭 Ghana,Cdn77,Local,1
GH,🇬🇭 Ghana,Cdn77,Local,1
GH,🇬🇭 Ghana,Cdn77,Local,1
GH,🇬🇭 Ghana,Cloudflare,Local,330
GH,🇬🇭 Ghana,Cloudflare,Regional,6
GH,🇬🇭 Ghana,Cloudflare,External,59
GH,🇬🇭 Ghana,Cloudflare,Local,330
GH,🇬🇭 Ghana,Cloudflare,Regional,6
GH,🇬🇭 Ghana,Cloudflare,External,59
GH,🇬🇭 Ghana,Cloudflare,Local,330
GH,🇬🇭 Ghana,Cloudflare,Regional,6
GH,🇬🇭 Ghana,Cloudflare,External,59
GH,🇬🇭 Ghana,Facebook,External,8
GH,🇬🇭 Ghana,Facebook,External,8
GH,🇬🇭 Ghana,Facebook,External,8
GH,🇬🇭 Ghana,Fastly,Local,32
GH,🇬🇭 Ghana,Fastly,Local,32
GH,🇬🇭 Ghana,Fastly,Local,32
GH,🇬🇭 Ghana,Microsoft,External,22
GH,🇬🇭 Ghana,Microsoft,External,22
GH,🇬🇭 Ghana,Microsoft,External,22
GH,🇬🇭 Ghana,Other,Local,56
GH,🇬🇭 Ghana,Other,External,280
GI,🇬🇮 Gibraltar,Akamai,Local,169
GI,🇬🇮 Gibraltar,Akamai,Local,169
GI,🇬🇮 Gibraltar,Akamai,Local,169
GI,🇬🇮 Gibraltar,Amazon,Regional,62
GI,🇬🇮 Gibraltar,Amazon,External,117
GI,🇬🇮 Gibraltar,Amazon,Regional,62
GI,🇬🇮 Gibraltar,Amazon,External,117
GI,🇬🇮 Gibraltar,Amazon,Regional,62
GI,🇬🇮 Gibraltar,Amazon,External,117
GI,🇬🇮 Gibraltar,Cdn77,Regional,5
GI,🇬🇮 Gibraltar,Cdn77,External,3
GI,🇬🇮 Gibraltar,Cdn77,Regional,5
GI,🇬🇮 Gibraltar,Cdn77,External,3
GI,🇬🇮 Gibraltar,Cdn77,Regional,5
GI,🇬🇮 Gibraltar,Cdn77,External,3
GI,🇬🇮 Gibraltar,Cloudflare,Regional,165
GI,🇬🇮 Gibraltar,Cloudflare,External,84
GI,🇬🇮 Gibraltar,Cloudflare,Regional,165
GI,🇬🇮 Gibraltar,Cloudflare,External,84
GI,🇬🇮 Gibraltar,Cloudflare,Regional,165
GI,🇬🇮 Gibraltar,Cloudflare,External,84
GI,🇬🇮 Gibraltar,Facebook,External,9
GI,🇬🇮 Gibraltar,Facebook,External,9
GI,🇬🇮 Gibraltar,Facebook,External,9
GI,🇬🇮 Gibraltar,Fastly,Regional,107
GI,🇬🇮 Gibraltar,Fastly,Regional,107
GI,🇬🇮 Gibraltar,Fastly,Regional,107
GI,🇬🇮 Gibraltar,Microsoft,External,31
GI,🇬🇮 Gibraltar,Microsoft,External,31
GI,🇬🇮 Gibraltar,Microsoft,External,31
GI,🇬🇮 Gibraltar,Other,Local,19
GI,🇬🇮 Gibraltar,Other,External,229
GR,🇬🇷 Greece,Akamai,Local,121
GR,🇬🇷 Greece,Akamai,Local,121
GR,🇬🇷 Greece,Akamai,Local,121
GR,🇬🇷 Greece,Akamai,Local,121
GR,🇬🇷 Greece,Akamai,Local,121
GR,🇬🇷 Greece,Amazon,External,53
GR,🇬🇷 Greece,Amazon,External,53
GR,🇬🇷 Greece,Amazon,External,53
GR,🇬🇷 Greece,Amazon,External,53
GR,🇬🇷 Greece,Amazon,External,53
GR,🇬🇷 Greece,Bunnycdn,External,1
GR,🇬🇷 Greece,Bunnycdn,External,1
GR,🇬🇷 Greece,Bunnycdn,External,1
GR,🇬🇷 Greece,Bunnycdn,External,1
GR,🇬🇷 Greece,Bunnycdn,External,1
GR,🇬🇷 Greece,Cloudflare,Local,396
GR,🇬🇷 Greece,Cloudflare,Local,396
GR,🇬🇷 Greece,Cloudflare,Local,396
GR,🇬🇷 Greece,Cloudflare,Local,396
GR,🇬🇷 Greece,Cloudflare,Local,396
GR,🇬🇷 Greece,Facebook,External,4
GR,🇬🇷 Greece,Facebook,External,4
GR,🇬🇷 Greece,Facebook,External,4
GR,🇬🇷 Greece,Facebook,External,4
GR,🇬🇷 Greece,Facebook,External,4
GR,🇬🇷 Greece,Fastly,External,19
GR,🇬🇷 Greece,Fastly,External,19
GR,🇬🇷 Greece,Fastly,External,19
GR,🇬🇷 Greece,Fastly,External,19
GR,🇬🇷 Greece,Fastly,External,19
GR,🇬🇷 Greece,Microsoft,Local,25
GR,🇬🇷 Greece,Microsoft,Local,25
GR,🇬🇷 Greece,Microsoft,Local,25
GR,🇬🇷 Greece,Microsoft,Local,25
GR,🇬🇷 Greece,Microsoft,Local,25
GR,🇬🇷 Greece,Other,Local,109
GR,🇬🇷 Greece,Other,External,272
GL,🇬🇱 Greenland,Akamai,Local,97
GL,🇬🇱 Greenland,Amazon,External,104
GL,🇬🇱 Greenland,Cdn77,External,2
GL,🇬🇱 Greenland,Cloudflare,External,306
GL,🇬🇱 Greenland,Facebook,External,7
GL,🇬🇱 Greenland,Fastly,Regional,60
GL,🇬🇱 Greenland,Microsoft,External,58
GL,🇬🇱 Greenland,Other,Local,34
GL,🇬🇱 Greenland,Other,External,332
GD,🇬🇩 Grenada,Akamai,Local,143
GD,🇬🇩 Grenada,Alibaba,External,2
GD,🇬🇩 Grenada,Amazon,External,133
GD,🇬🇩 Grenada,Cdn77,External,3
GD,🇬🇩 Grenada,Cloudflare,External,356
GD,🇬🇩 Grenada,Facebook,External,8
GD,🇬🇩 Grenada,Fastly,External,66
GD,🇬🇩 Grenada,Microsoft,External,25
GD,🇬🇩 Grenada,Other,Local,3
GD,🇬🇩 Grenada,Other,External,261
GP,🇬🇵 Guadeloupe,Akamai,Local,118
GP,🇬🇵 Guadeloupe,Akamai,Local,118
GP,🇬🇵 Guadeloupe,Akamai,Local,118
GP,🇬🇵 Guadeloupe,Akamai,Local,118
GP,🇬🇵 Guadeloupe,Amazon,External,90
GP,🇬🇵 Guadeloupe,Amazon,External,90
GP,🇬🇵 Guadeloupe,Amazon,External,90
GP,🇬🇵 Guadeloupe,Amazon,External,90
GP,🇬🇵 Guadeloupe,Cdn77,External,1
GP,🇬🇵 Guadeloupe,Cdn77,External,1
GP,🇬🇵 Guadeloupe,Cdn77,External,1
GP,🇬🇵 Guadeloupe,Cdn77,External,1
GP,🇬🇵 Guadeloupe,Cloudflare,External,352
GP,🇬🇵 Guadeloupe,Cloudflare,External,352
GP,🇬🇵 Guadeloupe,Cloudflare,External,352
GP,🇬🇵 Guadeloupe,Cloudflare,External,352
GP,🇬🇵 Guadeloupe,Facebook,External,7
GP,🇬🇵 Guadeloupe,Facebook,External,7
GP,🇬🇵 Guadeloupe,Facebook,External,7
GP,🇬🇵 Guadeloupe,Facebook,External,7
GP,🇬🇵 Guadeloupe,Fastly,External,26
GP,🇬🇵 Guadeloupe,Fastly,External,26
GP,🇬🇵 Guadeloupe,Fastly,External,26
GP,🇬🇵 Guadeloupe,Fastly,External,26
GP,🇬🇵 Guadeloupe,Microsoft,External,14
GP,🇬🇵 Guadeloupe,Microsoft,External,14
GP,🇬🇵 Guadeloupe,Microsoft,External,14
GP,🇬🇵 Guadeloupe,Microsoft,External,14
GP,🇬🇵 Guadeloupe,Other,Local,3
GP,🇬🇵 Guadeloupe,Other,External,389
GU,🇬🇺 Guam,Akamai,Local,152
GU,🇬🇺 Guam,Akamai,Local,152
GU,🇬🇺 Guam,Akamai,Local,152
GU,🇬🇺 Guam,Akamai,Local,152
GU,🇬🇺 Guam,Akamai,Local,152
GU,🇬🇺 Guam,Alibaba,External,3
GU,🇬🇺 Guam,Alibaba,External,3
GU,🇬🇺 Guam,Alibaba,External,3
GU,🇬🇺 Guam,Alibaba,External,3
GU,🇬🇺 Guam,Alibaba,External,3
GU,🇬🇺 Guam,Amazon,External,140
GU,🇬🇺 Guam,Amazon,External,140
GU,🇬🇺 Guam,Amazon,External,140
GU,🇬🇺 Guam,Amazon,External,140
GU,🇬🇺 Guam,Amazon,External,140
GU,🇬🇺 Guam,Cdn77,External,3
GU,🇬🇺 Guam,Cdn77,External,3
GU,🇬🇺 Guam,Cdn77,External,3
GU,🇬🇺 Guam,Cdn77,External,3
GU,🇬🇺 Guam,Cdn77,External,3
GU,🇬🇺 Guam,Cloudflare,External,338
GU,🇬🇺 Guam,Cloudflare,External,338
GU,🇬🇺 Guam,Cloudflare,External,338
GU,🇬🇺 Guam,Cloudflare,External,338
GU,🇬🇺 Guam,Cloudflare,External,338
GU,🇬🇺 Guam,Facebook,External,8
GU,🇬🇺 Guam,Facebook,External,8
GU,🇬🇺 Guam,Facebook,External,8
GU,🇬🇺 Guam,Facebook,External,8
GU,🇬🇺 Guam,Facebook,External,8
GU,🇬🇺 Guam,Fastly,External,65
GU,🇬🇺 Guam,Fastly,External,65
GU,🇬🇺 Guam,Fastly,External,65
GU,🇬🇺 Guam,Fastly,External,65
GU,🇬🇺 Guam,Fastly,External,65
GU,🇬🇺 Guam,Microsoft,External,19
GU,🇬🇺 Guam,Microsoft,External,19
GU,🇬🇺 Guam,Microsoft,External,19
GU,🇬🇺 Guam,Microsoft,External,19
GU,🇬🇺 Guam,Microsoft,External,19
GU,🇬🇺 Guam,Other,Local,13
GU,🇬🇺 Guam,Other,External,259
GT,🇬🇹 Guatemala,Akamai,Local,67
GT,🇬🇹 Guatemala,Akamai,Local,67
GT,🇬🇹 Guatemala,Akamai,Local,67
GT,🇬🇹 Guatemala,Akamai,Local,67
GT,🇬🇹 Guatemala,Akamai,Local,67
GT,🇬🇹 Guatemala,Akamai,Local,67
GT,🇬🇹 Guatemala,Alibaba,External,1
GT,🇬🇹 Guatemala,Alibaba,External,1
GT,🇬🇹 Guatemala,Alibaba,External,1
GT,🇬🇹 Guatemala,Alibaba,External,1
GT,🇬🇹 Guatemala,Alibaba,External,1
GT,🇬🇹 Guatemala,Alibaba,External,1
GT,🇬🇹 Guatemala,Amazon,External,135
GT,🇬🇹 Guatemala,Amazon,External,135
GT,🇬🇹 Guatemala,Amazon,External,135
GT,🇬🇹 Guatemala,Amazon,External,135
GT,🇬🇹 Guatemala,Amazon,External,135
GT,🇬🇹 Guatemala,Amazon,External,135
GT,🇬🇹 Guatemala,Cdn77,External,2
GT,🇬🇹 Guatemala,Cdn77,External,2
GT,🇬🇹 Guatemala,Cdn77,External,2
GT,🇬🇹 Guatemala,Cdn77,External,2
GT,🇬🇹 Guatemala,Cdn77,External,2
GT,🇬🇹 Guatemala,Cdn77,External,2
GT,🇬🇹 Guatemala,Cloudflare,Local,29
GT,🇬🇹 Guatemala,Cloudflare,External,356
GT,🇬🇹 Guatemala,Cloudflare,Local,29
GT,🇬🇹 Guatemala,Cloudflare,External,356
GT,🇬🇹 Guatemala,Cloudflare,Local,29
GT,🇬🇹 Guatemala,Cloudflare,External,356
GT,🇬🇹 Guatemala,Cloudflare,Local,29
GT,🇬🇹 Guatemala,Cloudflare,External,356
GT,🇬🇹 Guatemala,Cloudflare,Local,29
GT,🇬🇹 Guatemala,Cloudflare,External,356
GT,🇬🇹 Guatemala,Cloudflare,Local,29
GT,🇬🇹 Guatemala,Cloudflare,External,356
GT,🇬🇹 Guatemala,Facebook,External,9
GT,🇬🇹 Guatemala,Facebook,External,9
GT,🇬🇹 Guatemala,Facebook,External,9
GT,🇬🇹 Guatemala,Facebook,External,9
GT,🇬🇹 Guatemala,Facebook,External,9
GT,🇬🇹 Guatemala,Facebook,External,9
GT,🇬🇹 Guatemala,Fastly,Regional,4
GT,🇬🇹 Guatemala,Fastly,External,35
GT,🇬🇹 Guatemala,Fastly,Regional,4
GT,🇬🇹 Guatemala,Fastly,External,35
GT,🇬🇹 Guatemala,Fastly,Regional,4
GT,🇬🇹 Guatemala,Fastly,External,35
GT,🇬🇹 Guatemala,Fastly,Regional,4
GT,🇬🇹 Guatemala,Fastly,External,35
GT,🇬🇹 Guatemala,Fastly,Regional,4
GT,🇬🇹 Guatemala,Fastly,External,35
GT,🇬🇹 Guatemala,Fastly,Regional,4
GT,🇬🇹 Guatemala,Fastly,External,35
GT,🇬🇹 Guatemala,Microsoft,External,28
GT,🇬🇹 Guatemala,Microsoft,External,28
GT,🇬🇹 Guatemala,Microsoft,External,28
GT,🇬🇹 Guatemala,Microsoft,External,28
GT,🇬🇹 Guatemala,Microsoft,External,28
GT,🇬🇹 Guatemala,Microsoft,External,28
GT,🇬🇹 Guatemala,Other,Local,43
GT,🇬🇹 Guatemala,Other,External,291
GG,🇬🇬 Guernsey,Akamai,Local,145
GG,🇬🇬 Guernsey,Akamai,Local,145
GG,🇬🇬 Guernsey,Amazon,Regional,170
GG,🇬🇬 Guernsey,Amazon,Regional,170
GG,🇬🇬 Guernsey,Bunnycdn,External,1
GG,🇬🇬 Guernsey,Bunnycdn,External,1
GG,🇬🇬 Guernsey,Cloudflare,Regional,244
GG,🇬🇬 Guernsey,Cloudflare,External,55
GG,🇬🇬 Guernsey,Cloudflare,Regional,244
GG,🇬🇬 Guernsey,Cloudflare,External,55
GG,🇬🇬 Guernsey,Facebook,External,6
GG,🇬🇬 Guernsey,Facebook,External,6
GG,🇬🇬 Guernsey,Fastly,Regional,88
GG,🇬🇬 Guernsey,Fastly,Regional,88
GG,🇬🇬 Guernsey,Microsoft,External,46
GG,🇬🇬 Guernsey,Microsoft,External,46
GG,🇬🇬 Guernsey,Other,Local,2
GG,🇬🇬 Guernsey,Other,External,243
GN,🇬🇳 Guinea,Akamai,Local,78
GN,🇬🇳 Guinea,Amazon,External,81
GN,🇬🇳 Guinea,Cdn77,External,2
GN,🇬🇳 Guinea,Cloudflare,Regional,386
GN,🇬🇳 Guinea,Facebook,External,9
GN,🇬🇳 Guinea,Fastly,External,22
GN,🇬🇳 Guinea,Microsoft,External,13
GN,🇬🇳 Guinea,Other,Local,11
GN,🇬🇳 Guinea,Other,External,396
GW,🇬🇼 Guinea-Bissau,Akamai,External,93
GW,🇬🇼 Guinea-Bissau,Akamai,External,93
GW,🇬🇼 Guinea-Bissau,Alibaba,External,5
GW,🇬🇼 Guinea-Bissau,Alibaba,External,5
GW,🇬🇼 Guinea-Bissau,Amazon,External,85
GW,🇬🇼 Guinea-Bissau,Amazon,External,85
GW,🇬🇼 Guinea-Bissau,Cdn77,External,2
GW,🇬🇼 Guinea-Bissau,Cdn77,External,2
GW,🇬🇼 Guinea-Bissau,Cloudflare,External,384
GW,🇬🇼 Guinea-Bissau,Cloudflare,External,384
GW,🇬🇼 Guinea-Bissau,Facebook,External,9
GW,🇬🇼 Guinea-Bissau,Facebook,External,9
GW,🇬🇼 Guinea-Bissau,Fastly,Regional,11
GW,🇬🇼 Guinea-Bissau,Fastly,External,38
GW,🇬🇼 Guinea-Bissau,Fastly,Regional,11
GW,🇬🇼 Guinea-Bissau,Fastly,External,38
GW,🇬🇼 Guinea-Bissau,Microsoft,External,17
GW,🇬🇼 Guinea-Bissau,Microsoft,External,17
GW,🇬🇼 Guinea-Bissau,Other,Local,9
GW,🇬🇼 Guinea-Bissau,Other,External,344
GY,🇬🇾 Guyana,Akamai,External,95
GY,🇬🇾 Guyana,Akamai,External,95
GY,🇬🇾 Guyana,Akamai,External,95
GY,🇬🇾 Guyana,Akamai,External,95
GY,🇬🇾 Guyana,Alibaba,External,2
GY,🇬🇾 Guyana,Alibaba,External,2
GY,🇬🇾 Guyana,Alibaba,External,2
GY,🇬🇾 Guyana,Alibaba,External,2
GY,🇬🇾 Guyana,Amazon,Regional,4
GY,🇬🇾 Guyana,Amazon,External,89
GY,🇬🇾 Guyana,Amazon,Regional,4
GY,🇬🇾 Guyana,Amazon,External,89
GY,🇬🇾 Guyana,Amazon,Regional,4
GY,🇬🇾 Guyana,Amazon,External,89
GY,🇬🇾 Guyana,Amazon,Regional,4
GY,🇬🇾 Guyana,Amazon,External,89
GY,🇬🇾 Guyana,Cdn77,External,1
GY,🇬🇾 Guyana,Cdn77,External,1
GY,🇬🇾 Guyana,Cdn77,External,1
GY,🇬🇾 Guyana,Cdn77,External,1
GY,🇬🇾 Guyana,Cloudflare,Local,123
GY,🇬🇾 Guyana,Cloudflare,External,320
GY,🇬🇾 Guyana,Cloudflare,Local,123
GY,🇬🇾 Guyana,Cloudflare,External,320
GY,🇬🇾 Guyana,Cloudflare,Local,123
GY,🇬🇾 Guyana,Cloudflare,External,320
GY,🇬🇾 Guyana,Cloudflare,Local,123
GY,🇬🇾 Guyana,Cloudflare,External,320
GY,🇬🇾 Guyana,Facebook,External,7
GY,🇬🇾 Guyana,Facebook,External,7
GY,🇬🇾 Guyana,Facebook,External,7
GY,🇬🇾 Guyana,Facebook,External,7
GY,🇬🇾 Guyana,Fastly,External,45
GY,🇬🇾 Guyana,Fastly,External,45
GY,🇬🇾 Guyana,Fastly,External,45
GY,🇬🇾 Guyana,Fastly,External,45
GY,🇬🇾 Guyana,Microsoft,External,23
GY,🇬🇾 Guyana,Microsoft,External,23
GY,🇬🇾 Guyana,Microsoft,External,23
GY,🇬🇾 Guyana,Microsoft,External,23
GY,🇬🇾 Guyana,Other,Local,8
GY,🇬🇾 Guyana,Other,External,283
HT,🇭🇹 Haiti,Akamai,Local,78
HT,🇭🇹 Haiti,Akamai,Local,78
HT,🇭🇹 Haiti,Akamai,Local,78
HT,🇭🇹 Haiti,Akamai,Local,78
HT,🇭🇹 Haiti,Alibaba,External,2
HT,🇭🇹 Haiti,Alibaba,External,2
HT,🇭🇹 Haiti,Alibaba,External,2
HT,🇭🇹 Haiti,Alibaba,External,2
HT,🇭🇹 Haiti,Amazon,External,110
HT,🇭🇹 Haiti,Amazon,External,110
HT,🇭🇹 Haiti,Amazon,External,110
HT,🇭🇹 Haiti,Amazon,External,110
HT,🇭🇹 Haiti,Cloudflare,External,401
HT,🇭🇹 Haiti,Cloudflare,External,401
HT,🇭🇹 Haiti,Cloudflare,External,401
HT,🇭🇹 Haiti,Cloudflare,External,401
HT,🇭🇹 Haiti,Facebook,External,10
HT,🇭🇹 Haiti,Facebook,External,10
HT,🇭🇹 Haiti,Facebook,External,10
HT,🇭🇹 Haiti,Facebook,External,10
HT,🇭🇹 Haiti,Fastly,External,46
HT,🇭🇹 Haiti,Fastly,External,46
HT,🇭🇹 Haiti,Fastly,External,46
HT,🇭🇹 Haiti,Fastly,External,46
HT,🇭🇹 Haiti,Microsoft,External,12
HT,🇭🇹 Haiti,Microsoft,External,12
HT,🇭🇹 Haiti,Microsoft,External,12
HT,🇭🇹 Haiti,Microsoft,External,12
HT,🇭🇹 Haiti,Other,Local,10
HT,🇭🇹 Haiti,Other,External,329
HN,🇭🇳 Honduras,Akamai,Local,79
HN,🇭🇳 Honduras,Akamai,Local,79
HN,🇭🇳 Honduras,Akamai,Local,79
HN,🇭🇳 Honduras,Akamai,Local,79
HN,🇭🇳 Honduras,Akamai,Local,79
HN,🇭🇳 Honduras,Akamai,Local,79
HN,🇭🇳 Honduras,Akamai,Local,79
HN,🇭🇳 Honduras,Akamai,Local,79
HN,🇭🇳 Honduras,Akamai,Local,79
HN,🇭🇳 Honduras,Akamai,Local,79
HN,🇭🇳 Honduras,Akamai,Local,79
HN,🇭🇳 Honduras,Akamai,Local,79
HN,🇭🇳 Honduras,Akamai,Local,79
HN,🇭🇳 Honduras,Amazon,External,145
HN,🇭🇳 Honduras,Amazon,External,145
HN,🇭🇳 Honduras,Amazon,External,145
HN,🇭🇳 Honduras,Amazon,External,145
HN,🇭🇳 Honduras,Amazon,External,145
HN,🇭🇳 Honduras,Amazon,External,145
HN,🇭🇳 Honduras,Amazon,External,145
HN,🇭🇳 Honduras,Amazon,External,145
HN,🇭🇳 Honduras,Amazon,External,145
HN,🇭🇳 Honduras,Amazon,External,145
HN,🇭🇳 Honduras,Amazon,External,145
HN,🇭🇳 Honduras,Amazon,External,145
HN,🇭🇳 Honduras,Amazon,External,145
HN,🇭🇳 Honduras,Cdn77,External,1
HN,🇭🇳 Honduras,Cdn77,External,1
HN,🇭🇳 Honduras,Cdn77,External,1
HN,🇭🇳 Honduras,Cdn77,External,1
HN,🇭🇳 Honduras,Cdn77,External,1
HN,🇭🇳 Honduras,Cdn77,External,1
HN,🇭🇳 Honduras,Cdn77,External,1
HN,🇭🇳 Honduras,Cdn77,External,1
HN,🇭🇳 Honduras,Cdn77,External,1
HN,🇭🇳 Honduras,Cdn77,External,1
HN,🇭🇳 Honduras,Cdn77,External,1
HN,🇭🇳 Honduras,Cdn77,External,1
HN,🇭🇳 Honduras,Cdn77,External,1
HN,🇭🇳 Honduras,Cloudflare,Local,105
HN,🇭🇳 Honduras,Cloudflare,Regional,48
HN,🇭🇳 Honduras,Cloudflare,External,215
HN,🇭🇳 Honduras,Cloudflare,Local,105
HN,🇭🇳 Honduras,Cloudflare,Regional,48
HN,🇭🇳 Honduras,Cloudflare,External,215
HN,🇭🇳 Honduras,Cloudflare,Local,105
HN,🇭🇳 Honduras,Cloudflare,Regional,48
HN,🇭🇳 Honduras,Cloudflare,External,215
HN,🇭🇳 Honduras,Cloudflare,Local,105
HN,🇭🇳 Honduras,Cloudflare,Regional,48
HN,🇭🇳 Honduras,Cloudflare,External,215
HN,🇭🇳 Honduras,Cloudflare,Local,105
HN,🇭🇳 Honduras,Cloudflare,Regional,48
HN,🇭🇳 Honduras,Cloudflare,External,215
HN,🇭🇳 Honduras,Cloudflare,Local,105
HN,🇭🇳 Honduras,Cloudflare,Regional,48
HN,🇭🇳 Honduras,Cloudflare,External,215
HN,🇭🇳 Honduras,Cloudflare,Local,105
HN,🇭🇳 Honduras,Cloudflare,Regional,48
HN,🇭🇳 Honduras,Cloudflare,External,215
HN,🇭🇳 Honduras,Cloudflare,Local,105
HN,🇭🇳 Honduras,Cloudflare,Regional,48
HN,🇭🇳 Honduras,Cloudflare,External,215
HN,🇭🇳 Honduras,Cloudflare,Local,105
HN,🇭🇳 Honduras,Cloudflare,Regional,48
HN,🇭🇳 Honduras,Cloudflare,External,215
HN,🇭🇳 Honduras,Cloudflare,Local,105
HN,🇭🇳 Honduras,Cloudflare,Regional,48
HN,🇭🇳 Honduras,Cloudflare,External,215
HN,🇭🇳 Honduras,Cloudflare,Local,105
HN,🇭🇳 Honduras,Cloudflare,Regional,48
HN,🇭🇳 Honduras,Cloudflare,External,215
HN,🇭🇳 Honduras,Cloudflare,Local,105
HN,🇭🇳 Honduras,Cloudflare,Regional,48
HN,🇭🇳 Honduras,Cloudflare,External,215
HN,🇭🇳 Honduras,Cloudflare,Local,105
HN,🇭🇳 Honduras,Cloudflare,Regional,48
HN,🇭🇳 Honduras,Cloudflare,External,215
HN,🇭🇳 Honduras,Facebook,External,11
HN,🇭🇳 Honduras,Facebook,External,11
HN,🇭🇳 Honduras,Facebook,External,11
HN,🇭🇳 Honduras,Facebook,External,11
HN,🇭🇳 Honduras,Facebook,External,11
HN,🇭🇳 Honduras,Facebook,External,11
HN,🇭🇳 Honduras,Facebook,External,11
HN,🇭🇳 Honduras,Facebook,External,11
HN,🇭🇳 Honduras,Facebook,External,11
HN,🇭🇳 Honduras,Facebook,External,11
HN,🇭🇳 Honduras,Facebook,External,11
HN,🇭🇳 Honduras,Facebook,External,11
HN,🇭🇳 Honduras,Facebook,External,11
HN,🇭🇳 Honduras,Fastly,Regional,1
HN,🇭🇳 Honduras,Fastly,External,43
HN,🇭🇳 Honduras,Fastly,Regional,1
HN,🇭🇳 Honduras,Fastly,External,43
HN,🇭🇳 Honduras,Fastly,Regional,1
HN,🇭🇳 Honduras,Fastly,External,43
HN,🇭🇳 Honduras,Fastly,Regional,1
HN,🇭🇳 Honduras,Fastly,External,43
HN,🇭🇳 Honduras,Fastly,Regional,1
HN,🇭🇳 Honduras,Fastly,External,43
HN,🇭🇳 Honduras,Fastly,Regional,1
HN,🇭🇳 Honduras,Fastly,External,43
HN,🇭🇳 Honduras,Fastly,Regional,1
HN,🇭🇳 Honduras,Fastly,External,43
HN,🇭🇳 Honduras,Fastly,Regional,1
HN,🇭🇳 Honduras,Fastly,External,43
HN,🇭🇳 Honduras,Fastly,Regional,1
HN,🇭🇳 Honduras,Fastly,External,43
HN,🇭🇳 Honduras,Fastly,Regional,1
HN,🇭🇳 Honduras,Fastly,External,43
HN,🇭🇳 Honduras,Fastly,Regional,1
HN,🇭🇳 Honduras,Fastly,External,43
HN,🇭🇳 Honduras,Fastly,Regional,1
HN,🇭🇳 Honduras,Fastly,External,43
HN,🇭🇳 Honduras,Fastly,Regional,1
HN,🇭🇳 Honduras,Fastly,External,43
HN,🇭🇳 Honduras,Microsoft,External,29
HN,🇭🇳 Honduras,Microsoft,External,29
HN,🇭🇳 Honduras,Microsoft,External,29
HN,🇭🇳 Honduras,Microsoft,External,29
HN,🇭🇳 Honduras,Microsoft,External,29
HN,🇭🇳 Honduras,Microsoft,External,29
HN,🇭🇳 Honduras,Microsoft,External,29
HN,🇭🇳 Honduras,Microsoft,External,29
HN,🇭🇳 Honduras,Microsoft,External,29
HN,🇭🇳 Honduras,Microsoft,External,29
HN,🇭🇳 Honduras,Microsoft,External,29
HN,🇭🇳 Honduras,Microsoft,External,29
HN,🇭🇳 Honduras,Microsoft,External,29
HN,🇭🇳 Honduras,Other,Local,43
HN,🇭🇳 Honduras,Other,External,281
HK,🇭🇰 Hong Kong,Akamai,External,82
HK,🇭🇰 Hong Kong,Akamai,External,82
HK,🇭🇰 Hong Kong,Akamai,External,82
HK,🇭🇰 Hong Kong,Akamai,External,82
HK,🇭🇰 Hong Kong,Akamai,External,82
HK,🇭🇰 Hong Kong,Akamai,External,82
HK,🇭🇰 Hong Kong,Akamai,External,82
HK,🇭🇰 Hong Kong,Akamai,External,82
HK,🇭🇰 Hong Kong,Akamai,External,82
HK,🇭🇰 Hong Kong,Akamai,External,82
HK,🇭🇰 Hong Kong,Akamai,External,82
HK,🇭🇰 Hong Kong,Alibaba,External,52
HK,🇭🇰 Hong Kong,Alibaba,External,52
HK,🇭🇰 Hong Kong,Alibaba,External,52
HK,🇭🇰 Hong Kong,Alibaba,External,52
HK,🇭🇰 Hong Kong,Alibaba,External,52
HK,🇭🇰 Hong Kong,Alibaba,External,52
HK,🇭🇰 Hong Kong,Alibaba,External,52
HK,🇭🇰 Hong Kong,Alibaba,External,52
HK,🇭🇰 Hong Kong,Alibaba,External,52
HK,🇭🇰 Hong Kong,Alibaba,External,52
HK,🇭🇰 Hong Kong,Alibaba,External,52
HK,🇭🇰 Hong Kong,Amazon,Regional,2
HK,🇭🇰 Hong Kong,Amazon,External,94
HK,🇭🇰 Hong Kong,Amazon,Regional,2
HK,🇭🇰 Hong Kong,Amazon,External,94
HK,🇭🇰 Hong Kong,Amazon,Regional,2
HK,🇭🇰 Hong Kong,Amazon,External,94
HK,🇭🇰 Hong Kong,Amazon,Regional,2
HK,🇭🇰 Hong Kong,Amazon,External,94
HK,🇭🇰 Hong Kong,Amazon,Regional,2
HK,🇭🇰 Hong Kong,Amazon,External,94
HK,🇭🇰 Hong Kong,Amazon,Regional,2
HK,🇭🇰 Hong Kong,Amazon,External,94
HK,🇭🇰 Hong Kong,Amazon,Regional,2
HK,🇭🇰 Hong Kong,Amazon,External,94
HK,🇭🇰 Hong Kong,Amazon,Regional,2
HK,🇭🇰 Hong Kong,Amazon,External,94
HK,🇭🇰 Hong Kong,Amazon,Regional,2
HK,🇭🇰 Hong Kong,Amazon,External,94
HK,🇭🇰 Hong Kong,Amazon,Regional,2
HK,🇭🇰 Hong Kong,Amazon,External,94
HK,🇭🇰 Hong Kong,Amazon,Regional,2
HK,🇭🇰 Hong Kong,Amazon,External,94
HK,🇭🇰 Hong Kong,Bunnycdn,External,1
HK,🇭🇰 Hong Kong,Bunnycdn,External,1
HK,🇭🇰 Hong Kong,Bunnycdn,External,1
HK,🇭🇰 Hong Kong,Bunnycdn,External,1
HK,🇭🇰 Hong Kong,Bunnycdn,External,1
HK,🇭🇰 Hong Kong,Bunnycdn,External,1
HK,🇭🇰 Hong Kong,Bunnycdn,External,1
HK,🇭🇰 Hong Kong,Bunnycdn,External,1
HK,🇭🇰 Hong Kong,Bunnycdn,External,1
HK,🇭🇰 Hong Kong,Bunnycdn,External,1
HK,🇭🇰 Hong Kong,Bunnycdn,External,1
HK,🇭🇰 Hong Kong,Cdn77,External,3
HK,🇭🇰 Hong Kong,Cdn77,External,3
HK,🇭🇰 Hong Kong,Cdn77,External,3
HK,🇭🇰 Hong Kong,Cdn77,External,3
HK,🇭🇰 Hong Kong,Cdn77,External,3
HK,🇭🇰 Hong Kong,Cdn77,External,3
HK,🇭🇰 Hong Kong,Cdn77,External,3
HK,🇭🇰 Hong Kong,Cdn77,External,3
HK,🇭🇰 Hong Kong,Cdn77,External,3
HK,🇭🇰 Hong Kong,Cdn77,External,3
HK,🇭🇰 Hong Kong,Cdn77,External,3
HK,🇭🇰 Hong Kong,Cloudflare,Local,387
HK,🇭🇰 Hong Kong,Cloudflare,External,9
HK,🇭🇰 Hong Kong,Cloudflare,Local,387
HK,🇭🇰 Hong Kong,Cloudflare,External,9
HK,🇭🇰 Hong Kong,Cloudflare,Local,387
HK,🇭🇰 Hong Kong,Cloudflare,External,9
HK,🇭🇰 Hong Kong,Cloudflare,Local,387
HK,🇭🇰 Hong Kong,Cloudflare,External,9
HK,🇭🇰 Hong Kong,Cloudflare,Local,387
HK,🇭🇰 Hong Kong,Cloudflare,External,9
HK,🇭🇰 Hong Kong,Cloudflare,Local,387
HK,🇭🇰 Hong Kong,Cloudflare,External,9
HK,🇭🇰 Hong Kong,Cloudflare,Local,387
HK,🇭🇰 Hong Kong,Cloudflare,External,9
HK,🇭🇰 Hong Kong,Cloudflare,Local,387
HK,🇭🇰 Hong Kong,Cloudflare,External,9
HK,🇭🇰 Hong Kong,Cloudflare,Local,387
HK,🇭🇰 Hong Kong,Cloudflare,External,9
HK,🇭🇰 Hong Kong,Cloudflare,Local,387
HK,🇭🇰 Hong Kong,Cloudflare,External,9
HK,🇭🇰 Hong Kong,Cloudflare,Local,387
HK,🇭🇰 Hong Kong,Cloudflare,External,9
HK,🇭🇰 Hong Kong,Facebook,External,9
HK,🇭🇰 Hong Kong,Facebook,External,9
HK,🇭🇰 Hong Kong,Facebook,External,9
HK,🇭🇰 Hong Kong,Facebook,External,9
HK,🇭🇰 Hong Kong,Facebook,External,9
HK,🇭🇰 Hong Kong,Facebook,External,9
HK,🇭🇰 Hong Kong,Facebook,External,9
HK,🇭🇰 Hong Kong,Facebook,External,9
HK,🇭🇰 Hong Kong,Facebook,External,9
HK,🇭🇰 Hong Kong,Facebook,External,9
HK,🇭🇰 Hong Kong,Facebook,External,9
HK,🇭🇰 Hong Kong,Fastly,Local,19
HK,🇭🇰 Hong Kong,Fastly,Regional,3
HK,🇭🇰 Hong Kong,Fastly,External,1
HK,🇭🇰 Hong Kong,Fastly,Local,19
HK,🇭🇰 Hong Kong,Fastly,Regional,3
HK,🇭🇰 Hong Kong,Fastly,External,1
HK,🇭🇰 Hong Kong,Fastly,Local,19
HK,🇭🇰 Hong Kong,Fastly,Regional,3
HK,🇭🇰 Hong Kong,Fastly,External,1
HK,🇭🇰 Hong Kong,Fastly,Local,19
HK,🇭🇰 Hong Kong,Fastly,Regional,3
HK,🇭🇰 Hong Kong,Fastly,External,1
HK,🇭🇰 Hong Kong,Fastly,Local,19
HK,🇭🇰 Hong Kong,Fastly,Regional,3
HK,🇭🇰 Hong Kong,Fastly,External,1
HK,🇭🇰 Hong Kong,Fastly,Local,19
HK,🇭🇰 Hong Kong,Fastly,Regional,3
HK,🇭🇰 Hong Kong,Fastly,External,1
HK,🇭🇰 Hong Kong,Fastly,Local,19
HK,🇭🇰 Hong Kong,Fastly,Regional,3
HK,🇭🇰 Hong Kong,Fastly,External,1
HK,🇭🇰 Hong Kong,Fastly,Local,19
HK,🇭🇰 Hong Kong,Fastly,Regional,3
HK,🇭🇰 Hong Kong,Fastly,External,1
HK,🇭🇰 Hong Kong,Fastly,Local,19
HK,🇭🇰 Hong Kong,Fastly,Regional,3
HK,🇭🇰 Hong Kong,Fastly,External,1
HK,🇭🇰 Hong Kong,Fastly,Local,19
HK,🇭🇰 Hong Kong,Fastly,Regional,3
HK,🇭🇰 Hong Kong,Fastly,External,1
HK,🇭🇰 Hong Kong,Fastly,Local,19
HK,🇭🇰 Hong Kong,Fastly,Regional,3
HK,🇭🇰 Hong Kong,Fastly,External,1
HK,🇭🇰 Hong Kong,Microsoft,Local,15
HK,🇭🇰 Hong Kong,Microsoft,Local,15
HK,🇭🇰 Hong Kong,Microsoft,Local,15
HK,🇭🇰 Hong Kong,Microsoft,Local,15
HK,🇭🇰 Hong Kong,Microsoft,Local,15
HK,🇭🇰 Hong Kong,Microsoft,Local,15
HK,🇭🇰 Hong Kong,Microsoft,Local,15
HK,🇭🇰 Hong Kong,Microsoft,Local,15
HK,🇭🇰 Hong Kong,Microsoft,Local,15
HK,🇭🇰 Hong Kong,Microsoft,Local,15
HK,🇭🇰 Hong Kong,Microsoft,Local,15
HK,🇭🇰 Hong Kong,Other,Local,89
HK,🇭🇰 Hong Kong,Other,External,233
HU,🇭🇺 Hungary,Akamai,Local,60
HU,🇭🇺 Hungary,Akamai,Local,60
HU,🇭🇺 Hungary,Akamai,Local,60
HU,🇭🇺 Hungary,Akamai,Local,60
HU,🇭🇺 Hungary,Akamai,Local,60
HU,🇭🇺 Hungary,Alibaba,External,1
HU,🇭🇺 Hungary,Alibaba,External,1
HU,🇭🇺 Hungary,Alibaba,External,1
HU,🇭🇺 Hungary,Alibaba,External,1
HU,🇭🇺 Hungary,Alibaba,External,1
HU,🇭🇺 Hungary,Amazon,External,68
HU,🇭🇺 Hungary,Amazon,External,68
HU,🇭🇺 Hungary,Amazon,External,68
HU,🇭🇺 Hungary,Amazon,External,68
HU,🇭🇺 Hungary,Amazon,External,68
HU,🇭🇺 Hungary,Cloudflare,Local,133
HU,🇭🇺 Hungary,Cloudflare,External,167
HU,🇭🇺 Hungary,Cloudflare,Local,133
HU,🇭🇺 Hungary,Cloudflare,External,167
HU,🇭🇺 Hungary,Cloudflare,Local,133
HU,🇭🇺 Hungary,Cloudflare,External,167
HU,🇭🇺 Hungary,Cloudflare,Local,133
HU,🇭🇺 Hungary,Cloudflare,External,167
HU,🇭🇺 Hungary,Cloudflare,Local,133
HU,🇭🇺 Hungary,Cloudflare,External,167
HU,🇭🇺 Hungary,Facebook,External,7
HU,🇭🇺 Hungary,Facebook,External,7
HU,🇭🇺 Hungary,Facebook,External,7
HU,🇭🇺 Hungary,Facebook,External,7
HU,🇭🇺 Hungary,Facebook,External,7
HU,🇭🇺 Hungary,Fastly,External,14
HU,🇭🇺 Hungary,Fastly,External,14
HU,🇭🇺 Hungary,Fastly,External,14
HU,🇭🇺 Hungary,Fastly,External,14
HU,🇭🇺 Hungary,Fastly,External,14
HU,🇭🇺 Hungary,Microsoft,Local,26
HU,🇭🇺 Hungary,Microsoft,Local,26
HU,🇭🇺 Hungary,Microsoft,Local,26
HU,🇭🇺 Hungary,Microsoft,Local,26
HU,🇭🇺 Hungary,Microsoft,Local,26
HU,🇭🇺 Hungary,Other,Local,332
HU,🇭🇺 Hungary,Other,External,191
IS,🇮🇸 Iceland,Akamai,Local,53
IS,🇮🇸 Iceland,Akamai,Local,53
IS,🇮🇸 Iceland,Akamai,Local,53
IS,🇮🇸 Iceland,Amazon,External,159
IS,🇮🇸 Iceland,Amazon,External,159
IS,🇮🇸 Iceland,Amazon,External,159
IS,🇮🇸 Iceland,Bunnycdn,External,1
IS,🇮🇸 Iceland,Bunnycdn,External,1
IS,🇮🇸 Iceland,Bunnycdn,External,1
IS,🇮🇸 Iceland,Cloudflare,Local,359
IS,🇮🇸 Iceland,Cloudflare,Local,359
IS,🇮🇸 Iceland,Cloudflare,Local,359
IS,🇮🇸 Iceland,Facebook,External,7
IS,🇮🇸 Iceland,Facebook,External,7
IS,🇮🇸 Iceland,Facebook,External,7
IS,🇮🇸 Iceland,Fastly,External,32
IS,🇮🇸 Iceland,Fastly,External,32
IS,🇮🇸 Iceland,Fastly,External,32
IS,🇮🇸 Iceland,Microsoft,External,45
IS,🇮🇸 Iceland,Microsoft,External,45
IS,🇮🇸 Iceland,Microsoft,External,45
IS,🇮🇸 Iceland,Other,Local,174
IS,🇮🇸 Iceland,Other,External,167
IS,🇮🇸 Iceland,Wordpress,Regional,2
IS,🇮🇸 Iceland,Wordpress,External,1
IS,🇮🇸 Iceland,Wordpress,Regional,2
IS,🇮🇸 Iceland,Wordpress,External,1
IS,🇮🇸 Iceland,Wordpress,Regional,2
IS,🇮🇸 Iceland,Wordpress,External,1
IN,🇮🇳 India,Akamai,Local,121
IN,🇮🇳 India,Akamai,Local,121
IN,🇮🇳 India,Akamai,Local,121
IN,🇮🇳 India,Akamai,Local,121
IN,🇮🇳 India,Akamai,Local,121
IN,🇮🇳 India,Akamai,Local,121
IN,🇮🇳 India,Alibaba,External,1
IN,🇮🇳 India,Alibaba,External,1
IN,🇮🇳 India,Alibaba,External,1
IN,🇮🇳 India,Alibaba,External,1
IN,🇮🇳 India,Alibaba,External,1
IN,🇮🇳 India,Alibaba,External,1
IN,🇮🇳 India,Amazon,Local,136
IN,🇮🇳 India,Amazon,Local,136
IN,🇮🇳 India,Amazon,Local,136
IN,🇮🇳 India,Amazon,Local,136
IN,🇮🇳 India,Amazon,Local,136
IN,🇮🇳 India,Amazon,Local,136
IN,🇮🇳 India,Cloudflare,Local,414
IN,🇮🇳 India,Cloudflare,Local,414
IN,🇮🇳 India,Cloudflare,Local,414
IN,🇮🇳 India,Cloudflare,Local,414
IN,🇮🇳 India,Cloudflare,Local,414
IN,🇮🇳 India,Cloudflare,Local,414
IN,🇮🇳 India,Facebook,External,9
IN,🇮🇳 India,Facebook,External,9
IN,🇮🇳 India,Facebook,External,9
IN,🇮🇳 India,Facebook,External,9
IN,🇮🇳 India,Facebook,External,9
IN,🇮🇳 India,Facebook,External,9
IN,🇮🇳 India,Fastly,Local,6
IN,🇮🇳 India,Fastly,External,6
IN,🇮🇳 India,Fastly,Local,6
IN,🇮🇳 India,Fastly,External,6
IN,🇮🇳 India,Fastly,Local,6
IN,🇮🇳 India,Fastly,External,6
IN,🇮🇳 India,Fastly,Local,6
IN,🇮🇳 India,Fastly,External,6
IN,🇮🇳 India,Fastly,Local,6
IN,🇮🇳 India,Fastly,External,6
IN,🇮🇳 India,Fastly,Local,6
IN,🇮🇳 India,Fastly,External,6
IN,🇮🇳 India,Microsoft,Local,5
IN,🇮🇳 India,Microsoft,Local,5
IN,🇮🇳 India,Microsoft,Local,5
IN,🇮🇳 India,Microsoft,Local,5
IN,🇮🇳 India,Microsoft,Local,5
IN,🇮🇳 India,Microsoft,Local,5
IN,🇮🇳 India,Other,Local,142
IN,🇮🇳 India,Other,External,160
ID,🇮🇩 Indonesia,Akamai,Local,28
ID,🇮🇩 Indonesia,Akamai,Local,28
ID,🇮🇩 Indonesia,Akamai,Local,28
ID,🇮🇩 Indonesia,Akamai,Local,28
ID,🇮🇩 Indonesia,Akamai,Local,28
ID,🇮🇩 Indonesia,Akamai,Local,28
ID,🇮🇩 Indonesia,Akamai,Local,28
ID,🇮🇩 Indonesia,Akamai,Local,28
ID,🇮🇩 Indonesia,Akamai,Local,28
ID,🇮🇩 Indonesia,Akamai,Local,28
ID,🇮🇩 Indonesia,Akamai,Local,28
ID,🇮🇩 Indonesia,Akamai,Local,28
ID,🇮🇩 Indonesia,Alibaba,External,9
ID,🇮🇩 Indonesia,Alibaba,External,9
ID,🇮🇩 Indonesia,Alibaba,External,9
ID,🇮🇩 Indonesia,Alibaba,External,9
ID,🇮🇩 Indonesia,Alibaba,External,9
ID,🇮🇩 Indonesia,Alibaba,External,9
ID,🇮🇩 Indonesia,Alibaba,External,9
ID,🇮🇩 Indonesia,Alibaba,External,9
ID,🇮🇩 Indonesia,Alibaba,External,9
ID,🇮🇩 Indonesia,Alibaba,External,9
ID,🇮🇩 Indonesia,Alibaba,External,9
ID,🇮🇩 Indonesia,Amazon,Regional,89
ID,🇮🇩 Indonesia,Amazon,Regional,89
ID,🇮🇩 Indonesia,Amazon,Regional,89
ID,🇮🇩 Indonesia,Amazon,Regional,89
ID,🇮🇩 Indonesia,Amazon,Regional,89
ID,🇮🇩 Indonesia,Amazon,Regional,89
ID,🇮🇩 Indonesia,Amazon,Regional,89
ID,🇮🇩 Indonesia,Amazon,Regional,89
ID,🇮🇩 Indonesia,Amazon,Regional,89
ID,🇮🇩 Indonesia,Amazon,Regional,89
ID,🇮🇩 Indonesia,Amazon,Regional,89
ID,🇮🇩 Indonesia,Amazon,Regional,89
ID,🇮🇩 Indonesia,Bunnycdn,Regional,2
ID,🇮🇩 Indonesia,Bunnycdn,Regional,2
ID,🇮🇩 Indonesia,Bunnycdn,Regional,2
ID,🇮🇩 Indonesia,Bunnycdn,Regional,2
ID,🇮🇩 Indonesia,Bunnycdn,Regional,2
ID,🇮🇩 Indonesia,Bunnycdn,Regional,2
ID,🇮🇩 Indonesia,Bunnycdn,Regional,2
ID,🇮🇩 Indonesia,Bunnycdn,Regional,2
ID,🇮🇩 Indonesia,Bunnycdn,Regional,2
ID,🇮🇩 Indonesia,Bunnycdn,Regional,2
ID,🇮🇩 Indonesia,Bunnycdn,Regional,2
ID,🇮🇩 Indonesia,Cdn77,Regional,3
ID,🇮🇩 Indonesia,Cdn77,External,1
ID,🇮🇩 Indonesia,Cdn77,Regional,3
ID,🇮🇩 Indonesia,Cdn77,External,1
ID,🇮🇩 Indonesia,Cdn77,Regional,3
ID,🇮🇩 Indonesia,Cdn77,External,1
ID,🇮🇩 Indonesia,Cdn77,Regional,3
ID,🇮🇩 Indonesia,Cdn77,External,1
ID,🇮🇩 Indonesia,Cdn77,Regional,3
ID,🇮🇩 Indonesia,Cdn77,External,1
ID,🇮🇩 Indonesia,Cdn77,Regional,3
ID,🇮🇩 Indonesia,Cdn77,External,1
ID,🇮🇩 Indonesia,Cdn77,Regional,3
ID,🇮🇩 Indonesia,Cdn77,External,1
ID,🇮🇩 Indonesia,Cdn77,Regional,3
ID,🇮🇩 Indonesia,Cdn77,External,1
ID,🇮🇩 Indonesia,Cdn77,Regional,3
ID,🇮🇩 Indonesia,Cdn77,External,1
ID,🇮🇩 Indonesia,Cdn77,Regional,3
ID,🇮🇩 Indonesia,Cdn77,External,1
ID,🇮🇩 Indonesia,Cdn77,Regional,3
ID,🇮🇩 Indonesia,Cdn77,External,1
ID,🇮🇩 Indonesia,Cdn77,Regional,3
ID,🇮🇩 Indonesia,Cdn77,External,1
ID,🇮🇩 Indonesia,Cloudflare,Local,141
ID,🇮🇩 Indonesia,Cloudflare,Regional,417
ID,🇮🇩 Indonesia,Cloudflare,Local,141
ID,🇮🇩 Indonesia,Cloudflare,Regional,417
ID,🇮🇩 Indonesia,Cloudflare,Local,141
ID,🇮🇩 Indonesia,Cloudflare,Regional,417
ID,🇮🇩 Indonesia,Cloudflare,Local,141
ID,🇮🇩 Indonesia,Cloudflare,Regional,417
ID,🇮🇩 Indonesia,Cloudflare,Local,141
ID,🇮🇩 Indonesia,Cloudflare,Regional,417
ID,🇮🇩 Indonesia,Cloudflare,Local,141
ID,🇮🇩 Indonesia,Cloudflare,Regional,417
ID,🇮🇩 Indonesia,Cloudflare,Local,141
ID,🇮🇩 Indonesia,Cloudflare,Regional,417
ID,🇮🇩 Indonesia,Cloudflare,Local,141
ID,🇮🇩 Indonesia,Cloudflare,Regional,417
ID,🇮🇩 Indonesia,Cloudflare,Local,141
ID,🇮🇩 Indonesia,Cloudflare,Regional,417
ID,🇮🇩 Indonesia,Cloudflare,Local,141
ID,🇮🇩 Indonesia,Cloudflare,Regional,417
ID,🇮🇩 Indonesia,Cloudflare,Local,141
ID,🇮🇩 Indonesia,Cloudflare,Regional,417
ID,🇮🇩 Indonesia,Cloudflare,Local,141
ID,🇮🇩 Indonesia,Cloudflare,Regional,417
ID,🇮🇩 Indonesia,Facebook,External,8
ID,🇮🇩 Indonesia,Facebook,External,8
ID,🇮🇩 Indonesia,Facebook,External,8
ID,🇮🇩 Indonesia,Facebook,External,8
ID,🇮🇩 Indonesia,Facebook,External,8
ID,🇮🇩 Indonesia,Facebook,External,8
ID,🇮🇩 Indonesia,Facebook,External,8
ID,🇮🇩 Indonesia,Facebook,External,8
ID,🇮🇩 Indonesia,Facebook,External,8
ID,🇮🇩 Indonesia,Facebook,External,8
ID,🇮🇩 Indonesia,Facebook,External,8
ID,🇮🇩 Indonesia,Facebook,External,8
ID,🇮🇩 Indonesia,Fastly,Regional,11
ID,🇮🇩 Indonesia,Fastly,Regional,11
ID,🇮🇩 Indonesia,Fastly,Regional,11
ID,🇮🇩 Indonesia,Fastly,Regional,11
ID,🇮🇩 Indonesia,Fastly,Regional,11
ID,🇮🇩 Indonesia,Fastly,Regional,11
ID,🇮🇩 Indonesia,Fastly,Regional,11
ID,🇮🇩 Indonesia,Fastly,Regional,11
ID,🇮🇩 Indonesia,Fastly,Regional,11
ID,🇮🇩 Indonesia,Fastly,Regional,11
ID,🇮🇩 Indonesia,Fastly,Regional,11
ID,🇮🇩 Indonesia,Fastly,Regional,11
ID,🇮🇩 Indonesia,Microsoft,Local,5
ID,🇮🇩 Indonesia,Microsoft,Local,5
ID,🇮🇩 Indonesia,Microsoft,Local,5
ID,🇮🇩 Indonesia,Microsoft,Local,5
ID,🇮🇩 Indonesia,Microsoft,Local,5
ID,🇮🇩 Indonesia,Microsoft,Local,5
ID,🇮🇩 Indonesia,Microsoft,Local,5
ID,🇮🇩 Indonesia,Microsoft,Local,5
ID,🇮🇩 Indonesia,Microsoft,Local,5
ID,🇮🇩 Indonesia,Microsoft,Local,5
ID,🇮🇩 Indonesia,Microsoft,Local,5
ID,🇮🇩 Indonesia,Microsoft,Local,5
ID,🇮🇩 Indonesia,Other,Local,58
ID,🇮🇩 Indonesia,Other,External,228
IR,🇮🇷 Iran,Akamai,External,12
IR,🇮🇷 Iran,Akamai,External,12
IR,🇮🇷 Iran,Akamai,External,12
IR,🇮🇷 Iran,Alibaba,External,2
IR,🇮🇷 Iran,Alibaba,External,2
IR,🇮🇷 Iran,Alibaba,External,2
IR,🇮🇷 Iran,Amazon,External,8
IR,🇮🇷 Iran,Amazon,External,8
IR,🇮🇷 Iran,Amazon,External,8
IR,🇮🇷 Iran,Cloudflare,External,156
IR,🇮🇷 Iran,Cloudflare,External,156
IR,🇮🇷 Iran,Cloudflare,External,156
IR,🇮🇷 Iran,Fastly,External,7
IR,🇮🇷 Iran,Fastly,External,7
IR,🇮🇷 Iran,Fastly,External,7
IR,🇮🇷 Iran,Microsoft,External,3
IR,🇮🇷 Iran,Microsoft,External,3
IR,🇮🇷 Iran,Microsoft,External,3
IR,🇮🇷 Iran,Other,Local,340
IR,🇮🇷 Iran,Other,External,471
IQ,🇮🇶 Iraq,Akamai,Local,42
IQ,🇮🇶 Iraq,Akamai,Local,42
IQ,🇮🇶 Iraq,Akamai,Local,42
IQ,🇮🇶 Iraq,Akamai,Local,42
IQ,🇮🇶 Iraq,Akamai,Local,42
IQ,🇮🇶 Iraq,Akamai,Local,42
IQ,🇮🇶 Iraq,Akamai,Local,42
IQ,🇮🇶 Iraq,Akamai,Local,42
IQ,🇮🇶 Iraq,Akamai,Local,42
IQ,🇮🇶 Iraq,Akamai,Local,42
IQ,🇮🇶 Iraq,Akamai,Local,42
IQ,🇮🇶 Iraq,Akamai,Local,42
IQ,🇮🇶 Iraq,Akamai,Local,42
IQ,🇮🇶 Iraq,Alibaba,External,2
IQ,🇮🇶 Iraq,Alibaba,External,2
IQ,🇮🇶 Iraq,Alibaba,External,2
IQ,🇮🇶 Iraq,Alibaba,External,2
IQ,🇮🇶 Iraq,Alibaba,External,2
IQ,🇮🇶 Iraq,Alibaba,External,2
IQ,🇮🇶 Iraq,Alibaba,External,2
IQ,🇮🇶 Iraq,Alibaba,External,2
IQ,🇮🇶 Iraq,Alibaba,External,2
IQ,🇮🇶 Iraq,Alibaba,External,2
IQ,🇮🇶 Iraq,Alibaba,External,2
IQ,🇮🇶 Iraq,Alibaba,External,2
IQ,🇮🇶 Iraq,Alibaba,External,2
IQ,🇮🇶 Iraq,Amazon,Regional,16
IQ,🇮🇶 Iraq,Amazon,External,52
IQ,🇮🇶 Iraq,Amazon,Regional,16
IQ,🇮🇶 Iraq,Amazon,External,52
IQ,🇮🇶 Iraq,Amazon,Regional,16
IQ,🇮🇶 Iraq,Amazon,External,52
IQ,🇮🇶 Iraq,Amazon,Regional,16
IQ,🇮🇶 Iraq,Amazon,External,52
IQ,🇮🇶 Iraq,Amazon,Regional,16
IQ,🇮🇶 Iraq,Amazon,External,52
IQ,🇮🇶 Iraq,Amazon,Regional,16
IQ,🇮🇶 Iraq,Amazon,External,52
IQ,🇮🇶 Iraq,Amazon,Regional,16
IQ,🇮🇶 Iraq,Amazon,External,52
IQ,🇮🇶 Iraq,Amazon,Regional,16
IQ,🇮🇶 Iraq,Amazon,External,52
IQ,🇮🇶 Iraq,Amazon,Regional,16
IQ,🇮🇶 Iraq,Amazon,External,52
IQ,🇮🇶 Iraq,Amazon,Regional,16
IQ,🇮🇶 Iraq,Amazon,External,52
IQ,🇮🇶 Iraq,Amazon,Regional,16
IQ,🇮🇶 Iraq,Amazon,External,52
IQ,🇮🇶 Iraq,Amazon,Regional,16
IQ,🇮🇶 Iraq,Amazon,External,52
IQ,🇮🇶 Iraq,Amazon,Regional,16
IQ,🇮🇶 Iraq,Amazon,External,52
IQ,🇮🇶 Iraq,Cloudflare,Local,289
IQ,🇮🇶 Iraq,Cloudflare,Regional,228
IQ,🇮🇶 Iraq,Cloudflare,External,40
IQ,🇮🇶 Iraq,Cloudflare,Local,289
IQ,🇮🇶 Iraq,Cloudflare,Regional,228
IQ,🇮🇶 Iraq,Cloudflare,External,40
IQ,🇮🇶 Iraq,Cloudflare,Local,289
IQ,🇮🇶 Iraq,Cloudflare,Regional,228
IQ,🇮🇶 Iraq,Cloudflare,External,40
IQ,🇮🇶 Iraq,Cloudflare,Local,289
IQ,🇮🇶 Iraq,Cloudflare,Regional,228
IQ,🇮🇶 Iraq,Cloudflare,External,40
IQ,🇮🇶 Iraq,Cloudflare,Local,289
IQ,🇮🇶 Iraq,Cloudflare,Regional,228
IQ,🇮🇶 Iraq,Cloudflare,External,40
IQ,🇮🇶 Iraq,Cloudflare,Local,289
IQ,🇮🇶 Iraq,Cloudflare,Regional,228
IQ,🇮🇶 Iraq,Cloudflare,External,40
IQ,🇮🇶 Iraq,Cloudflare,Local,289
IQ,🇮🇶 Iraq,Cloudflare,Regional,228
IQ,🇮🇶 Iraq,Cloudflare,External,40
IQ,🇮🇶 Iraq,Cloudflare,Local,289
IQ,🇮🇶 Iraq,Cloudflare,Regional,228
IQ,🇮🇶 Iraq,Cloudflare,External,40
IQ,🇮🇶 Iraq,Cloudflare,Local,289
IQ,🇮🇶 Iraq,Cloudflare,Regional,228
IQ,🇮🇶 Iraq,Cloudflare,External,40
IQ,🇮🇶 Iraq,Cloudflare,Local,289
IQ,🇮🇶 Iraq,Cloudflare,Regional,228
IQ,🇮🇶 Iraq,Cloudflare,External,40
IQ,🇮🇶 Iraq,Cloudflare,Local,289
IQ,🇮🇶 Iraq,Cloudflare,Regional,228
IQ,🇮🇶 Iraq,Cloudflare,External,40
IQ,🇮🇶 Iraq,Cloudflare,Local,289
IQ,🇮🇶 Iraq,Cloudflare,Regional,228
IQ,🇮🇶 Iraq,Cloudflare,External,40
IQ,🇮🇶 Iraq,Cloudflare,Local,289
IQ,🇮🇶 Iraq,Cloudflare,Regional,228
IQ,🇮🇶 Iraq,Cloudflare,External,40
IQ,🇮🇶 Iraq,Facebook,External,10
IQ,🇮🇶 Iraq,Facebook,External,10
IQ,🇮🇶 Iraq,Facebook,External,10
IQ,🇮🇶 Iraq,Facebook,External,10
IQ,🇮🇶 Iraq,Facebook,External,10
IQ,🇮🇶 Iraq,Facebook,External,10
IQ,🇮🇶 Iraq,Facebook,External,10
IQ,🇮🇶 Iraq,Facebook,External,10
IQ,🇮🇶 Iraq,Facebook,External,10
IQ,🇮🇶 Iraq,Facebook,External,10
IQ,🇮🇶 Iraq,Facebook,External,10
IQ,🇮🇶 Iraq,Facebook,External,10
IQ,🇮🇶 Iraq,Facebook,External,10
IQ,🇮🇶 Iraq,Fastly,External,17
IQ,🇮🇶 Iraq,Fastly,External,17
IQ,🇮🇶 Iraq,Fastly,External,17
IQ,🇮🇶 Iraq,Fastly,External,17
IQ,🇮🇶 Iraq,Fastly,External,17
IQ,🇮🇶 Iraq,Fastly,External,17
IQ,🇮🇶 Iraq,Fastly,External,17
IQ,🇮🇶 Iraq,Fastly,External,17
IQ,🇮🇶 Iraq,Fastly,External,17
IQ,🇮🇶 Iraq,Fastly,External,17
IQ,🇮🇶 Iraq,Fastly,External,17
IQ,🇮🇶 Iraq,Fastly,External,17
IQ,🇮🇶 Iraq,Fastly,External,17
IQ,🇮🇶 Iraq,Microsoft,External,13
IQ,🇮🇶 Iraq,Microsoft,External,13
IQ,🇮🇶 Iraq,Microsoft,External,13
IQ,🇮🇶 Iraq,Microsoft,External,13
IQ,🇮🇶 Iraq,Microsoft,External,13
IQ,🇮🇶 Iraq,Microsoft,External,13
IQ,🇮🇶 Iraq,Microsoft,External,13
IQ,🇮🇶 Iraq,Microsoft,External,13
IQ,🇮🇶 Iraq,Microsoft,External,13
IQ,🇮🇶 Iraq,Microsoft,External,13
IQ,🇮🇶 Iraq,Microsoft,External,13
IQ,🇮🇶 Iraq,Microsoft,External,13
IQ,🇮🇶 Iraq,Microsoft,External,13
IQ,🇮🇶 Iraq,Other,Local,21
IQ,🇮🇶 Iraq,Other,External,269
IE,🇮🇪 Ireland,Akamai,Local,119
IE,🇮🇪 Ireland,Akamai,Local,119
IE,🇮🇪 Ireland,Akamai,Local,119
IE,🇮🇪 Ireland,Akamai,Local,119
IE,🇮🇪 Ireland,Akamai,Local,119
IE,🇮🇪 Ireland,Akamai,Local,119
IE,🇮🇪 Ireland,Akamai,Local,119
IE,🇮🇪 Ireland,Amazon,Local,71
IE,🇮🇪 Ireland,Amazon,Regional,64
IE,🇮🇪 Ireland,Amazon,External,23
IE,🇮🇪 Ireland,Amazon,Local,71
IE,🇮🇪 Ireland,Amazon,Regional,64
IE,🇮🇪 Ireland,Amazon,External,23
IE,🇮🇪 Ireland,Amazon,Local,71
IE,🇮🇪 Ireland,Amazon,Regional,64
IE,🇮🇪 Ireland,Amazon,External,23
IE,🇮🇪 Ireland,Amazon,Local,71
IE,🇮🇪 Ireland,Amazon,Regional,64
IE,🇮🇪 Ireland,Amazon,External,23
IE,🇮🇪 Ireland,Amazon,Local,71
IE,🇮🇪 Ireland,Amazon,Regional,64
IE,🇮🇪 Ireland,Amazon,External,23
IE,🇮🇪 Ireland,Amazon,Local,71
IE,🇮🇪 Ireland,Amazon,Regional,64
IE,🇮🇪 Ireland,Amazon,External,23
IE,🇮🇪 Ireland,Amazon,Local,71
IE,🇮🇪 Ireland,Amazon,Regional,64
IE,🇮🇪 Ireland,Amazon,External,23
IE,🇮🇪 Ireland,Cloudflare,Local,295
IE,🇮🇪 Ireland,Cloudflare,Regional,88
IE,🇮🇪 Ireland,Cloudflare,Local,295
IE,🇮🇪 Ireland,Cloudflare,Regional,88
IE,🇮🇪 Ireland,Cloudflare,Local,295
IE,🇮🇪 Ireland,Cloudflare,Regional,88
IE,🇮🇪 Ireland,Cloudflare,Local,295
IE,🇮🇪 Ireland,Cloudflare,Regional,88
IE,🇮🇪 Ireland,Cloudflare,Local,295
IE,🇮🇪 Ireland,Cloudflare,Regional,88
IE,🇮🇪 Ireland,Cloudflare,Local,295
IE,🇮🇪 Ireland,Cloudflare,Regional,88
IE,🇮🇪 Ireland,Cloudflare,Local,295
IE,🇮🇪 Ireland,Cloudflare,Regional,88
IE,🇮🇪 Ireland,Facebook,External,4
IE,🇮🇪 Ireland,Facebook,External,4
IE,🇮🇪 Ireland,Facebook,External,4
IE,🇮🇪 Ireland,Facebook,External,4
IE,🇮🇪 Ireland,Facebook,External,4
IE,🇮🇪 Ireland,Facebook,External,4
IE,🇮🇪 Ireland,Facebook,External,4
IE,🇮🇪 Ireland,Fastly,Local,57
IE,🇮🇪 Ireland,Fastly,External,11
IE,🇮🇪 Ireland,Fastly,Local,57
IE,🇮🇪 Ireland,Fastly,External,11
IE,🇮🇪 Ireland,Fastly,Local,57
IE,🇮🇪 Ireland,Fastly,External,11
IE,🇮🇪 Ireland,Fastly,Local,57
IE,🇮🇪 Ireland,Fastly,External,11
IE,🇮🇪 Ireland,Fastly,Local,57
IE,🇮🇪 Ireland,Fastly,External,11
IE,🇮🇪 Ireland,Fastly,Local,57
IE,🇮🇪 Ireland,Fastly,External,11
IE,🇮🇪 Ireland,Fastly,Local,57
IE,🇮🇪 Ireland,Fastly,External,11
IE,🇮🇪 Ireland,Microsoft,Local,35
IE,🇮🇪 Ireland,Microsoft,Local,35
IE,🇮🇪 Ireland,Microsoft,Local,35
IE,🇮🇪 Ireland,Microsoft,Local,35
IE,🇮🇪 Ireland,Microsoft,Local,35
IE,🇮🇪 Ireland,Microsoft,Local,35
IE,🇮🇪 Ireland,Microsoft,Local,35
IE,🇮🇪 Ireland,Other,Local,44
IE,🇮🇪 Ireland,Other,External,187
IE,🇮🇪 Ireland,Wordpress,Regional,2
IE,🇮🇪 Ireland,Wordpress,External,1
IE,🇮🇪 Ireland,Wordpress,Regional,2
IE,🇮🇪 Ireland,Wordpress,External,1
IE,🇮🇪 Ireland,Wordpress,Regional,2
IE,🇮🇪 Ireland,Wordpress,External,1
IE,🇮🇪 Ireland,Wordpress,Regional,2
IE,🇮🇪 Ireland,Wordpress,External,1
IE,🇮🇪 Ireland,Wordpress,Regional,2
IE,🇮🇪 Ireland,Wordpress,External,1
IE,🇮🇪 Ireland,Wordpress,Regional,2
IE,🇮🇪 Ireland,Wordpress,External,1
IE,🇮🇪 Ireland,Wordpress,Regional,2
IE,🇮🇪 Ireland,Wordpress,External,1
IM,🇮🇲 Isle of Man,Akamai,Local,157
IM,🇮🇲 Isle of Man,Akamai,Local,157
IM,🇮🇲 Isle of Man,Amazon,Regional,45
IM,🇮🇲 Isle of Man,Amazon,External,143
IM,🇮🇲 Isle of Man,Amazon,Regional,45
IM,🇮🇲 Isle of Man,Amazon,External,143
IM,🇮🇲 Isle of Man,Bunnycdn,External,1
IM,🇮🇲 Isle of Man,Bunnycdn,External,1
IM,🇮🇲 Isle of Man,Cloudflare,Regional,308
IM,🇮🇲 Isle of Man,Cloudflare,Regional,308
IM,🇮🇲 Isle of Man,Facebook,External,6
IM,🇮🇲 Isle of Man,Facebook,External,6
IM,🇮🇲 Isle of Man,Fastly,Regional,89
IM,🇮🇲 Isle of Man,Fastly,Regional,89
IM,🇮🇲 Isle of Man,Microsoft,External,27
IM,🇮🇲 Isle of Man,Microsoft,External,27
IM,🇮🇲 Isle of Man,Other,Local,5
IM,🇮🇲 Isle of Man,Other,External,219
IL,🇮🇱 Israel,Akamai,Local,59
IL,🇮🇱 Israel,Akamai,Local,59
IL,🇮🇱 Israel,Akamai,Local,59
IL,🇮🇱 Israel,Akamai,Local,59
IL,🇮🇱 Israel,Akamai,Local,59
IL,🇮🇱 Israel,Alibaba,External,1
IL,🇮🇱 Israel,Alibaba,External,1
IL,🇮🇱 Israel,Alibaba,External,1
IL,🇮🇱 Israel,Alibaba,External,1
IL,🇮🇱 Israel,Alibaba,External,1
IL,🇮🇱 Israel,Amazon,External,98
IL,🇮🇱 Israel,Amazon,External,98
IL,🇮🇱 Israel,Amazon,External,98
IL,🇮🇱 Israel,Amazon,External,98
IL,🇮🇱 Israel,Amazon,External,98
IL,🇮🇱 Israel,Bunnycdn,External,3
IL,🇮🇱 Israel,Bunnycdn,External,3
IL,🇮🇱 Israel,Bunnycdn,External,3
IL,🇮🇱 Israel,Bunnycdn,External,3
IL,🇮🇱 Israel,Bunnycdn,External,3
IL,🇮🇱 Israel,Cloudflare,Local,339
IL,🇮🇱 Israel,Cloudflare,External,97
IL,🇮🇱 Israel,Cloudflare,Local,339
IL,🇮🇱 Israel,Cloudflare,External,97
IL,🇮🇱 Israel,Cloudflare,Local,339
IL,🇮🇱 Israel,Cloudflare,External,97
IL,🇮🇱 Israel,Cloudflare,Local,339
IL,🇮🇱 Israel,Cloudflare,External,97
IL,🇮🇱 Israel,Cloudflare,Local,339
IL,🇮🇱 Israel,Cloudflare,External,97
IL,🇮🇱 Israel,Facebook,External,8
IL,🇮🇱 Israel,Facebook,External,8
IL,🇮🇱 Israel,Facebook,External,8
IL,🇮🇱 Israel,Facebook,External,8
IL,🇮🇱 Israel,Facebook,External,8
IL,🇮🇱 Israel,Fastly,External,17
IL,🇮🇱 Israel,Fastly,External,17
IL,🇮🇱 Israel,Fastly,External,17
IL,🇮🇱 Israel,Fastly,External,17
IL,🇮🇱 Israel,Fastly,External,17
IL,🇮🇱 Israel,Microsoft,Local,19
IL,🇮🇱 Israel,Microsoft,Local,19
IL,🇮🇱 Israel,Microsoft,Local,19
IL,🇮🇱 Israel,Microsoft,Local,19
IL,🇮🇱 Israel,Microsoft,Local,19
IL,🇮🇱 Israel,Other,Local,139
IL,🇮🇱 Israel,Other,External,220
IT,🇮🇹 Italy,Akamai,Local,128
IT,🇮🇹 Italy,Akamai,Local,128
IT,🇮🇹 Italy,Akamai,Local,128
IT,🇮🇹 Italy,Akamai,Local,128
IT,🇮🇹 Italy,Akamai,Local,128
IT,🇮🇹 Italy,Akamai,Local,128
IT,🇮🇹 Italy,Akamai,Local,128
IT,🇮🇹 Italy,Akamai,Local,128
IT,🇮🇹 Italy,Akamai,Local,128
IT,🇮🇹 Italy,Akamai,Local,128
IT,🇮🇹 Italy,Amazon,Local,29
IT,🇮🇹 Italy,Amazon,External,113
IT,🇮🇹 Italy,Amazon,Local,29
IT,🇮🇹 Italy,Amazon,External,113
IT,🇮🇹 Italy,Amazon,Local,29
IT,🇮🇹 Italy,Amazon,External,113
IT,🇮🇹 Italy,Amazon,Local,29
IT,🇮🇹 Italy,Amazon,External,113
IT,🇮🇹 Italy,Amazon,Local,29
IT,🇮🇹 Italy,Amazon,External,113
IT,🇮🇹 Italy,Amazon,Local,29
IT,🇮🇹 Italy,Amazon,External,113
IT,🇮🇹 Italy,Amazon,Local,29
IT,🇮🇹 Italy,Amazon,External,113
IT,🇮🇹 Italy,Amazon,Local,29
IT,🇮🇹 Italy,Amazon,External,113
IT,🇮🇹 Italy,Amazon,Local,29
IT,🇮🇹 Italy,Amazon,External,113
IT,🇮🇹 Italy,Amazon,Local,29
IT,🇮🇹 Italy,Amazon,External,113
IT,🇮🇹 Italy,Bunnycdn,External,1
IT,🇮🇹 Italy,Bunnycdn,External,1
IT,🇮🇹 Italy,Bunnycdn,External,1
IT,🇮🇹 Italy,Bunnycdn,External,1
IT,🇮🇹 Italy,Bunnycdn,External,1
IT,🇮🇹 Italy,Bunnycdn,External,1
IT,🇮🇹 Italy,Bunnycdn,External,1
IT,🇮🇹 Italy,Bunnycdn,External,1
IT,🇮🇹 Italy,Bunnycdn,External,1
IT,🇮🇹 Italy,Bunnycdn,External,1
IT,🇮🇹 Italy,Cloudflare,Local,314
IT,🇮🇹 Italy,Cloudflare,Local,314
IT,🇮🇹 Italy,Cloudflare,Local,314
IT,🇮🇹 Italy,Cloudflare,Local,314
IT,🇮🇹 Italy,Cloudflare,Local,314
IT,🇮🇹 Italy,Cloudflare,Local,314
IT,🇮🇹 Italy,Cloudflare,Local,314
IT,🇮🇹 Italy,Cloudflare,Local,314
IT,🇮🇹 Italy,Cloudflare,Local,314
IT,🇮🇹 Italy,Cloudflare,Local,314
IT,🇮🇹 Italy,Facebook,External,7
IT,🇮🇹 Italy,Facebook,External,7
IT,🇮🇹 Italy,Facebook,External,7
IT,🇮🇹 Italy,Facebook,External,7
IT,🇮🇹 Italy,Facebook,External,7
IT,🇮🇹 Italy,Facebook,External,7
IT,🇮🇹 Italy,Facebook,External,7
IT,🇮🇹 Italy,Facebook,External,7
IT,🇮🇹 Italy,Facebook,External,7
IT,🇮🇹 Italy,Facebook,External,7
IT,🇮🇹 Italy,Fastly,Local,47
IT,🇮🇹 Italy,Fastly,Local,47
IT,🇮🇹 Italy,Fastly,Local,47
IT,🇮🇹 Italy,Fastly,Local,47
IT,🇮🇹 Italy,Fastly,Local,47
IT,🇮🇹 Italy,Fastly,Local,47
IT,🇮🇹 Italy,Fastly,Local,47
IT,🇮🇹 Italy,Fastly,Local,47
IT,🇮🇹 Italy,Fastly,Local,47
IT,🇮🇹 Italy,Fastly,Local,47
IT,🇮🇹 Italy,Microsoft,Local,26
IT,🇮🇹 Italy,Microsoft,Local,26
IT,🇮🇹 Italy,Microsoft,Local,26
IT,🇮🇹 Italy,Microsoft,Local,26
IT,🇮🇹 Italy,Microsoft,Local,26
IT,🇮🇹 Italy,Microsoft,Local,26
IT,🇮🇹 Italy,Microsoft,Local,26
IT,🇮🇹 Italy,Microsoft,Local,26
IT,🇮🇹 Italy,Microsoft,Local,26
IT,🇮🇹 Italy,Microsoft,Local,26
IT,🇮🇹 Italy,Other,Local,126
IT,🇮🇹 Italy,Other,External,209
JM,🇯🇲 Jamaica,Akamai,Local,94
JM,🇯🇲 Jamaica,Akamai,Local,94
JM,🇯🇲 Jamaica,Akamai,Local,94
JM,🇯🇲 Jamaica,Akamai,Local,94
JM,🇯🇲 Jamaica,Amazon,External,114
JM,🇯🇲 Jamaica,Amazon,External,114
JM,🇯🇲 Jamaica,Amazon,External,114
JM,🇯🇲 Jamaica,Amazon,External,114
JM,🇯🇲 Jamaica,Cdn77,External,2
JM,🇯🇲 Jamaica,Cdn77,External,2
JM,🇯🇲 Jamaica,Cdn77,External,2
JM,🇯🇲 Jamaica,Cdn77,External,2
JM,🇯🇲 Jamaica,Cloudflare,Local,192
JM,🇯🇲 Jamaica,Cloudflare,External,243
JM,🇯🇲 Jamaica,Cloudflare,Local,192
JM,🇯🇲 Jamaica,Cloudflare,External,243
JM,🇯🇲 Jamaica,Cloudflare,Local,192
JM,🇯🇲 Jamaica,Cloudflare,External,243
JM,🇯🇲 Jamaica,Cloudflare,Local,192
JM,🇯🇲 Jamaica,Cloudflare,External,243
JM,🇯🇲 Jamaica,Facebook,External,7
JM,🇯🇲 Jamaica,Facebook,External,7
JM,🇯🇲 Jamaica,Facebook,External,7
JM,🇯🇲 Jamaica,Facebook,External,7
JM,🇯🇲 Jamaica,Fastly,External,39
JM,🇯🇲 Jamaica,Fastly,External,39
JM,🇯🇲 Jamaica,Fastly,External,39
JM,🇯🇲 Jamaica,Fastly,External,39
JM,🇯🇲 Jamaica,Microsoft,External,25
JM,🇯🇲 Jamaica,Microsoft,External,25
JM,🇯🇲 Jamaica,Microsoft,External,25
JM,🇯🇲 Jamaica,Microsoft,External,25
JM,🇯🇲 Jamaica,Other,Local,36
JM,🇯🇲 Jamaica,Other,External,247
JP,🇯🇵 Japan,Akamai,Local,143
JP,🇯🇵 Japan,Akamai,Local,143
JP,🇯🇵 Japan,Akamai,Local,143
JP,🇯🇵 Japan,Akamai,Local,143
JP,🇯🇵 Japan,Akamai,Local,143
JP,🇯🇵 Japan,Akamai,Local,143
JP,🇯🇵 Japan,Akamai,Local,143
JP,🇯🇵 Japan,Akamai,Local,143
JP,🇯🇵 Japan,Akamai,Local,143
JP,🇯🇵 Japan,Akamai,Local,143
JP,🇯🇵 Japan,Akamai,Local,143
JP,🇯🇵 Japan,Akamai,Local,143
JP,🇯🇵 Japan,Akamai,Local,143
JP,🇯🇵 Japan,Akamai,Local,143
JP,🇯🇵 Japan,Akamai,Local,143
JP,🇯🇵 Japan,Akamai,Local,143
JP,🇯🇵 Japan,Alibaba,External,2
JP,🇯🇵 Japan,Alibaba,External,2
JP,🇯🇵 Japan,Alibaba,External,2
JP,🇯🇵 Japan,Alibaba,External,2
JP,🇯🇵 Japan,Alibaba,External,2
JP,🇯🇵 Japan,Alibaba,External,2
JP,🇯🇵 Japan,Alibaba,External,2
JP,🇯🇵 Japan,Alibaba,External,2
JP,🇯🇵 Japan,Alibaba,External,2
JP,🇯🇵 Japan,Alibaba,External,2
JP,🇯🇵 Japan,Alibaba,External,2
JP,🇯🇵 Japan,Alibaba,External,2
JP,🇯🇵 Japan,Alibaba,External,2
JP,🇯🇵 Japan,Alibaba,External,2
JP,🇯🇵 Japan,Alibaba,External,2
JP,🇯🇵 Japan,Alibaba,External,2
JP,🇯🇵 Japan,Amazon,Local,356
JP,🇯🇵 Japan,Amazon,Local,356
JP,🇯🇵 Japan,Amazon,Local,356
JP,🇯🇵 Japan,Amazon,Local,356
JP,🇯🇵 Japan,Amazon,Local,356
JP,🇯🇵 Japan,Amazon,Local,356
JP,🇯🇵 Japan,Amazon,Local,356
JP,🇯🇵 Japan,Amazon,Local,356
JP,🇯🇵 Japan,Amazon,Local,356
JP,🇯🇵 Japan,Amazon,Local,356
JP,🇯🇵 Japan,Amazon,Local,356
JP,🇯🇵 Japan,Amazon,Local,356
JP,🇯🇵 Japan,Amazon,Local,356
JP,🇯🇵 Japan,Amazon,Local,356
JP,🇯🇵 Japan,Amazon,Local,356
JP,🇯🇵 Japan,Amazon,Local,356
JP,🇯🇵 Japan,Bunnycdn,Local,1
JP,🇯🇵 Japan,Bunnycdn,Local,1
JP,🇯🇵 Japan,Bunnycdn,Local,1
JP,🇯🇵 Japan,Bunnycdn,Local,1
JP,🇯🇵 Japan,Bunnycdn,Local,1
JP,🇯🇵 Japan,Bunnycdn,Local,1
JP,🇯🇵 Japan,Bunnycdn,Local,1
JP,🇯🇵 Japan,Bunnycdn,Local,1
JP,🇯🇵 Japan,Bunnycdn,Local,1
JP,🇯🇵 Japan,Bunnycdn,Local,1
JP,🇯🇵 Japan,Bunnycdn,Local,1
JP,🇯🇵 Japan,Bunnycdn,Local,1
JP,🇯🇵 Japan,Bunnycdn,Local,1
JP,🇯🇵 Japan,Bunnycdn,Local,1
JP,🇯🇵 Japan,Bunnycdn,Local,1
JP,🇯🇵 Japan,Bunnycdn,Local,1
JP,🇯🇵 Japan,Cloudflare,Local,128
JP,🇯🇵 Japan,Cloudflare,Local,128
JP,🇯🇵 Japan,Cloudflare,Local,128
JP,🇯🇵 Japan,Cloudflare,Local,128
JP,🇯🇵 Japan,Cloudflare,Local,128
JP,🇯🇵 Japan,Cloudflare,Local,128
JP,🇯🇵 Japan,Cloudflare,Local,128
JP,🇯🇵 Japan,Cloudflare,Local,128
JP,🇯🇵 Japan,Cloudflare,Local,128
JP,🇯🇵 Japan,Cloudflare,Local,128
JP,🇯🇵 Japan,Cloudflare,Local,128
JP,🇯🇵 Japan,Cloudflare,Local,128
JP,🇯🇵 Japan,Cloudflare,Local,128
JP,🇯🇵 Japan,Cloudflare,Local,128
JP,🇯🇵 Japan,Cloudflare,Local,128
JP,🇯🇵 Japan,Cloudflare,Local,128
JP,🇯🇵 Japan,Facebook,External,3
JP,🇯🇵 Japan,Facebook,External,3
JP,🇯🇵 Japan,Facebook,External,3
JP,🇯🇵 Japan,Facebook,External,3
JP,🇯🇵 Japan,Facebook,External,3
JP,🇯🇵 Japan,Facebook,External,3
JP,🇯🇵 Japan,Facebook,External,3
JP,🇯🇵 Japan,Facebook,External,3
JP,🇯🇵 Japan,Facebook,External,3
JP,🇯🇵 Japan,Facebook,External,3
JP,🇯🇵 Japan,Facebook,External,3
JP,🇯🇵 Japan,Facebook,External,3
JP,🇯🇵 Japan,Facebook,External,3
JP,🇯🇵 Japan,Facebook,External,3
JP,🇯🇵 Japan,Facebook,External,3
JP,🇯🇵 Japan,Facebook,External,3
JP,🇯🇵 Japan,Fastly,Local,28
JP,🇯🇵 Japan,Fastly,Local,28
JP,🇯🇵 Japan,Fastly,Local,28
JP,🇯🇵 Japan,Fastly,Local,28
JP,🇯🇵 Japan,Fastly,Local,28
JP,🇯🇵 Japan,Fastly,Local,28
JP,🇯🇵 Japan,Fastly,Local,28
JP,🇯🇵 Japan,Fastly,Local,28
JP,🇯🇵 Japan,Fastly,Local,28
JP,🇯🇵 Japan,Fastly,Local,28
JP,🇯🇵 Japan,Fastly,Local,28
JP,🇯🇵 Japan,Fastly,Local,28
JP,🇯🇵 Japan,Fastly,Local,28
JP,🇯🇵 Japan,Fastly,Local,28
JP,🇯🇵 Japan,Fastly,Local,28
JP,🇯🇵 Japan,Fastly,Local,28
JP,🇯🇵 Japan,Microsoft,Local,7
JP,🇯🇵 Japan,Microsoft,Local,7
JP,🇯🇵 Japan,Microsoft,Local,7
JP,🇯🇵 Japan,Microsoft,Local,7
JP,🇯🇵 Japan,Microsoft,Local,7
JP,🇯🇵 Japan,Microsoft,Local,7
JP,🇯🇵 Japan,Microsoft,Local,7
JP,🇯🇵 Japan,Microsoft,Local,7
JP,🇯🇵 Japan,Microsoft,Local,7
JP,🇯🇵 Japan,Microsoft,Local,7
JP,🇯🇵 Japan,Microsoft,Local,7
JP,🇯🇵 Japan,Microsoft,Local,7
JP,🇯🇵 Japan,Microsoft,Local,7
JP,🇯🇵 Japan,Microsoft,Local,7
JP,🇯🇵 Japan,Microsoft,Local,7
JP,🇯🇵 Japan,Microsoft,Local,7
JP,🇯🇵 Japan,Other,Local,247
JP,🇯🇵 Japan,Other,External,85
JE,🇯🇪 Jersey,Akamai,Local,136
JE,🇯🇪 Jersey,Akamai,Local,136
JE,🇯🇪 Jersey,Akamai,Local,136
JE,🇯🇪 Jersey,Akamai,Local,136
JE,🇯🇪 Jersey,Amazon,Regional,25
JE,🇯🇪 Jersey,Amazon,External,160
JE,🇯🇪 Jersey,Amazon,Regional,25
JE,🇯🇪 Jersey,Amazon,External,160
JE,🇯🇪 Jersey,Amazon,Regional,25
JE,🇯🇪 Jersey,Amazon,External,160
JE,🇯🇪 Jersey,Amazon,Regional,25
JE,🇯🇪 Jersey,Amazon,External,160
JE,🇯🇪 Jersey,Bunnycdn,External,1
JE,🇯🇪 Jersey,Bunnycdn,External,1
JE,🇯🇪 Jersey,Bunnycdn,External,1
JE,🇯🇪 Jersey,Bunnycdn,External,1
JE,🇯🇪 Jersey,Cloudflare,Regional,123
JE,🇯🇪 Jersey,Cloudflare,External,181
JE,🇯🇪 Jersey,Cloudflare,Regional,123
JE,🇯🇪 Jersey,Cloudflare,External,181
JE,🇯🇪 Jersey,Cloudflare,Regional,123
JE,🇯🇪 Jersey,Cloudflare,External,181
JE,🇯🇪 Jersey,Cloudflare,Regional,123
JE,🇯🇪 Jersey,Cloudflare,External,181
JE,🇯🇪 Jersey,Facebook,External,7
JE,🇯🇪 Jersey,Facebook,External,7
JE,🇯🇪 Jersey,Facebook,External,7
JE,🇯🇪 Jersey,Facebook,External,7
JE,🇯🇪 Jersey,Fastly,Regional,81
JE,🇯🇪 Jersey,Fastly,Regional,81
JE,🇯🇪 Jersey,Fastly,Regional,81
JE,🇯🇪 Jersey,Fastly,Regional,81
JE,🇯🇪 Jersey,Microsoft,External,50
JE,🇯🇪 Jersey,Microsoft,External,50
JE,🇯🇪 Jersey,Microsoft,External,50
JE,🇯🇪 Jersey,Microsoft,External,50
JE,🇯🇪 Jersey,Other,Local,8
JE,🇯🇪 Jersey,Other,External,226
JE,🇯🇪 Jersey,Wordpress,Regional,2
JE,🇯🇪 Jersey,Wordpress,Regional,2
JE,🇯🇪 Jersey,Wordpress,Regional,2
JE,🇯🇪 Jersey,Wordpress,Regional,2
JO,🇯🇴 Jordan,Akamai,Local,37
JO,🇯🇴 Jordan,Akamai,Local,37
JO,🇯🇴 Jordan,Akamai,Local,37
JO,🇯🇴 Jordan,Akamai,Local,37
JO,🇯🇴 Jordan,Akamai,Local,37
JO,🇯🇴 Jordan,Akamai,Local,37
JO,🇯🇴 Jordan,Amazon,External,59
JO,🇯🇴 Jordan,Amazon,External,59
JO,🇯🇴 Jordan,Amazon,External,59
JO,🇯🇴 Jordan,Amazon,External,59
JO,🇯🇴 Jordan,Amazon,External,59
JO,🇯🇴 Jordan,Amazon,External,59
JO,🇯🇴 Jordan,Cloudflare,Local,479
JO,🇯🇴 Jordan,Cloudflare,External,18
JO,🇯🇴 Jordan,Cloudflare,Local,479
JO,🇯🇴 Jordan,Cloudflare,External,18
JO,🇯🇴 Jordan,Cloudflare,Local,479
JO,🇯🇴 Jordan,Cloudflare,External,18
JO,🇯🇴 Jordan,Cloudflare,Local,479
JO,🇯🇴 Jordan,Cloudflare,External,18
JO,🇯🇴 Jordan,Cloudflare,Local,479
JO,🇯🇴 Jordan,Cloudflare,External,18
JO,🇯🇴 Jordan,Cloudflare,Local,479
JO,🇯🇴 Jordan,Cloudflare,External,18
JO,🇯🇴 Jordan,Facebook,External,10
JO,🇯🇴 Jordan,Facebook,External,10
JO,🇯🇴 Jordan,Facebook,External,10
JO,🇯🇴 Jordan,Facebook,External,10
JO,🇯🇴 Jordan,Facebook,External,10
JO,🇯🇴 Jordan,Facebook,External,10
JO,🇯🇴 Jordan,Fastly,Regional,5
JO,🇯🇴 Jordan,Fastly,External,9
JO,🇯🇴 Jordan,Fastly,Regional,5
JO,🇯🇴 Jordan,Fastly,External,9
JO,🇯🇴 Jordan,Fastly,Regional,5
JO,🇯🇴 Jordan,Fastly,External,9
JO,🇯🇴 Jordan,Fastly,Regional,5
JO,🇯🇴 Jordan,Fastly,External,9
JO,🇯🇴 Jordan,Fastly,Regional,5
JO,🇯🇴 Jordan,Fastly,External,9
JO,🇯🇴 Jordan,Fastly,Regional,5
JO,🇯🇴 Jordan,Fastly,External,9
JO,🇯🇴 Jordan,Microsoft,External,18
JO,🇯🇴 Jordan,Microsoft,External,18
JO,🇯🇴 Jordan,Microsoft,External,18
JO,🇯🇴 Jordan,Microsoft,External,18
JO,🇯🇴 Jordan,Microsoft,External,18
JO,🇯🇴 Jordan,Microsoft,External,18
JO,🇯🇴 Jordan,Other,Local,128
JO,🇯🇴 Jordan,Other,External,236
KZ,🇰🇿 Kazakhstan,Akamai,Local,21
KZ,🇰🇿 Kazakhstan,Akamai,Local,21
KZ,🇰🇿 Kazakhstan,Akamai,Local,21
KZ,🇰🇿 Kazakhstan,Akamai,Local,21
KZ,🇰🇿 Kazakhstan,Akamai,Local,21
KZ,🇰🇿 Kazakhstan,Akamai,Local,21
KZ,🇰🇿 Kazakhstan,Akamai,Local,21
KZ,🇰🇿 Kazakhstan,Akamai,Local,21
KZ,🇰🇿 Kazakhstan,Akamai,Local,21
KZ,🇰🇿 Kazakhstan,Alibaba,External,1
KZ,🇰🇿 Kazakhstan,Alibaba,External,1
KZ,🇰🇿 Kazakhstan,Alibaba,External,1
KZ,🇰🇿 Kazakhstan,Alibaba,External,1
KZ,🇰🇿 Kazakhstan,Alibaba,External,1
KZ,🇰🇿 Kazakhstan,Alibaba,External,1
KZ,🇰🇿 Kazakhstan,Alibaba,External,1
KZ,🇰🇿 Kazakhstan,Alibaba,External,1
KZ,🇰🇿 Kazakhstan,Alibaba,External,1
KZ,🇰🇿 Kazakhstan,Amazon,External,19
KZ,🇰🇿 Kazakhstan,Amazon,External,19
KZ,🇰🇿 Kazakhstan,Amazon,External,19
KZ,🇰🇿 Kazakhstan,Amazon,External,19
KZ,🇰🇿 Kazakhstan,Amazon,External,19
KZ,🇰🇿 Kazakhstan,Amazon,External,19
KZ,🇰🇿 Kazakhstan,Amazon,External,19
KZ,🇰🇿 Kazakhstan,Amazon,External,19
KZ,🇰🇿 Kazakhstan,Amazon,External,19
KZ,🇰🇿 Kazakhstan,Cdn77,External,2
KZ,🇰🇿 Kazakhstan,Cdn77,External,2
KZ,🇰🇿 Kazakhstan,Cdn77,External,2
KZ,🇰🇿 Kazakhstan,Cdn77,External,2
KZ,🇰🇿 Kazakhstan,Cdn77,External,2
KZ,🇰🇿 Kazakhstan,Cdn77,External,2
KZ,🇰🇿 Kazakhstan,Cdn77,External,2
KZ,🇰🇿 Kazakhstan,Cdn77,External,2
KZ,🇰🇿 Kazakhstan,Cdn77,External,2
KZ,🇰🇿 Kazakhstan,Cloudflare,Local,218
KZ,🇰🇿 Kazakhstan,Cloudflare,External,11
KZ,🇰🇿 Kazakhstan,Cloudflare,Local,218
KZ,🇰🇿 Kazakhstan,Cloudflare,External,11
KZ,🇰🇿 Kazakhstan,Cloudflare,Local,218
KZ,🇰🇿 Kazakhstan,Cloudflare,External,11
KZ,🇰🇿 Kazakhstan,Cloudflare,Local,218
KZ,🇰🇿 Kazakhstan,Cloudflare,External,11
KZ,🇰🇿 Kazakhstan,Cloudflare,Local,218
KZ,🇰🇿 Kazakhstan,Cloudflare,External,11
KZ,🇰🇿 Kazakhstan,Cloudflare,Local,218
KZ,🇰🇿 Kazakhstan,Cloudflare,External,11
KZ,🇰🇿 Kazakhstan,Cloudflare,Local,218
KZ,🇰🇿 Kazakhstan,Cloudflare,External,11
KZ,🇰🇿 Kazakhstan,Cloudflare,Local,218
KZ,🇰🇿 Kazakhstan,Cloudflare,External,11
KZ,🇰🇿 Kazakhstan,Cloudflare,Local,218
KZ,🇰🇿 Kazakhstan,Cloudflare,External,11
KZ,🇰🇿 Kazakhstan,Facebook,External,8
KZ,🇰🇿 Kazakhstan,Facebook,External,8
KZ,🇰🇿 Kazakhstan,Facebook,External,8
KZ,🇰🇿 Kazakhstan,Facebook,External,8
KZ,🇰🇿 Kazakhstan,Facebook,External,8
KZ,🇰🇿 Kazakhstan,Facebook,External,8
KZ,🇰🇿 Kazakhstan,Facebook,External,8
KZ,🇰🇿 Kazakhstan,Facebook,External,8
KZ,🇰🇿 Kazakhstan,Facebook,External,8
KZ,🇰🇿 Kazakhstan,Fastly,External,9
KZ,🇰🇿 Kazakhstan,Fastly,External,9
KZ,🇰🇿 Kazakhstan,Fastly,External,9
KZ,🇰🇿 Kazakhstan,Fastly,External,9
KZ,🇰🇿 Kazakhstan,Fastly,External,9
KZ,🇰🇿 Kazakhstan,Fastly,External,9
KZ,🇰🇿 Kazakhstan,Fastly,External,9
KZ,🇰🇿 Kazakhstan,Fastly,External,9
KZ,🇰🇿 Kazakhstan,Fastly,External,9
KZ,🇰🇿 Kazakhstan,Microsoft,External,3
KZ,🇰🇿 Kazakhstan,Microsoft,External,3
KZ,🇰🇿 Kazakhstan,Microsoft,External,3
KZ,🇰🇿 Kazakhstan,Microsoft,External,3
KZ,🇰🇿 Kazakhstan,Microsoft,External,3
KZ,🇰🇿 Kazakhstan,Microsoft,External,3
KZ,🇰🇿 Kazakhstan,Microsoft,External,3
KZ,🇰🇿 Kazakhstan,Microsoft,External,3
KZ,🇰🇿 Kazakhstan,Microsoft,External,3
KZ,🇰🇿 Kazakhstan,Other,Local,255
KZ,🇰🇿 Kazakhstan,Other,External,452
KE,🇰🇪 Kenya,Akamai,Local,43
KE,🇰🇪 Kenya,Akamai,Local,43
KE,🇰🇪 Kenya,Akamai,Local,43
KE,🇰🇪 Kenya,Akamai,Local,43
KE,🇰🇪 Kenya,Akamai,Local,43
KE,🇰🇪 Kenya,Akamai,Local,43
KE,🇰🇪 Kenya,Akamai,Local,43
KE,🇰🇪 Kenya,Akamai,Local,43
KE,🇰🇪 Kenya,Alibaba,External,2
KE,🇰🇪 Kenya,Alibaba,External,2
KE,🇰🇪 Kenya,Alibaba,External,2
KE,🇰🇪 Kenya,Alibaba,External,2
KE,🇰🇪 Kenya,Alibaba,External,2
KE,🇰🇪 Kenya,Alibaba,External,2
KE,🇰🇪 Kenya,Alibaba,External,2
KE,🇰🇪 Kenya,Alibaba,External,2
KE,🇰🇪 Kenya,Amazon,Regional,3
KE,🇰🇪 Kenya,Amazon,External,102
KE,🇰🇪 Kenya,Amazon,Regional,3
KE,🇰🇪 Kenya,Amazon,External,102
KE,🇰🇪 Kenya,Amazon,Regional,3
KE,🇰🇪 Kenya,Amazon,External,102
KE,🇰🇪 Kenya,Amazon,Regional,3
KE,🇰🇪 Kenya,Amazon,External,102
KE,🇰🇪 Kenya,Amazon,Regional,3
KE,🇰🇪 Kenya,Amazon,External,102
KE,🇰🇪 Kenya,Amazon,Regional,3
KE,🇰🇪 Kenya,Amazon,External,102
KE,🇰🇪 Kenya,Amazon,Regional,3
KE,🇰🇪 Kenya,Amazon,External,102
KE,🇰🇪 Kenya,Amazon,Regional,3
KE,🇰🇪 Kenya,Amazon,External,102
KE,🇰🇪 Kenya,Cdn77,External,2
KE,🇰🇪 Kenya,Cdn77,External,2
KE,🇰🇪 Kenya,Cdn77,External,2
KE,🇰🇪 Kenya,Cdn77,External,2
KE,🇰🇪 Kenya,Cdn77,External,2
KE,🇰🇪 Kenya,Cdn77,External,2
KE,🇰🇪 Kenya,Cdn77,External,2
KE,🇰🇪 Kenya,Cdn77,External,2
KE,🇰🇪 Kenya,Cloudflare,Local,26
KE,🇰🇪 Kenya,Cloudflare,Regional,141
KE,🇰🇪 Kenya,Cloudflare,External,218
KE,🇰🇪 Kenya,Cloudflare,Local,26
KE,🇰🇪 Kenya,Cloudflare,Regional,141
KE,🇰🇪 Kenya,Cloudflare,External,218
KE,🇰🇪 Kenya,Cloudflare,Local,26
KE,🇰🇪 Kenya,Cloudflare,Regional,141
KE,🇰🇪 Kenya,Cloudflare,External,218
KE,🇰🇪 Kenya,Cloudflare,Local,26
KE,🇰🇪 Kenya,Cloudflare,Regional,141
KE,🇰🇪 Kenya,Cloudflare,External,218
KE,🇰🇪 Kenya,Cloudflare,Local,26
KE,🇰🇪 Kenya,Cloudflare,Regional,141
KE,🇰🇪 Kenya,Cloudflare,External,218
KE,🇰🇪 Kenya,Cloudflare,Local,26
KE,🇰🇪 Kenya,Cloudflare,Regional,141
KE,🇰🇪 Kenya,Cloudflare,External,218
KE,🇰🇪 Kenya,Cloudflare,Local,26
KE,🇰🇪 Kenya,Cloudflare,Regional,141
KE,🇰🇪 Kenya,Cloudflare,External,218
KE,🇰🇪 Kenya,Cloudflare,Local,26
KE,🇰🇪 Kenya,Cloudflare,Regional,141
KE,🇰🇪 Kenya,Cloudflare,External,218
KE,🇰🇪 Kenya,Facebook,External,9
KE,🇰🇪 Kenya,Facebook,External,9
KE,🇰🇪 Kenya,Facebook,External,9
KE,🇰🇪 Kenya,Facebook,External,9
KE,🇰🇪 Kenya,Facebook,External,9
KE,🇰🇪 Kenya,Facebook,External,9
KE,🇰🇪 Kenya,Facebook,External,9
KE,🇰🇪 Kenya,Facebook,External,9
KE,🇰🇪 Kenya,Fastly,Regional,8
KE,🇰🇪 Kenya,Fastly,External,15
KE,🇰🇪 Kenya,Fastly,Regional,8
KE,🇰🇪 Kenya,Fastly,External,15
KE,🇰🇪 Kenya,Fastly,Regional,8
KE,🇰🇪 Kenya,Fastly,External,15
KE,🇰🇪 Kenya,Fastly,Regional,8
KE,🇰🇪 Kenya,Fastly,External,15
KE,🇰🇪 Kenya,Fastly,Regional,8
KE,🇰🇪 Kenya,Fastly,External,15
KE,🇰🇪 Kenya,Fastly,Regional,8
KE,🇰🇪 Kenya,Fastly,External,15
KE,🇰🇪 Kenya,Fastly,Regional,8
KE,🇰🇪 Kenya,Fastly,External,15
KE,🇰🇪 Kenya,Microsoft,Local,19
KE,🇰🇪 Kenya,Microsoft,Local,19
KE,🇰🇪 Kenya,Microsoft,Local,19
KE,🇰🇪 Kenya,Microsoft,Local,19
KE,🇰🇪 Kenya,Microsoft,Local,19
KE,🇰🇪 Kenya,Microsoft,Local,19
KE,🇰🇪 Kenya,Microsoft,Local,19
KE,🇰🇪 Kenya,Microsoft,Local,19
KE,🇰🇪 Kenya,Other,Local,148
KE,🇰🇪 Kenya,Other,External,262
KI,🇰🇮 Kiribati,Akamai,External,57
KI,🇰🇮 Kiribati,Alibaba,External,10
KI,🇰🇮 Kiribati,Amazon,External,82
KI,🇰🇮 Kiribati,Cdn77,External,1
KI,🇰🇮 Kiribati,Cloudflare,External,314
KI,🇰🇮 Kiribati,Facebook,External,8
KI,🇰🇮 Kiribati,Fastly,External,28
KI,🇰🇮 Kiribati,Keycdn,External,1
KI,🇰🇮 Kiribati,Microsoft,External,11
KI,🇰🇮 Kiribati,Other,Local,0
KI,🇰🇮 Kiribati,Other,External,230
KW,🇰🇼 Kuwait,Akamai,Local,69
KW,🇰🇼 Kuwait,Akamai,Local,69
KW,🇰🇼 Kuwait,Akamai,Local,69
KW,🇰🇼 Kuwait,Akamai,Local,69
KW,🇰🇼 Kuwait,Akamai,Local,69
KW,🇰🇼 Kuwait,Alibaba,External,2
KW,🇰🇼 Kuwait,Alibaba,External,2
KW,🇰🇼 Kuwait,Alibaba,External,2
KW,🇰🇼 Kuwait,Alibaba,External,2
KW,🇰🇼 Kuwait,Alibaba,External,2
KW,🇰🇼 Kuwait,Amazon,Regional,33
KW,🇰🇼 Kuwait,Amazon,External,68
KW,🇰🇼 Kuwait,Amazon,Regional,33
KW,🇰🇼 Kuwait,Amazon,External,68
KW,🇰🇼 Kuwait,Amazon,Regional,33
KW,🇰🇼 Kuwait,Amazon,External,68
KW,🇰🇼 Kuwait,Amazon,Regional,33
KW,🇰🇼 Kuwait,Amazon,External,68
KW,🇰🇼 Kuwait,Amazon,Regional,33
KW,🇰🇼 Kuwait,Amazon,External,68
KW,🇰🇼 Kuwait,Cloudflare,Local,341
KW,🇰🇼 Kuwait,Cloudflare,External,191
KW,🇰🇼 Kuwait,Cloudflare,Local,341
KW,🇰🇼 Kuwait,Cloudflare,External,191
KW,🇰🇼 Kuwait,Cloudflare,Local,341
KW,🇰🇼 Kuwait,Cloudflare,External,191
KW,🇰🇼 Kuwait,Cloudflare,Local,341
KW,🇰🇼 Kuwait,Cloudflare,External,191
KW,🇰🇼 Kuwait,Cloudflare,Local,341
KW,🇰🇼 Kuwait,Cloudflare,External,191
KW,🇰🇼 Kuwait,Facebook,External,9
KW,🇰🇼 Kuwait,Facebook,External,9
KW,🇰🇼 Kuwait,Facebook,External,9
KW,🇰🇼 Kuwait,Facebook,External,9
KW,🇰🇼 Kuwait,Facebook,External,9
KW,🇰🇼 Kuwait,Fastly,Regional,14
KW,🇰🇼 Kuwait,Fastly,External,6
KW,🇰🇼 Kuwait,Fastly,Regional,14
KW,🇰🇼 Kuwait,Fastly,External,6
KW,🇰🇼 Kuwait,Fastly,Regional,14
KW,🇰🇼 Kuwait,Fastly,External,6
KW,🇰🇼 Kuwait,Fastly,Regional,14
KW,🇰🇼 Kuwait,Fastly,External,6
KW,🇰🇼 Kuwait,Fastly,Regional,14
KW,🇰🇼 Kuwait,Fastly,External,6
KW,🇰🇼 Kuwait,Microsoft,External,25
KW,🇰🇼 Kuwait,Microsoft,External,25
KW,🇰🇼 Kuwait,Microsoft,External,25
KW,🇰🇼 Kuwait,Microsoft,External,25
KW,🇰🇼 Kuwait,Microsoft,External,25
KW,🇰🇼 Kuwait,Other,Local,55
KW,🇰🇼 Kuwait,Other,External,187
KG,🇰🇬 Kyrgyzstan,Akamai,Local,25
KG,🇰🇬 Kyrgyzstan,Akamai,Local,25
KG,🇰🇬 Kyrgyzstan,Akamai,Local,25
KG,🇰🇬 Kyrgyzstan,Akamai,Local,25
KG,🇰🇬 Kyrgyzstan,Akamai,Local,25
KG,🇰🇬 Kyrgyzstan,Akamai,Local,25
KG,🇰🇬 Kyrgyzstan,Akamai,Local,25
KG,🇰🇬 Kyrgyzstan,Akamai,Local,25
KG,🇰🇬 Kyrgyzstan,Alibaba,External,1
KG,🇰🇬 Kyrgyzstan,Alibaba,External,1
KG,🇰🇬 Kyrgyzstan,Alibaba,External,1
KG,🇰🇬 Kyrgyzstan,Alibaba,External,1
KG,🇰🇬 Kyrgyzstan,Alibaba,External,1
KG,🇰🇬 Kyrgyzstan,Alibaba,External,1
KG,🇰🇬 Kyrgyzstan,Alibaba,External,1
KG,🇰🇬 Kyrgyzstan,Alibaba,External,1
KG,🇰🇬 Kyrgyzstan,Amazon,External,28
KG,🇰🇬 Kyrgyzstan,Amazon,External,28
KG,🇰🇬 Kyrgyzstan,Amazon,External,28
KG,🇰🇬 Kyrgyzstan,Amazon,External,28
KG,🇰🇬 Kyrgyzstan,Amazon,External,28
KG,🇰🇬 Kyrgyzstan,Amazon,External,28
KG,🇰🇬 Kyrgyzstan,Amazon,External,28
KG,🇰🇬 Kyrgyzstan,Amazon,External,28
KG,🇰🇬 Kyrgyzstan,Cloudflare,Local,231
KG,🇰🇬 Kyrgyzstan,Cloudflare,External,34
KG,🇰🇬 Kyrgyzstan,Cloudflare,Local,231
KG,🇰🇬 Kyrgyzstan,Cloudflare,External,34
KG,🇰🇬 Kyrgyzstan,Cloudflare,Local,231
KG,🇰🇬 Kyrgyzstan,Cloudflare,External,34
KG,🇰🇬 Kyrgyzstan,Cloudflare,Local,231
KG,🇰🇬 Kyrgyzstan,Cloudflare,External,34
KG,🇰🇬 Kyrgyzstan,Cloudflare,Local,231
KG,🇰🇬 Kyrgyzstan,Cloudflare,External,34
KG,🇰🇬 Kyrgyzstan,Cloudflare,Local,231
KG,🇰🇬 Kyrgyzstan,Cloudflare,External,34
KG,🇰🇬 Kyrgyzstan,Cloudflare,Local,231
KG,🇰🇬 Kyrgyzstan,Cloudflare,External,34
KG,🇰🇬 Kyrgyzstan,Cloudflare,Local,231
KG,🇰🇬 Kyrgyzstan,Cloudflare,External,34
KG,🇰🇬 Kyrgyzstan,Facebook,External,8
KG,🇰🇬 Kyrgyzstan,Facebook,External,8
KG,🇰🇬 Kyrgyzstan,Facebook,External,8
KG,🇰🇬 Kyrgyzstan,Facebook,External,8
KG,🇰🇬 Kyrgyzstan,Facebook,External,8
KG,🇰🇬 Kyrgyzstan,Facebook,External,8
KG,🇰🇬 Kyrgyzstan,Facebook,External,8
KG,🇰🇬 Kyrgyzstan,Facebook,External,8
KG,🇰🇬 Kyrgyzstan,Fastly,External,13
KG,🇰🇬 Kyrgyzstan,Fastly,External,13
KG,🇰🇬 Kyrgyzstan,Fastly,External,13
KG,🇰🇬 Kyrgyzstan,Fastly,External,13
KG,🇰🇬 Kyrgyzstan,Fastly,External,13
KG,🇰🇬 Kyrgyzstan,Fastly,External,13
KG,🇰🇬 Kyrgyzstan,Fastly,External,13
KG,🇰🇬 Kyrgyzstan,Microsoft,External,6
KG,🇰🇬 Kyrgyzstan,Microsoft,External,6
KG,🇰🇬 Kyrgyzstan,Microsoft,External,6
KG,🇰🇬 Kyrgyzstan,Microsoft,External,6
KG,🇰🇬 Kyrgyzstan,Microsoft,External,6
KG,🇰🇬 Kyrgyzstan,Microsoft,External,6
KG,🇰🇬 Kyrgyzstan,Microsoft,External,6
KG,🇰🇬 Kyrgyzstan,Microsoft,External,6
KG,🇰🇬 Kyrgyzstan,Other,Local,138
KG,🇰🇬 Kyrgyzstan,Other,External,516
LA,🇱🇦 Laos,Akamai,Local,36
LA,🇱🇦 Laos,Akamai,Local,36
LA,🇱🇦 Laos,Akamai,Local,36
LA,🇱🇦 Laos,Alibaba,External,6
LA,🇱🇦 Laos,Alibaba,External,6
LA,🇱🇦 Laos,Amazon,Regional,4
LA,🇱🇦 Laos,Amazon,External,58
LA,🇱🇦 Laos,Amazon,Regional,4
LA,🇱🇦 Laos,Amazon,External,58
LA,🇱🇦 Laos,Amazon,Regional,4
LA,🇱🇦 Laos,Amazon,External,58
LA,🇱🇦 Laos,Cdn77,Regional,2
LA,🇱🇦 Laos,Cdn77,Regional,2
LA,🇱🇦 Laos,Cloudflare,Local,259
LA,🇱🇦 Laos,Cloudflare,Regional,374
LA,🇱🇦 Laos,Cloudflare,Local,259
LA,🇱🇦 Laos,Cloudflare,Regional,374
LA,🇱🇦 Laos,Facebook,External,11
LA,🇱🇦 Laos,Facebook,External,11
LA,🇱🇦 Laos,Facebook,External,11
LA,🇱🇦 Laos,Fastly,Regional,3
LA,🇱🇦 Laos,Fastly,External,5
LA,🇱🇦 Laos,Fastly,Regional,3
LA,🇱🇦 Laos,Fastly,External,5
LA,🇱🇦 Laos,Microsoft,External,4
LA,🇱🇦 Laos,Microsoft,External,4
LA,🇱🇦 Laos,Microsoft,External,4
LA,🇱🇦 Laos,Other,Local,17
LA,🇱🇦 Laos,Other,External,221
LV,🇱🇻 Latvia,Akamai,Local,43
LV,🇱🇻 Latvia,Akamai,Local,43
LV,🇱🇻 Latvia,Akamai,Local,43
LV,🇱🇻 Latvia,Akamai,Local,43
LV,🇱🇻 Latvia,Akamai,Local,43
LV,🇱🇻 Latvia,Akamai,Local,43
LV,🇱🇻 Latvia,Alibaba,External,1
LV,🇱🇻 Latvia,Alibaba,External,1
LV,🇱🇻 Latvia,Alibaba,External,1
LV,🇱🇻 Latvia,Alibaba,External,1
LV,🇱🇻 Latvia,Alibaba,External,1
LV,🇱🇻 Latvia,Alibaba,External,1
LV,🇱🇻 Latvia,Amazon,Regional,21
LV,🇱🇻 Latvia,Amazon,External,28
LV,🇱🇻 Latvia,Amazon,Regional,21
LV,🇱🇻 Latvia,Amazon,External,28
LV,🇱🇻 Latvia,Amazon,Regional,21
LV,🇱🇻 Latvia,Amazon,External,28
LV,🇱🇻 Latvia,Amazon,Regional,21
LV,🇱🇻 Latvia,Amazon,External,28
LV,🇱🇻 Latvia,Amazon,Regional,21
LV,🇱🇻 Latvia,Amazon,External,28
LV,🇱🇻 Latvia,Amazon,Regional,21
LV,🇱🇻 Latvia,Amazon,External,28
LV,🇱🇻 Latvia,Cloudflare,Local,230
LV,🇱🇻 Latvia,Cloudflare,Regional,142
LV,🇱🇻 Latvia,Cloudflare,Local,230
LV,🇱🇻 Latvia,Cloudflare,Regional,142
LV,🇱🇻 Latvia,Cloudflare,Local,230
LV,🇱🇻 Latvia,Cloudflare,Regional,142
LV,🇱🇻 Latvia,Cloudflare,Local,230
LV,🇱🇻 Latvia,Cloudflare,Regional,142
LV,🇱🇻 Latvia,Cloudflare,Local,230
LV,🇱🇻 Latvia,Cloudflare,Regional,142
LV,🇱🇻 Latvia,Cloudflare,Local,230
LV,🇱🇻 Latvia,Cloudflare,Regional,142
LV,🇱🇻 Latvia,Facebook,External,6
LV,🇱🇻 Latvia,Facebook,External,6
LV,🇱🇻 Latvia,Facebook,External,6
LV,🇱🇻 Latvia,Facebook,External,6
LV,🇱🇻 Latvia,Facebook,External,6
LV,🇱🇻 Latvia,Facebook,External,6
LV,🇱🇻 Latvia,Fastly,Regional,8
LV,🇱🇻 Latvia,Fastly,External,2
LV,🇱🇻 Latvia,Fastly,Regional,8
LV,🇱🇻 Latvia,Fastly,External,2
LV,🇱🇻 Latvia,Fastly,Regional,8
LV,🇱🇻 Latvia,Fastly,External,2
LV,🇱🇻 Latvia,Fastly,Regional,8
LV,🇱🇻 Latvia,Fastly,External,2
LV,🇱🇻 Latvia,Fastly,Regional,8
LV,🇱🇻 Latvia,Fastly,External,2
LV,🇱🇻 Latvia,Fastly,Regional,8
LV,🇱🇻 Latvia,Fastly,External,2
LV,🇱🇻 Latvia,Microsoft,External,18
LV,🇱🇻 Latvia,Microsoft,External,18
LV,🇱🇻 Latvia,Microsoft,External,18
LV,🇱🇻 Latvia,Microsoft,External,18
LV,🇱🇻 Latvia,Microsoft,External,18
LV,🇱🇻 Latvia,Microsoft,External,18
LV,🇱🇻 Latvia,Other,Local,177
LV,🇱🇻 Latvia,Other,External,324
LB,🇱🇧 Lebanon,Akamai,Local,44
LB,🇱🇧 Lebanon,Akamai,Local,44
LB,🇱🇧 Lebanon,Akamai,Local,44
LB,🇱🇧 Lebanon,Akamai,Local,44
LB,🇱🇧 Lebanon,Akamai,Local,44
LB,🇱🇧 Lebanon,Akamai,Local,44
LB,🇱🇧 Lebanon,Akamai,Local,44
LB,🇱🇧 Lebanon,Akamai,Local,44
LB,🇱🇧 Lebanon,Akamai,Local,44
LB,🇱🇧 Lebanon,Akamai,Local,44
LB,🇱🇧 Lebanon,Akamai,Local,44
LB,🇱🇧 Lebanon,Akamai,Local,44
LB,🇱🇧 Lebanon,Akamai,Local,44
LB,🇱🇧 Lebanon,Akamai,Local,44
LB,🇱🇧 Lebanon,Akamai,Local,44
LB,🇱🇧 Lebanon,Alibaba,External,4
LB,🇱🇧 Lebanon,Alibaba,External,4
LB,🇱🇧 Lebanon,Alibaba,External,4
LB,🇱🇧 Lebanon,Alibaba,External,4
LB,🇱🇧 Lebanon,Alibaba,External,4
LB,🇱🇧 Lebanon,Alibaba,External,4
LB,🇱🇧 Lebanon,Alibaba,External,4
LB,🇱🇧 Lebanon,Alibaba,External,4
LB,🇱🇧 Lebanon,Alibaba,External,4
LB,🇱🇧 Lebanon,Alibaba,External,4
LB,🇱🇧 Lebanon,Alibaba,External,4
LB,🇱🇧 Lebanon,Alibaba,External,4
LB,🇱🇧 Lebanon,Alibaba,External,4
LB,🇱🇧 Lebanon,Alibaba,External,4
LB,🇱🇧 Lebanon,Alibaba,External,4
LB,🇱🇧 Lebanon,Amazon,External,60
LB,🇱🇧 Lebanon,Amazon,External,60
LB,🇱🇧 Lebanon,Amazon,External,60
LB,🇱🇧 Lebanon,Amazon,External,60
LB,🇱🇧 Lebanon,Amazon,External,60
LB,🇱🇧 Lebanon,Amazon,External,60
LB,🇱🇧 Lebanon,Amazon,External,60
LB,🇱🇧 Lebanon,Amazon,External,60
LB,🇱🇧 Lebanon,Amazon,External,60
LB,🇱🇧 Lebanon,Amazon,External,60
LB,🇱🇧 Lebanon,Amazon,External,60
LB,🇱🇧 Lebanon,Amazon,External,60
LB,🇱🇧 Lebanon,Amazon,External,60
LB,🇱🇧 Lebanon,Amazon,External,60
LB,🇱🇧 Lebanon,Amazon,External,60
LB,🇱🇧 Lebanon,Cloudflare,Local,299
LB,🇱🇧 Lebanon,Cloudflare,External,269
LB,🇱🇧 Lebanon,Cloudflare,Local,299
LB,🇱🇧 Lebanon,Cloudflare,External,269
LB,🇱🇧 Lebanon,Cloudflare,Local,299
LB,🇱🇧 Lebanon,Cloudflare,External,269
LB,🇱🇧 Lebanon,Cloudflare,Local,299
LB,🇱🇧 Lebanon,Cloudflare,External,269
LB,🇱🇧 Lebanon,Cloudflare,Local,299
LB,🇱🇧 Lebanon,Cloudflare,External,269
LB,🇱🇧 Lebanon,Cloudflare,Local,299
LB,🇱🇧 Lebanon,Cloudflare,External,269
LB,🇱🇧 Lebanon,Cloudflare,Local,299
LB,🇱🇧 Lebanon,Cloudflare,External,269
LB,🇱🇧 Lebanon,Cloudflare,Local,299
LB,🇱🇧 Lebanon,Cloudflare,External,269
LB,🇱🇧 Lebanon,Cloudflare,Local,299
LB,🇱🇧 Lebanon,Cloudflare,External,269
LB,🇱🇧 Lebanon,Cloudflare,Local,299
LB,🇱🇧 Lebanon,Cloudflare,External,269
LB,🇱🇧 Lebanon,Cloudflare,Local,299
LB,🇱🇧 Lebanon,Cloudflare,External,269
LB,🇱🇧 Lebanon,Cloudflare,Local,299
LB,🇱🇧 Lebanon,Cloudflare,External,269
LB,🇱🇧 Lebanon,Cloudflare,Local,299
LB,🇱🇧 Lebanon,Cloudflare,External,269
LB,🇱🇧 Lebanon,Cloudflare,Local,299
LB,🇱🇧 Lebanon,Cloudflare,External,269
LB,🇱🇧 Lebanon,Cloudflare,Local,299
LB,🇱🇧 Lebanon,Cloudflare,External,269
LB,🇱🇧 Lebanon,Facebook,External,10
LB,🇱🇧 Lebanon,Facebook,External,10
LB,🇱🇧 Lebanon,Facebook,External,10
LB,🇱🇧 Lebanon,Facebook,External,10
LB,🇱🇧 Lebanon,Facebook,External,10
LB,🇱🇧 Lebanon,Facebook,External,10
LB,🇱🇧 Lebanon,Facebook,External,10
LB,🇱🇧 Lebanon,Facebook,External,10
LB,🇱🇧 Lebanon,Facebook,External,10
LB,🇱🇧 Lebanon,Facebook,External,10
LB,🇱🇧 Lebanon,Facebook,External,10
LB,🇱🇧 Lebanon,Facebook,External,10
LB,🇱🇧 Lebanon,Facebook,External,10
LB,🇱🇧 Lebanon,Facebook,External,10
LB,🇱🇧 Lebanon,Facebook,External,10
LB,🇱🇧 Lebanon,Fastly,External,20
LB,🇱🇧 Lebanon,Fastly,External,20
LB,🇱🇧 Lebanon,Fastly,External,20
LB,🇱🇧 Lebanon,Fastly,External,20
LB,🇱🇧 Lebanon,Fastly,External,20
LB,🇱🇧 Lebanon,Fastly,External,20
LB,🇱🇧 Lebanon,Fastly,External,20
LB,🇱🇧 Lebanon,Fastly,External,20
LB,🇱🇧 Lebanon,Fastly,External,20
LB,🇱🇧 Lebanon,Fastly,External,20
LB,🇱🇧 Lebanon,Fastly,External,20
LB,🇱🇧 Lebanon,Fastly,External,20
LB,🇱🇧 Lebanon,Fastly,External,20
LB,🇱🇧 Lebanon,Fastly,External,20
LB,🇱🇧 Lebanon,Fastly,External,20
LB,🇱🇧 Lebanon,Microsoft,External,23
LB,🇱🇧 Lebanon,Microsoft,External,23
LB,🇱🇧 Lebanon,Microsoft,External,23
LB,🇱🇧 Lebanon,Microsoft,External,23
LB,🇱🇧 Lebanon,Microsoft,External,23
LB,🇱🇧 Lebanon,Microsoft,External,23
LB,🇱🇧 Lebanon,Microsoft,External,23
LB,🇱🇧 Lebanon,Microsoft,External,23
LB,🇱🇧 Lebanon,Microsoft,External,23
LB,🇱🇧 Lebanon,Microsoft,External,23
LB,🇱🇧 Lebanon,Microsoft,External,23
LB,🇱🇧 Lebanon,Microsoft,External,23
LB,🇱🇧 Lebanon,Microsoft,External,23
LB,🇱🇧 Lebanon,Microsoft,External,23
LB,🇱🇧 Lebanon,Microsoft,External,23
LB,🇱🇧 Lebanon,Other,Local,34
LB,🇱🇧 Lebanon,Other,External,236
LS,🇱🇸 Lesotho,Akamai,Local,70
LS,🇱🇸 Lesotho,Akamai,Local,70
LS,🇱🇸 Lesotho,Alibaba,External,4
LS,🇱🇸 Lesotho,Alibaba,External,4
LS,🇱🇸 Lesotho,Amazon,External,102
LS,🇱🇸 Lesotho,Amazon,External,102
LS,🇱🇸 Lesotho,Cloudflare,Regional,446
LS,🇱🇸 Lesotho,Cloudflare,Regional,446
LS,🇱🇸 Lesotho,Facebook,External,9
LS,🇱🇸 Lesotho,Facebook,External,9
LS,🇱🇸 Lesotho,Fastly,Regional,33
LS,🇱🇸 Lesotho,Fastly,Regional,33
LS,🇱🇸 Lesotho,Microsoft,External,27
LS,🇱🇸 Lesotho,Microsoft,External,27
LS,🇱🇸 Lesotho,Other,Local,19
LS,🇱🇸 Lesotho,Other,External,288
LS,🇱🇸 Lesotho,Wordpress,Regional,1
LS,🇱🇸 Lesotho,Wordpress,Regional,1
LR,🇱🇷 Liberia,Akamai,External,77
LR,🇱🇷 Liberia,Akamai,External,77
LR,🇱🇷 Liberia,Akamai,External,77
LR,🇱🇷 Liberia,Alibaba,External,9
LR,🇱🇷 Liberia,Alibaba,External,9
LR,🇱🇷 Liberia,Alibaba,External,9
LR,🇱🇷 Liberia,Amazon,External,127
LR,🇱🇷 Liberia,Amazon,External,127
LR,🇱🇷 Liberia,Amazon,External,127
LR,🇱🇷 Liberia,Cdn77,External,1
LR,🇱🇷 Liberia,Cdn77,External,1
LR,🇱🇷 Liberia,Cdn77,External,1
LR,🇱🇷 Liberia,Cloudflare,Regional,14
LR,🇱🇷 Liberia,Cloudflare,External,384
LR,🇱🇷 Liberia,Cloudflare,Regional,14
LR,🇱🇷 Liberia,Cloudflare,External,384
LR,🇱🇷 Liberia,Cloudflare,Regional,14
LR,🇱🇷 Liberia,Cloudflare,External,384
LR,🇱🇷 Liberia,Facebook,External,13
LR,🇱🇷 Liberia,Facebook,External,13
LR,🇱🇷 Liberia,Fastly,External,40
LR,🇱🇷 Liberia,Fastly,External,40
LR,🇱🇷 Liberia,Fastly,External,40
LR,🇱🇷 Liberia,Microsoft,External,17
LR,🇱🇷 Liberia,Microsoft,External,17
LR,🇱🇷 Liberia,Microsoft,External,17
LR,🇱🇷 Liberia,Other,Local,6
LR,🇱🇷 Liberia,Other,External,308
LY,🇱🇾 Libya,Akamai,External,34
LY,🇱🇾 Libya,Akamai,External,34
LY,🇱🇾 Libya,Akamai,External,34
LY,🇱🇾 Libya,Akamai,External,34
LY,🇱🇾 Libya,Akamai,External,34
LY,🇱🇾 Libya,Akamai,External,34
LY,🇱🇾 Libya,Amazon,External,48
LY,🇱🇾 Libya,Amazon,External,48
LY,🇱🇾 Libya,Amazon,External,48
LY,🇱🇾 Libya,Amazon,External,48
LY,🇱🇾 Libya,Amazon,External,48
LY,🇱🇾 Libya,Amazon,External,48
LY,🇱🇾 Libya,Cloudflare,External,572
LY,🇱🇾 Libya,Cloudflare,External,572
LY,🇱🇾 Libya,Cloudflare,External,572
LY,🇱🇾 Libya,Cloudflare,External,572
LY,🇱🇾 Libya,Cloudflare,External,572
LY,🇱🇾 Libya,Cloudflare,External,572
LY,🇱🇾 Libya,Facebook,External,8
LY,🇱🇾 Libya,Facebook,External,8
LY,🇱🇾 Libya,Facebook,External,8
LY,🇱🇾 Libya,Facebook,External,8
LY,🇱🇾 Libya,Facebook,External,8
LY,🇱🇾 Libya,Facebook,External,8
LY,🇱🇾 Libya,Fastly,External,13
LY,🇱🇾 Libya,Fastly,External,13
LY,🇱🇾 Libya,Fastly,External,13
LY,🇱🇾 Libya,Fastly,External,13
LY,🇱🇾 Libya,Fastly,External,13
LY,🇱🇾 Libya,Fastly,External,13
LY,🇱🇾 Libya,Microsoft,External,8
LY,🇱🇾 Libya,Microsoft,External,8
LY,🇱🇾 Libya,Microsoft,External,8
LY,🇱🇾 Libya,Microsoft,External,8
LY,🇱🇾 Libya,Microsoft,External,8
LY,🇱🇾 Libya,Microsoft,External,8
LY,🇱🇾 Libya,Other,Local,28
LY,🇱🇾 Libya,Other,External,287
LI,🇱🇮 Liechtenstein,Akamai,External,142
LI,🇱🇮 Liechtenstein,Amazon,External,140
LI,🇱🇮 Liechtenstein,Cdn77,Regional,1
LI,🇱🇮 Liechtenstein,Cloudflare,Regional,224
LI,🇱🇮 Liechtenstein,Facebook,External,6
LI,🇱🇮 Liechtenstein,Fastly,Regional,45
LI,🇱🇮 Liechtenstein,Microsoft,External,29
LI,🇱🇮 Liechtenstein,Netflix,Regional,1
LI,🇱🇮 Liechtenstein,Other,Local,19
LI,🇱🇮 Liechtenstein,Other,External,393
LT,🇱🇹 Lithuania,Akamai,Local,47
LT,🇱🇹 Lithuania,Akamai,Local,47
LT,🇱🇹 Lithuania,Akamai,Local,47
LT,🇱🇹 Lithuania,Akamai,Local,47
LT,🇱🇹 Lithuania,Akamai,Local,47
LT,🇱🇹 Lithuania,Akamai,Local,47
LT,🇱🇹 Lithuania,Akamai,Local,47
LT,🇱🇹 Lithuania,Akamai,Local,47
LT,🇱🇹 Lithuania,Amazon,Regional,24
LT,🇱🇹 Lithuania,Amazon,External,29
LT,🇱🇹 Lithuania,Amazon,Regional,24
LT,🇱🇹 Lithuania,Amazon,External,29
LT,🇱🇹 Lithuania,Amazon,Regional,24
LT,🇱🇹 Lithuania,Amazon,External,29
LT,🇱🇹 Lithuania,Amazon,Regional,24
LT,🇱🇹 Lithuania,Amazon,External,29
LT,🇱🇹 Lithuania,Amazon,Regional,24
LT,🇱🇹 Lithuania,Amazon,External,29
LT,🇱🇹 Lithuania,Amazon,Regional,24
LT,🇱🇹 Lithuania,Amazon,External,29
LT,🇱🇹 Lithuania,Amazon,Regional,24
LT,🇱🇹 Lithuania,Amazon,External,29
LT,🇱🇹 Lithuania,Amazon,Regional,24
LT,🇱🇹 Lithuania,Amazon,External,29
LT,🇱🇹 Lithuania,Cloudflare,Local,358
LT,🇱🇹 Lithuania,Cloudflare,Regional,101
LT,🇱🇹 Lithuania,Cloudflare,Local,358
LT,🇱🇹 Lithuania,Cloudflare,Regional,101
LT,🇱🇹 Lithuania,Cloudflare,Local,358
LT,🇱🇹 Lithuania,Cloudflare,Regional,101
LT,🇱🇹 Lithuania,Cloudflare,Local,358
LT,🇱🇹 Lithuania,Cloudflare,Regional,101
LT,🇱🇹 Lithuania,Cloudflare,Local,358
LT,🇱🇹 Lithuania,Cloudflare,Regional,101
LT,🇱🇹 Lithuania,Cloudflare,Local,358
LT,🇱🇹 Lithuania,Cloudflare,Regional,101
LT,🇱🇹 Lithuania,Cloudflare,Local,358
LT,🇱🇹 Lithuania,Cloudflare,Regional,101
LT,🇱🇹 Lithuania,Cloudflare,Local,358
LT,🇱🇹 Lithuania,Cloudflare,Regional,101
LT,🇱🇹 Lithuania,Facebook,External,7
LT,🇱🇹 Lithuania,Facebook,External,7
LT,🇱🇹 Lithuania,Facebook,External,7
LT,🇱🇹 Lithuania,Facebook,External,7
LT,🇱🇹 Lithuania,Facebook,External,7
LT,🇱🇹 Lithuania,Facebook,External,7
LT,🇱🇹 Lithuania,Facebook,External,7
LT,🇱🇹 Lithuania,Facebook,External,7
LT,🇱🇹 Lithuania,Fastly,Regional,4
LT,🇱🇹 Lithuania,Fastly,External,10
LT,🇱🇹 Lithuania,Fastly,Regional,4
LT,🇱🇹 Lithuania,Fastly,External,10
LT,🇱🇹 Lithuania,Fastly,Regional,4
LT,🇱🇹 Lithuania,Fastly,External,10
LT,🇱🇹 Lithuania,Fastly,Regional,4
LT,🇱🇹 Lithuania,Fastly,External,10
LT,🇱🇹 Lithuania,Fastly,Regional,4
LT,🇱🇹 Lithuania,Fastly,External,10
LT,🇱🇹 Lithuania,Fastly,Regional,4
LT,🇱🇹 Lithuania,Fastly,External,10
LT,🇱🇹 Lithuania,Fastly,Regional,4
LT,🇱🇹 Lithuania,Fastly,External,10
LT,🇱🇹 Lithuania,Fastly,Regional,4
LT,🇱🇹 Lithuania,Fastly,External,10
LT,🇱🇹 Lithuania,Microsoft,External,14
LT,🇱🇹 Lithuania,Microsoft,External,14
LT,🇱🇹 Lithuania,Microsoft,External,14
LT,🇱🇹 Lithuania,Microsoft,External,14
LT,🇱🇹 Lithuania,Microsoft,External,14
LT,🇱🇹 Lithuania,Microsoft,External,14
LT,🇱🇹 Lithuania,Microsoft,External,14
LT,🇱🇹 Lithuania,Microsoft,External,14
LT,🇱🇹 Lithuania,Other,Local,200
LT,🇱🇹 Lithuania,Other,External,206
LU,🇱🇺 Luxembourg,Akamai,Local,149
LU,🇱🇺 Luxembourg,Akamai,Local,149
LU,🇱🇺 Luxembourg,Akamai,Local,149
LU,🇱🇺 Luxembourg,Akamai,Local,149
LU,🇱🇺 Luxembourg,Akamai,Local,149
LU,🇱🇺 Luxembourg,Akamai,Local,149
LU,🇱🇺 Luxembourg,Amazon,Regional,111
LU,🇱🇺 Luxembourg,Amazon,Regional,111
LU,🇱🇺 Luxembourg,Amazon,Regional,111
LU,🇱🇺 Luxembourg,Amazon,Regional,111
LU,🇱🇺 Luxembourg,Amazon,Regional,111
LU,🇱🇺 Luxembourg,Amazon,Regional,111
LU,🇱🇺 Luxembourg,Cdn77,Regional,1
LU,🇱🇺 Luxembourg,Cdn77,Regional,1
LU,🇱🇺 Luxembourg,Cdn77,Regional,1
LU,🇱🇺 Luxembourg,Cdn77,Regional,1
LU,🇱🇺 Luxembourg,Cdn77,Regional,1
LU,🇱🇺 Luxembourg,Cdn77,Regional,1
LU,🇱🇺 Luxembourg,Cloudflare,Local,278
LU,🇱🇺 Luxembourg,Cloudflare,Regional,30
LU,🇱🇺 Luxembourg,Cloudflare,Local,278
LU,🇱🇺 Luxembourg,Cloudflare,Regional,30
LU,🇱🇺 Luxembourg,Cloudflare,Local,278
LU,🇱🇺 Luxembourg,Cloudflare,Regional,30
LU,🇱🇺 Luxembourg,Cloudflare,Local,278
LU,🇱🇺 Luxembourg,Cloudflare,Regional,30
LU,🇱🇺 Luxembourg,Cloudflare,Local,278
LU,🇱🇺 Luxembourg,Cloudflare,Regional,30
LU,🇱🇺 Luxembourg,Cloudflare,Local,278
LU,🇱🇺 Luxembourg,Cloudflare,Regional,30
LU,🇱🇺 Luxembourg,Facebook,External,7
LU,🇱🇺 Luxembourg,Facebook,External,7
LU,🇱🇺 Luxembourg,Facebook,External,7
LU,🇱🇺 Luxembourg,Facebook,External,7
LU,🇱🇺 Luxembourg,Facebook,External,7
LU,🇱🇺 Luxembourg,Facebook,External,7
LU,🇱🇺 Luxembourg,Fastly,Regional,53
LU,🇱🇺 Luxembourg,Fastly,Regional,53
LU,🇱🇺 Luxembourg,Fastly,Regional,53
LU,🇱🇺 Luxembourg,Fastly,Regional,53
LU,🇱🇺 Luxembourg,Fastly,Regional,53
LU,🇱🇺 Luxembourg,Fastly,Regional,53
LU,🇱🇺 Luxembourg,Microsoft,External,16
LU,🇱🇺 Luxembourg,Microsoft,External,16
LU,🇱🇺 Luxembourg,Microsoft,External,16
LU,🇱🇺 Luxembourg,Microsoft,External,16
LU,🇱🇺 Luxembourg,Microsoft,External,16
LU,🇱🇺 Luxembourg,Microsoft,External,16
LU,🇱🇺 Luxembourg,Other,Local,79
LU,🇱🇺 Luxembourg,Other,External,276
MO,🇲🇴 Macao,Akamai,Local,65
MO,🇲🇴 Macao,Akamai,Local,65
MO,🇲🇴 Macao,Alibaba,External,93
MO,🇲🇴 Macao,Alibaba,External,93
MO,🇲🇴 Macao,Amazon,External,69
MO,🇲🇴 Macao,Amazon,External,69
MO,🇲🇴 Macao,Bunnycdn,External,1
MO,🇲🇴 Macao,Bunnycdn,External,1
MO,🇲🇴 Macao,Cdn77,External,2
MO,🇲🇴 Macao,Cdn77,External,2
MO,🇲🇴 Macao,Cloudflare,Local,346
MO,🇲🇴 Macao,Cloudflare,Regional,20
MO,🇲🇴 Macao,Cloudflare,Local,346
MO,🇲🇴 Macao,Cloudflare,Regional,20
MO,🇲🇴 Macao,Facebook,External,8
MO,🇲🇴 Macao,Facebook,External,8
MO,🇲🇴 Macao,Fastly,Regional,18
MO,🇲🇴 Macao,Fastly,External,1
MO,🇲🇴 Macao,Fastly,Regional,18
MO,🇲🇴 Macao,Fastly,External,1
MO,🇲🇴 Macao,Microsoft,External,9
MO,🇲🇴 Macao,Microsoft,External,9
MO,🇲🇴 Macao,Other,Local,100
MO,🇲🇴 Macao,Other,External,266
MG,🇲🇬 Madagascar,Akamai,Local,79
MG,🇲🇬 Madagascar,Akamai,Local,79
MG,🇲🇬 Madagascar,Akamai,Local,79
MG,🇲🇬 Madagascar,Alibaba,External,4
MG,🇲🇬 Madagascar,Alibaba,External,4
MG,🇲🇬 Madagascar,Alibaba,External,4
MG,🇲🇬 Madagascar,Amazon,Regional,84
MG,🇲🇬 Madagascar,Amazon,External,7
MG,🇲🇬 Madagascar,Amazon,Regional,84
MG,🇲🇬 Madagascar,Amazon,External,7
MG,🇲🇬 Madagascar,Amazon,Regional,84
MG,🇲🇬 Madagascar,Amazon,External,7
MG,🇲🇬 Madagascar,Cloudflare,Local,251
MG,🇲🇬 Madagascar,Cloudflare,Regional,146
MG,🇲🇬 Madagascar,Cloudflare,External,34
MG,🇲🇬 Madagascar,Cloudflare,Local,251
MG,🇲🇬 Madagascar,Cloudflare,Regional,146
MG,🇲🇬 Madagascar,Cloudflare,External,34
MG,🇲🇬 Madagascar,Cloudflare,Local,251
MG,🇲🇬 Madagascar,Cloudflare,Regional,146
MG,🇲🇬 Madagascar,Cloudflare,External,34
MG,🇲🇬 Madagascar,Facebook,External,12
MG,🇲🇬 Madagascar,Facebook,External,12
MG,🇲🇬 Madagascar,Facebook,External,12
MG,🇲🇬 Madagascar,Fastly,Regional,20
MG,🇲🇬 Madagascar,Fastly,External,2
MG,🇲🇬 Madagascar,Fastly,Regional,20
MG,🇲🇬 Madagascar,Fastly,External,2
MG,🇲🇬 Madagascar,Fastly,Regional,20
MG,🇲🇬 Madagascar,Fastly,External,2
MG,🇲🇬 Madagascar,Microsoft,External,20
MG,🇲🇬 Madagascar,Microsoft,External,20
MG,🇲🇬 Madagascar,Microsoft,External,20
MG,🇲🇬 Madagascar,Other,Local,34
MG,🇲🇬 Madagascar,Other,External,306
MW,🇲🇼 Malawi,Akamai,Local,54
MW,🇲🇼 Malawi,Akamai,Local,54
MW,🇲🇼 Malawi,Akamai,Local,54
MW,🇲🇼 Malawi,Alibaba,External,7
MW,🇲🇼 Malawi,Alibaba,External,7
MW,🇲🇼 Malawi,Alibaba,External,7
MW,🇲🇼 Malawi,Amazon,Regional,44
MW,🇲🇼 Malawi,Amazon,External,76
MW,🇲🇼 Malawi,Amazon,Regional,44
MW,🇲🇼 Malawi,Amazon,External,76
MW,🇲🇼 Malawi,Amazon,Regional,44
MW,🇲🇼 Malawi,Amazon,External,76
MW,🇲🇼 Malawi,Cloudflare,Regional,407
MW,🇲🇼 Malawi,Cloudflare,External,5
MW,🇲🇼 Malawi,Cloudflare,Regional,407
MW,🇲🇼 Malawi,Cloudflare,External,5
MW,🇲🇼 Malawi,Cloudflare,Regional,407
MW,🇲🇼 Malawi,Cloudflare,External,5
MW,🇲🇼 Malawi,Facebook,External,9
MW,🇲🇼 Malawi,Facebook,External,9
MW,🇲🇼 Malawi,Fastly,Regional,11
MW,🇲🇼 Malawi,Fastly,External,18
MW,🇲🇼 Malawi,Fastly,Regional,11
MW,🇲🇼 Malawi,Fastly,External,18
MW,🇲🇼 Malawi,Fastly,Regional,11
MW,🇲🇼 Malawi,Fastly,External,18
MW,🇲🇼 Malawi,Microsoft,External,14
MW,🇲🇼 Malawi,Microsoft,External,14
MW,🇲🇼 Malawi,Microsoft,External,14
MW,🇲🇼 Malawi,Other,Local,59
MW,🇲🇼 Malawi,Other,External,295
MY,🇲🇾 Malaysia,Akamai,Local,43
MY,🇲🇾 Malaysia,Akamai,Local,43
MY,🇲🇾 Malaysia,Akamai,Local,43
MY,🇲🇾 Malaysia,Akamai,Local,43
MY,🇲🇾 Malaysia,Alibaba,External,9
MY,🇲🇾 Malaysia,Alibaba,External,9
MY,🇲🇾 Malaysia,Alibaba,External,9
MY,🇲🇾 Malaysia,Alibaba,External,9
MY,🇲🇾 Malaysia,Amazon,Regional,93
MY,🇲🇾 Malaysia,Amazon,Regional,93
MY,🇲🇾 Malaysia,Amazon,Regional,93
MY,🇲🇾 Malaysia,Amazon,Regional,93
MY,🇲🇾 Malaysia,Cdn77,Regional,2
MY,🇲🇾 Malaysia,Cdn77,Regional,2
MY,🇲🇾 Malaysia,Cdn77,Regional,2
MY,🇲🇾 Malaysia,Cdn77,Regional,2
MY,🇲🇾 Malaysia,Cloudflare,Local,507
MY,🇲🇾 Malaysia,Cloudflare,Local,507
MY,🇲🇾 Malaysia,Cloudflare,Local,507
MY,🇲🇾 Malaysia,Cloudflare,Local,507
MY,🇲🇾 Malaysia,Facebook,External,9
MY,🇲🇾 Malaysia,Facebook,External,9
MY,🇲🇾 Malaysia,Facebook,External,9
MY,🇲🇾 Malaysia,Facebook,External,9
MY,🇲🇾 Malaysia,Fastly,Local,12
MY,🇲🇾 Malaysia,Fastly,Regional,6
MY,🇲🇾 Malaysia,Fastly,Local,12
MY,🇲🇾 Malaysia,Fastly,Regional,6
MY,🇲🇾 Malaysia,Fastly,Local,12
MY,🇲🇾 Malaysia,Fastly,Regional,6
MY,🇲🇾 Malaysia,Fastly,Local,12
MY,🇲🇾 Malaysia,Fastly,Regional,6
MY,🇲🇾 Malaysia,Microsoft,Local,19
MY,🇲🇾 Malaysia,Microsoft,Local,19
MY,🇲🇾 Malaysia,Microsoft,Local,19
MY,🇲🇾 Malaysia,Microsoft,Local,19
MY,🇲🇾 Malaysia,Other,Local,87
MY,🇲🇾 Malaysia,Other,External,213
MV,🇲🇻 Maldives,Akamai,Local,64
MV,🇲🇻 Maldives,Akamai,Local,64
MV,🇲🇻 Maldives,Akamai,Local,64
MV,🇲🇻 Maldives,Alibaba,External,3
MV,🇲🇻 Maldives,Alibaba,External,3
MV,🇲🇻 Maldives,Alibaba,External,3
MV,🇲🇻 Maldives,Amazon,External,75
MV,🇲🇻 Maldives,Amazon,External,75
MV,🇲🇻 Maldives,Amazon,External,75
MV,🇲🇻 Maldives,Cloudflare,Local,549
MV,🇲🇻 Maldives,Cloudflare,External,16
MV,🇲🇻 Maldives,Cloudflare,Local,549
MV,🇲🇻 Maldives,Cloudflare,External,16
MV,🇲🇻 Maldives,Cloudflare,Local,549
MV,🇲🇻 Maldives,Cloudflare,External,16
MV,🇲🇻 Maldives,Facebook,External,8
MV,🇲🇻 Maldives,Facebook,External,8
MV,🇲🇻 Maldives,Facebook,External,8
MV,🇲🇻 Maldives,Fastly,Regional,11
MV,🇲🇻 Maldives,Fastly,External,8
MV,🇲🇻 Maldives,Fastly,Regional,11
MV,🇲🇻 Maldives,Fastly,External,8
MV,🇲🇻 Maldives,Fastly,Regional,11
MV,🇲🇻 Maldives,Fastly,External,8
MV,🇲🇻 Maldives,Microsoft,External,14
MV,🇲🇻 Maldives,Microsoft,External,14
MV,🇲🇻 Maldives,Microsoft,External,14
MV,🇲🇻 Maldives,Other,Local,18
MV,🇲🇻 Maldives,Other,External,234
ML,🇲🇱 Mali,Akamai,External,45
ML,🇲🇱 Mali,Akamai,External,45
ML,🇲🇱 Mali,Alibaba,External,2
ML,🇲🇱 Mali,Alibaba,External,2
ML,🇲🇱 Mali,Amazon,External,65
ML,🇲🇱 Mali,Amazon,External,65
ML,🇲🇱 Mali,Cloudflare,External,295
ML,🇲🇱 Mali,Cloudflare,External,295
ML,🇲🇱 Mali,Facebook,External,11
ML,🇲🇱 Mali,Facebook,External,11
ML,🇲🇱 Mali,Fastly,External,16
ML,🇲🇱 Mali,Fastly,External,16
ML,🇲🇱 Mali,Microsoft,External,8
ML,🇲🇱 Mali,Microsoft,External,8
ML,🇲🇱 Mali,Other,Local,14
ML,🇲🇱 Mali,Other,External,527
MT,🇲🇹 Malta,Akamai,Local,87
MT,🇲🇹 Malta,Akamai,Local,87
MT,🇲🇹 Malta,Amazon,External,123
MT,🇲🇹 Malta,Amazon,External,123
MT,🇲🇹 Malta,Cdn77,External,1
MT,🇲🇹 Malta,Cdn77,External,1
MT,🇲🇹 Malta,Cloudflare,Regional,209
MT,🇲🇹 Malta,Cloudflare,External,226
MT,🇲🇹 Malta,Cloudflare,Regional,209
MT,🇲🇹 Malta,Cloudflare,External,226
MT,🇲🇹 Malta,Facebook,External,9
MT,🇲🇹 Malta,Facebook,External,9
MT,🇲🇹 Malta,Fastly,Regional,20
MT,🇲🇹 Malta,Fastly,External,22
MT,🇲🇹 Malta,Fastly,Regional,20
MT,🇲🇹 Malta,Fastly,External,22
MT,🇲🇹 Malta,Microsoft,External,34
MT,🇲🇹 Malta,Microsoft,External,34
MT,🇲🇹 Malta,Other,Local,16
MT,🇲🇹 Malta,Other,External,253
MH,🇲🇭 Marshall Islands,Akamai,External,34
MH,🇲🇭 Marshall Islands,Akamai,External,34
MH,🇲🇭 Marshall Islands,Alibaba,External,1
MH,🇲🇭 Marshall Islands,Alibaba,External,1
MH,🇲🇭 Marshall Islands,Amazon,External,42
MH,🇲🇭 Marshall Islands,Amazon,External,42
MH,🇲🇭 Marshall Islands,Cloudflare,External,103
MH,🇲🇭 Marshall Islands,Cloudflare,External,103
MH,🇲🇭 Marshall Islands,Facebook,External,6
MH,🇲🇭 Marshall Islands,Facebook,External,6
MH,🇲🇭 Marshall Islands,Fastly,External,16
MH,🇲🇭 Marshall Islands,Fastly,External,16
MH,🇲🇭 Marshall Islands,Microsoft,External,7
MH,🇲🇭 Marshall Islands,Microsoft,External,7
MH,🇲🇭 Marshall Islands,Other,Local,0
MH,🇲🇭 Marshall Islands,Other,External,99
MQ,🇲🇶 Martinique,Akamai,Local,122
MQ,🇲🇶 Martinique,Akamai,Local,122
MQ,🇲🇶 Martinique,Akamai,Local,122
MQ,🇲🇶 Martinique,Akamai,Local,122
MQ,🇲🇶 Martinique,Alibaba,External,1
MQ,🇲🇶 Martinique,Alibaba,External,1
MQ,🇲🇶 Martinique,Alibaba,External,1
MQ,🇲🇶 Martinique,Alibaba,External,1
MQ,🇲🇶 Martinique,Amazon,External,85
MQ,🇲🇶 Martinique,Amazon,External,85
MQ,🇲🇶 Martinique,Amazon,External,85
MQ,🇲🇶 Martinique,Amazon,External,85
MQ,🇲🇶 Martinique,Cdn77,External,1
MQ,🇲🇶 Martinique,Cdn77,External,1
MQ,🇲🇶 Martinique,Cdn77,External,1
MQ,🇲🇶 Martinique,Cdn77,External,1
MQ,🇲🇶 Martinique,Cloudflare,External,349
MQ,🇲🇶 Martinique,Cloudflare,External,349
MQ,🇲🇶 Martinique,Cloudflare,External,349
MQ,🇲🇶 Martinique,Cloudflare,External,349
MQ,🇲🇶 Martinique,Facebook,External,7
MQ,🇲🇶 Martinique,Facebook,External,7
MQ,🇲🇶 Martinique,Facebook,External,7
MQ,🇲🇶 Martinique,Facebook,External,7
MQ,🇲🇶 Martinique,Fastly,External,23
MQ,🇲🇶 Martinique,Fastly,External,23
MQ,🇲🇶 Martinique,Fastly,External,23
MQ,🇲🇶 Martinique,Fastly,External,23
MQ,🇲🇶 Martinique,Microsoft,External,14
MQ,🇲🇶 Martinique,Microsoft,External,14
MQ,🇲🇶 Martinique,Microsoft,External,14
MQ,🇲🇶 Martinique,Microsoft,External,14
MQ,🇲🇶 Martinique,Other,Local,5
MQ,🇲🇶 Martinique,Other,External,393
MR,🇲🇷 Mauritania,Akamai,External,47
MR,🇲🇷 Mauritania,Akamai,External,47
MR,🇲🇷 Mauritania,Amazon,External,50
MR,🇲🇷 Mauritania,Cloudflare,External,548
MR,🇲🇷 Mauritania,Facebook,External,9
MR,🇲🇷 Mauritania,Facebook,External,9
MR,🇲🇷 Mauritania,Fastly,External,23
MR,🇲🇷 Mauritania,Fastly,External,23
MR,🇲🇷 Mauritania,Microsoft,External,13
MR,🇲🇷 Mauritania,Microsoft,External,13
MR,🇲🇷 Mauritania,Other,Local,21
MR,🇲🇷 Mauritania,Other,External,287
MU,🇲🇺 Mauritius,Akamai,Local,92
MU,🇲🇺 Mauritius,Akamai,Local,92
MU,🇲🇺 Mauritius,Akamai,Local,92
MU,🇲🇺 Mauritius,Alibaba,External,1
MU,🇲🇺 Mauritius,Alibaba,External,1
MU,🇲🇺 Mauritius,Alibaba,External,1
MU,🇲🇺 Mauritius,Amazon,Regional,2
MU,🇲🇺 Mauritius,Amazon,External,77
MU,🇲🇺 Mauritius,Amazon,Regional,2
MU,🇲🇺 Mauritius,Amazon,External,77
MU,🇲🇺 Mauritius,Amazon,Regional,2
MU,🇲🇺 Mauritius,Amazon,External,77
MU,🇲🇺 Mauritius,Cloudflare,Local,324
MU,🇲🇺 Mauritius,Cloudflare,Regional,115
MU,🇲🇺 Mauritius,Cloudflare,Local,324
MU,🇲🇺 Mauritius,Cloudflare,Regional,115
MU,🇲🇺 Mauritius,Cloudflare,Local,324
MU,🇲🇺 Mauritius,Cloudflare,Regional,115
MU,🇲🇺 Mauritius,Facebook,External,8
MU,🇲🇺 Mauritius,Facebook,External,8
MU,🇲🇺 Mauritius,Facebook,External,8
MU,🇲🇺 Mauritius,Fastly,Regional,24
MU,🇲🇺 Mauritius,Fastly,Regional,24
MU,🇲🇺 Mauritius,Fastly,Regional,24
MU,🇲🇺 Mauritius,Microsoft,External,19
MU,🇲🇺 Mauritius,Microsoft,External,19
MU,🇲🇺 Mauritius,Microsoft,External,19
MU,🇲🇺 Mauritius,Other,Local,70
MU,🇲🇺 Mauritius,Other,External,267
YT,🇾🇹 Mayotte,Akamai,External,97
YT,🇾🇹 Mayotte,Akamai,External,97
YT,🇾🇹 Mayotte,Akamai,External,97
YT,🇾🇹 Mayotte,Akamai,External,97
YT,🇾🇹 Mayotte,Amazon,External,86
YT,🇾🇹 Mayotte,Amazon,External,86
YT,🇾🇹 Mayotte,Amazon,External,86
YT,🇾🇹 Mayotte,Amazon,External,86
YT,🇾🇹 Mayotte,Cloudflare,Regional,325
YT,🇾🇹 Mayotte,Cloudflare,Regional,325
YT,🇾🇹 Mayotte,Cloudflare,Regional,325
YT,🇾🇹 Mayotte,Cloudflare,Regional,325
YT,🇾🇹 Mayotte,Facebook,External,6
YT,🇾🇹 Mayotte,Facebook,External,6
YT,🇾🇹 Mayotte,Facebook,External,6
YT,🇾🇹 Mayotte,Facebook,External,6
YT,🇾🇹 Mayotte,Fastly,Regional,25
YT,🇾🇹 Mayotte,Fastly,External,2
YT,🇾🇹 Mayotte,Fastly,Regional,25
YT,🇾🇹 Mayotte,Fastly,External,2
YT,🇾🇹 Mayotte,Fastly,Regional,25
YT,🇾🇹 Mayotte,Fastly,External,2
YT,🇾🇹 Mayotte,Fastly,Regional,25
YT,🇾🇹 Mayotte,Fastly,External,2
YT,🇾🇹 Mayotte,Microsoft,External,16
YT,🇾🇹 Mayotte,Microsoft,External,16
YT,🇾🇹 Mayotte,Microsoft,External,16
YT,🇾🇹 Mayotte,Microsoft,External,16
YT,🇾🇹 Mayotte,Other,Local,1
YT,🇾🇹 Mayotte,Other,External,442
MX,🇲🇽 Mexico,Akamai,Local,128
MX,🇲🇽 Mexico,Akamai,Local,128
MX,🇲🇽 Mexico,Akamai,Local,128
MX,🇲🇽 Mexico,Akamai,Local,128
MX,🇲🇽 Mexico,Akamai,Local,128
MX,🇲🇽 Mexico,Akamai,Local,128
MX,🇲🇽 Mexico,Akamai,Local,128
MX,🇲🇽 Mexico,Akamai,Local,128
MX,🇲🇽 Mexico,Akamai,Local,128
MX,🇲🇽 Mexico,Akamai,Local,128
MX,🇲🇽 Mexico,Akamai,Local,128
MX,🇲🇽 Mexico,Alibaba,External,2
MX,🇲🇽 Mexico,Alibaba,External,2
MX,🇲🇽 Mexico,Alibaba,External,2
MX,🇲🇽 Mexico,Alibaba,External,2
MX,🇲🇽 Mexico,Alibaba,External,2
MX,🇲🇽 Mexico,Alibaba,External,2
MX,🇲🇽 Mexico,Alibaba,External,2
MX,🇲🇽 Mexico,Alibaba,External,2
MX,🇲🇽 Mexico,Alibaba,External,2
MX,🇲🇽 Mexico,Alibaba,External,2
MX,🇲🇽 Mexico,Alibaba,External,2
MX,🇲🇽 Mexico,Amazon,External,152
MX,🇲🇽 Mexico,Amazon,External,152
MX,🇲🇽 Mexico,Amazon,External,152
MX,🇲🇽 Mexico,Amazon,External,152
MX,🇲🇽 Mexico,Amazon,External,152
MX,🇲🇽 Mexico,Amazon,External,152
MX,🇲🇽 Mexico,Amazon,External,152
MX,🇲🇽 Mexico,Amazon,External,152
MX,🇲🇽 Mexico,Amazon,External,152
MX,🇲🇽 Mexico,Amazon,External,152
MX,🇲🇽 Mexico,Amazon,External,152
MX,🇲🇽 Mexico,Cdn77,External,2
MX,🇲🇽 Mexico,Cdn77,External,2
MX,🇲🇽 Mexico,Cdn77,External,2
MX,🇲🇽 Mexico,Cdn77,External,2
MX,🇲🇽 Mexico,Cdn77,External,2
MX,🇲🇽 Mexico,Cdn77,External,2
MX,🇲🇽 Mexico,Cdn77,External,2
MX,🇲🇽 Mexico,Cdn77,External,2
MX,🇲🇽 Mexico,Cdn77,External,2
MX,🇲🇽 Mexico,Cdn77,External,2
MX,🇲🇽 Mexico,Cdn77,External,2
MX,🇲🇽 Mexico,Cloudflare,Local,318
MX,🇲🇽 Mexico,Cloudflare,External,26
MX,🇲🇽 Mexico,Cloudflare,Local,318
MX,🇲🇽 Mexico,Cloudflare,External,26
MX,🇲🇽 Mexico,Cloudflare,Local,318
MX,🇲🇽 Mexico,Cloudflare,External,26
MX,🇲🇽 Mexico,Cloudflare,Local,318
MX,🇲🇽 Mexico,Cloudflare,External,26
MX,🇲🇽 Mexico,Cloudflare,Local,318
MX,🇲🇽 Mexico,Cloudflare,External,26
MX,🇲🇽 Mexico,Cloudflare,Local,318
MX,🇲🇽 Mexico,Cloudflare,External,26
MX,🇲🇽 Mexico,Cloudflare,Local,318
MX,🇲🇽 Mexico,Cloudflare,External,26
MX,🇲🇽 Mexico,Cloudflare,Local,318
MX,🇲🇽 Mexico,Cloudflare,External,26
MX,🇲🇽 Mexico,Cloudflare,Local,318
MX,🇲🇽 Mexico,Cloudflare,External,26
MX,🇲🇽 Mexico,Cloudflare,Local,318
MX,🇲🇽 Mexico,Cloudflare,External,26
MX,🇲🇽 Mexico,Cloudflare,Local,318
MX,🇲🇽 Mexico,Cloudflare,External,26
MX,🇲🇽 Mexico,Facebook,External,10
MX,🇲🇽 Mexico,Facebook,External,10
MX,🇲🇽 Mexico,Facebook,External,10
MX,🇲🇽 Mexico,Facebook,External,10
MX,🇲🇽 Mexico,Facebook,External,10
MX,🇲🇽 Mexico,Facebook,External,10
MX,🇲🇽 Mexico,Facebook,External,10
MX,🇲🇽 Mexico,Facebook,External,10
MX,🇲🇽 Mexico,Facebook,External,10
MX,🇲🇽 Mexico,Facebook,External,10
MX,🇲🇽 Mexico,Fastly,Local,20
MX,🇲🇽 Mexico,Fastly,External,27
MX,🇲🇽 Mexico,Fastly,Local,20
MX,🇲🇽 Mexico,Fastly,External,27
MX,🇲🇽 Mexico,Fastly,Local,20
MX,🇲🇽 Mexico,Fastly,External,27
MX,🇲🇽 Mexico,Fastly,Local,20
MX,🇲🇽 Mexico,Fastly,External,27
MX,🇲🇽 Mexico,Fastly,Local,20
MX,🇲🇽 Mexico,Fastly,External,27
MX,🇲🇽 Mexico,Fastly,Local,20
MX,🇲🇽 Mexico,Fastly,External,27
MX,🇲🇽 Mexico,Fastly,Local,20
MX,🇲🇽 Mexico,Fastly,External,27
MX,🇲🇽 Mexico,Fastly,Local,20
MX,🇲🇽 Mexico,Fastly,External,27
MX,🇲🇽 Mexico,Fastly,Local,20
MX,🇲🇽 Mexico,Fastly,External,27
MX,🇲🇽 Mexico,Fastly,Local,20
MX,🇲🇽 Mexico,Fastly,External,27
MX,🇲🇽 Mexico,Fastly,Local,20
MX,🇲🇽 Mexico,Fastly,External,27
MX,🇲🇽 Mexico,Microsoft,Local,34
MX,🇲🇽 Mexico,Microsoft,Local,34
MX,🇲🇽 Mexico,Microsoft,Local,34
MX,🇲🇽 Mexico,Microsoft,Local,34
MX,🇲🇽 Mexico,Microsoft,Local,34
MX,🇲🇽 Mexico,Microsoft,Local,34
MX,🇲🇽 Mexico,Microsoft,Local,34
MX,🇲🇽 Mexico,Microsoft,Local,34
MX,🇲🇽 Mexico,Microsoft,Local,34
MX,🇲🇽 Mexico,Microsoft,Local,34
MX,🇲🇽 Mexico,Microsoft,Local,34
MX,🇲🇽 Mexico,Other,Local,63
MX,🇲🇽 Mexico,Other,External,218
FM,🇫🇲 Micronesia,Akamai,External,51
FM,🇫🇲 Micronesia,Akamai,External,51
FM,🇫🇲 Micronesia,Akamai,External,51
FM,🇫🇲 Micronesia,Alibaba,External,1
FM,🇫🇲 Micronesia,Alibaba,External,1
FM,🇫🇲 Micronesia,Alibaba,External,1
FM,🇫🇲 Micronesia,Amazon,External,67
FM,🇫🇲 Micronesia,Amazon,External,67
FM,🇫🇲 Micronesia,Amazon,External,67
FM,🇫🇲 Micronesia,Cdn77,External,1
FM,🇫🇲 Micronesia,Cdn77,External,1
FM,🇫🇲 Micronesia,Cdn77,External,1
FM,🇫🇲 Micronesia,Cloudflare,External,178
FM,🇫🇲 Micronesia,Cloudflare,External,178
FM,🇫🇲 Micronesia,Cloudflare,External,178
FM,🇫🇲 Micronesia,Facebook,External,7
FM,🇫🇲 Micronesia,Facebook,External,7
FM,🇫🇲 Micronesia,Facebook,External,7
FM,🇫🇲 Micronesia,Fastly,External,21
FM,🇫🇲 Micronesia,Fastly,External,21
FM,🇫🇲 Micronesia,Fastly,External,21
FM,🇫🇲 Micronesia,Microsoft,External,11
FM,🇫🇲 Micronesia,Microsoft,External,11
FM,🇫🇲 Micronesia,Microsoft,External,11
FM,🇫🇲 Micronesia,Other,Local,0
FM,🇫🇲 Micronesia,Other,External,155
MD,🇲🇩 Moldova,Akamai,Local,39
MD,🇲🇩 Moldova,Akamai,Local,39
MD,🇲🇩 Moldova,Akamai,Local,39
MD,🇲🇩 Moldova,Akamai,Local,39
MD,🇲🇩 Moldova,Akamai,Local,39
MD,🇲🇩 Moldova,Akamai,Local,39
MD,🇲🇩 Moldova,Akamai,Local,39
MD,🇲🇩 Moldova,Akamai,Local,39
MD,🇲🇩 Moldova,Alibaba,External,1
MD,🇲🇩 Moldova,Alibaba,External,1
MD,🇲🇩 Moldova,Alibaba,External,1
MD,🇲🇩 Moldova,Alibaba,External,1
MD,🇲🇩 Moldova,Alibaba,External,1
MD,🇲🇩 Moldova,Alibaba,External,1
MD,🇲🇩 Moldova,Alibaba,External,1
MD,🇲🇩 Moldova,Alibaba,External,1
MD,🇲🇩 Moldova,Amazon,External,35
MD,🇲🇩 Moldova,Amazon,External,35
MD,🇲🇩 Moldova,Amazon,External,35
MD,🇲🇩 Moldova,Amazon,External,35
MD,🇲🇩 Moldova,Amazon,External,35
MD,🇲🇩 Moldova,Amazon,External,35
MD,🇲🇩 Moldova,Amazon,External,35
MD,🇲🇩 Moldova,Amazon,External,35
MD,🇲🇩 Moldova,Cloudflare,Regional,210
MD,🇲🇩 Moldova,Cloudflare,External,109
MD,🇲🇩 Moldova,Cloudflare,Regional,210
MD,🇲🇩 Moldova,Cloudflare,External,109
MD,🇲🇩 Moldova,Cloudflare,Regional,210
MD,🇲🇩 Moldova,Cloudflare,External,109
MD,🇲🇩 Moldova,Cloudflare,Regional,210
MD,🇲🇩 Moldova,Cloudflare,External,109
MD,🇲🇩 Moldova,Cloudflare,Regional,210
MD,🇲🇩 Moldova,Cloudflare,External,109
MD,🇲🇩 Moldova,Cloudflare,Regional,210
MD,🇲🇩 Moldova,Cloudflare,External,109
MD,🇲🇩 Moldova,Cloudflare,Regional,210
MD,🇲🇩 Moldova,Cloudflare,External,109
MD,🇲🇩 Moldova,Cloudflare,Regional,210
MD,🇲🇩 Moldova,Cloudflare,External,109
MD,🇲🇩 Moldova,Facebook,External,6
MD,🇲🇩 Moldova,Facebook,External,6
MD,🇲🇩 Moldova,Facebook,External,6
MD,🇲🇩 Moldova,Facebook,External,6
MD,🇲🇩 Moldova,Facebook,External,6
MD,🇲🇩 Moldova,Facebook,External,6
MD,🇲🇩 Moldova,Facebook,External,6
MD,🇲🇩 Moldova,Facebook,External,6
MD,🇲🇩 Moldova,Fastly,Regional,6
MD,🇲🇩 Moldova,Fastly,External,9
MD,🇲🇩 Moldova,Fastly,Regional,6
MD,🇲🇩 Moldova,Fastly,External,9
MD,🇲🇩 Moldova,Fastly,Regional,6
MD,🇲🇩 Moldova,Fastly,External,9
MD,🇲🇩 Moldova,Fastly,Regional,6
MD,🇲🇩 Moldova,Fastly,External,9
MD,🇲🇩 Moldova,Fastly,Regional,6
MD,🇲🇩 Moldova,Fastly,External,9
MD,🇲🇩 Moldova,Fastly,Regional,6
MD,🇲🇩 Moldova,Fastly,External,9
MD,🇲🇩 Moldova,Fastly,Regional,6
MD,🇲🇩 Moldova,Fastly,External,9
MD,🇲🇩 Moldova,Fastly,Regional,6
MD,🇲🇩 Moldova,Fastly,External,9
MD,🇲🇩 Moldova,Microsoft,External,4
MD,🇲🇩 Moldova,Microsoft,External,4
MD,🇲🇩 Moldova,Microsoft,External,4
MD,🇲🇩 Moldova,Microsoft,External,4
MD,🇲🇩 Moldova,Microsoft,External,4
MD,🇲🇩 Moldova,Microsoft,External,4
MD,🇲🇩 Moldova,Microsoft,External,4
MD,🇲🇩 Moldova,Microsoft,External,4
MD,🇲🇩 Moldova,Other,Local,147
MD,🇲🇩 Moldova,Other,External,434
MC,🇲🇨 Monaco,Akamai,Local,202
MC,🇲🇨 Monaco,Amazon,Regional,146
MC,🇲🇨 Monaco,Cdn77,Regional,2
MC,🇲🇨 Monaco,Cloudflare,Regional,272
MC,🇲🇨 Monaco,Facebook,External,8
MC,🇲🇨 Monaco,Fastly,Regional,67
MC,🇲🇨 Monaco,Microsoft,External,21
MC,🇲🇨 Monaco,Other,Local,34
MC,🇲🇨 Monaco,Other,External,248
MN,🇲🇳 Mongolia,Akamai,Local,40
MN,🇲🇳 Mongolia,Akamai,Local,40
MN,🇲🇳 Mongolia,Akamai,Local,40
MN,🇲🇳 Mongolia,Akamai,Local,40
MN,🇲🇳 Mongolia,Akamai,Local,40
MN,🇲🇳 Mongolia,Akamai,Local,40
MN,🇲🇳 Mongolia,Alibaba,External,6
MN,🇲🇳 Mongolia,Alibaba,External,6
MN,🇲🇳 Mongolia,Alibaba,External,6
MN,🇲🇳 Mongolia,Alibaba,External,6
MN,🇲🇳 Mongolia,Alibaba,External,6
MN,🇲🇳 Mongolia,Alibaba,External,6
MN,🇲🇳 Mongolia,Amazon,Regional,15
MN,🇲🇳 Mongolia,Amazon,External,57
MN,🇲🇳 Mongolia,Amazon,Regional,15
MN,🇲🇳 Mongolia,Amazon,External,57
MN,🇲🇳 Mongolia,Amazon,Regional,15
MN,🇲🇳 Mongolia,Amazon,External,57
MN,🇲🇳 Mongolia,Amazon,Regional,15
MN,🇲🇳 Mongolia,Amazon,External,57
MN,🇲🇳 Mongolia,Amazon,Regional,15
MN,🇲🇳 Mongolia,Amazon,External,57
MN,🇲🇳 Mongolia,Amazon,Regional,15
MN,🇲🇳 Mongolia,Amazon,External,57
MN,🇲🇳 Mongolia,Cloudflare,Local,365
MN,🇲🇳 Mongolia,Cloudflare,Regional,11
MN,🇲🇳 Mongolia,Cloudflare,Local,365
MN,🇲🇳 Mongolia,Cloudflare,Regional,11
MN,🇲🇳 Mongolia,Cloudflare,Local,365
MN,🇲🇳 Mongolia,Cloudflare,Regional,11
MN,🇲🇳 Mongolia,Cloudflare,Local,365
MN,🇲🇳 Mongolia,Cloudflare,Regional,11
MN,🇲🇳 Mongolia,Cloudflare,Local,365
MN,🇲🇳 Mongolia,Cloudflare,Regional,11
MN,🇲🇳 Mongolia,Cloudflare,Local,365
MN,🇲🇳 Mongolia,Cloudflare,Regional,11
MN,🇲🇳 Mongolia,Facebook,External,9
MN,🇲🇳 Mongolia,Facebook,External,9
MN,🇲🇳 Mongolia,Facebook,External,9
MN,🇲🇳 Mongolia,Facebook,External,9
MN,🇲🇳 Mongolia,Facebook,External,9
MN,🇲🇳 Mongolia,Facebook,External,9
MN,🇲🇳 Mongolia,Fastly,Regional,6
MN,🇲🇳 Mongolia,Fastly,External,14
MN,🇲🇳 Mongolia,Fastly,Regional,6
MN,🇲🇳 Mongolia,Fastly,External,14
MN,🇲🇳 Mongolia,Fastly,Regional,6
MN,🇲🇳 Mongolia,Fastly,External,14
MN,🇲🇳 Mongolia,Fastly,Regional,6
MN,🇲🇳 Mongolia,Fastly,External,14
MN,🇲🇳 Mongolia,Fastly,Regional,6
MN,🇲🇳 Mongolia,Fastly,External,14
MN,🇲🇳 Mongolia,Fastly,Regional,6
MN,🇲🇳 Mongolia,Fastly,External,14
MN,🇲🇳 Mongolia,Microsoft,External,15
MN,🇲🇳 Mongolia,Microsoft,External,15
MN,🇲🇳 Mongolia,Microsoft,External,15
MN,🇲🇳 Mongolia,Microsoft,External,15
MN,🇲🇳 Mongolia,Microsoft,External,15
MN,🇲🇳 Mongolia,Microsoft,External,15
MN,🇲🇳 Mongolia,Other,Local,226
MN,🇲🇳 Mongolia,Other,External,236
ME,🇲🇪 Montenegro,Akamai,External,42
ME,🇲🇪 Montenegro,Akamai,External,42
ME,🇲🇪 Montenegro,Akamai,External,42
ME,🇲🇪 Montenegro,Akamai,External,42
ME,🇲🇪 Montenegro,Amazon,External,52
ME,🇲🇪 Montenegro,Amazon,External,52
ME,🇲🇪 Montenegro,Amazon,External,52
ME,🇲🇪 Montenegro,Amazon,External,52
ME,🇲🇪 Montenegro,Cdn77,External,15
ME,🇲🇪 Montenegro,Cdn77,External,15
ME,🇲🇪 Montenegro,Cdn77,External,15
ME,🇲🇪 Montenegro,Cdn77,External,15
ME,🇲🇪 Montenegro,Cloudflare,Regional,369
ME,🇲🇪 Montenegro,Cloudflare,External,32
ME,🇲🇪 Montenegro,Cloudflare,Regional,369
ME,🇲🇪 Montenegro,Cloudflare,External,32
ME,🇲🇪 Montenegro,Cloudflare,Regional,369
ME,🇲🇪 Montenegro,Cloudflare,External,32
ME,🇲🇪 Montenegro,Cloudflare,Regional,369
ME,🇲🇪 Montenegro,Cloudflare,External,32
ME,🇲🇪 Montenegro,Facebook,External,6
ME,🇲🇪 Montenegro,Facebook,External,6
ME,🇲🇪 Montenegro,Facebook,External,6
ME,🇲🇪 Montenegro,Facebook,External,6
ME,🇲🇪 Montenegro,Fastly,External,16
ME,🇲🇪 Montenegro,Fastly,External,16
ME,🇲🇪 Montenegro,Fastly,External,16
ME,🇲🇪 Montenegro,Fastly,External,16
ME,🇲🇪 Montenegro,Microsoft,External,11
ME,🇲🇪 Montenegro,Microsoft,External,11
ME,🇲🇪 Montenegro,Microsoft,External,11
ME,🇲🇪 Montenegro,Microsoft,External,11
ME,🇲🇪 Montenegro,Other,Local,41
ME,🇲🇪 Montenegro,Other,External,416
MS,🇲🇸 Montserrat,Other,Local,1
MS,🇲🇸 Montserrat,Other,External,107
MA,🇲🇦 Morocco,Akamai,Local,63
MA,🇲🇦 Morocco,Akamai,Local,63
MA,🇲🇦 Morocco,Akamai,Local,63
MA,🇲🇦 Morocco,Amazon,External,72
MA,🇲🇦 Morocco,Amazon,External,72
MA,🇲🇦 Morocco,Amazon,External,72
MA,🇲🇦 Morocco,Cloudflare,External,444
MA,🇲🇦 Morocco,Cloudflare,External,444
MA,🇲🇦 Morocco,Cloudflare,External,444
MA,🇲🇦 Morocco,Facebook,External,10
MA,🇲🇦 Morocco,Facebook,External,10
MA,🇲🇦 Morocco,Facebook,External,10
MA,🇲🇦 Morocco,Fastly,External,22
MA,🇲🇦 Morocco,Fastly,External,22
MA,🇲🇦 Morocco,Fastly,External,22
MA,🇲🇦 Morocco,Microsoft,Local,18
MA,🇲🇦 Morocco,Microsoft,Local,18
MA,🇲🇦 Morocco,Microsoft,Local,18
MA,🇲🇦 Morocco,Other,Local,116
MA,🇲🇦 Morocco,Other,External,255
MZ,🇲🇿 Mozambique,Akamai,Local,54
MZ,🇲🇿 Mozambique,Akamai,Local,54
MZ,🇲🇿 Mozambique,Akamai,Local,54
MZ,🇲🇿 Mozambique,Akamai,Local,54
MZ,🇲🇿 Mozambique,Akamai,Local,54
MZ,🇲🇿 Mozambique,Amazon,Regional,33
MZ,🇲🇿 Mozambique,Amazon,External,57
MZ,🇲🇿 Mozambique,Amazon,Regional,33
MZ,🇲🇿 Mozambique,Amazon,External,57
MZ,🇲🇿 Mozambique,Amazon,Regional,33
MZ,🇲🇿 Mozambique,Amazon,External,57
MZ,🇲🇿 Mozambique,Amazon,Regional,33
MZ,🇲🇿 Mozambique,Amazon,External,57
MZ,🇲🇿 Mozambique,Amazon,Regional,33
MZ,🇲🇿 Mozambique,Amazon,External,57
MZ,🇲🇿 Mozambique,Cloudflare,Regional,169
MZ,🇲🇿 Mozambique,Cloudflare,External,243
MZ,🇲🇿 Mozambique,Cloudflare,Regional,169
MZ,🇲🇿 Mozambique,Cloudflare,External,243
MZ,🇲🇿 Mozambique,Cloudflare,Regional,169
MZ,🇲🇿 Mozambique,Cloudflare,External,243
MZ,🇲🇿 Mozambique,Cloudflare,Regional,169
MZ,🇲🇿 Mozambique,Cloudflare,External,243
MZ,🇲🇿 Mozambique,Cloudflare,Regional,169
MZ,🇲🇿 Mozambique,Cloudflare,External,243
MZ,🇲🇿 Mozambique,Facebook,External,10
MZ,🇲🇿 Mozambique,Facebook,External,10
MZ,🇲🇿 Mozambique,Facebook,External,10
MZ,🇲🇿 Mozambique,Facebook,External,10
MZ,🇲🇿 Mozambique,Facebook,External,10
MZ,🇲🇿 Mozambique,Fastly,Regional,26
MZ,🇲🇿 Mozambique,Fastly,External,4
MZ,🇲🇿 Mozambique,Fastly,Regional,26
MZ,🇲🇿 Mozambique,Fastly,External,4
MZ,🇲🇿 Mozambique,Fastly,Regional,26
MZ,🇲🇿 Mozambique,Fastly,External,4
MZ,🇲🇿 Mozambique,Fastly,Regional,26
MZ,🇲🇿 Mozambique,Fastly,External,4
MZ,🇲🇿 Mozambique,Fastly,Regional,26
MZ,🇲🇿 Mozambique,Fastly,External,4
MZ,🇲🇿 Mozambique,Microsoft,External,16
MZ,🇲🇿 Mozambique,Microsoft,External,16
MZ,🇲🇿 Mozambique,Microsoft,External,16
MZ,🇲🇿 Mozambique,Microsoft,External,16
MZ,🇲🇿 Mozambique,Microsoft,External,16
MZ,🇲🇿 Mozambique,Other,Local,70
MZ,🇲🇿 Mozambique,Other,External,317
MM,🇲🇲 Myanmar,Akamai,Local,38
MM,🇲🇲 Myanmar,Akamai,Local,38
MM,🇲🇲 Myanmar,Akamai,Local,38
MM,🇲🇲 Myanmar,Akamai,Local,38
MM,🇲🇲 Myanmar,Akamai,Local,38
MM,🇲🇲 Myanmar,Akamai,Local,38
MM,🇲🇲 Myanmar,Akamai,Local,38
MM,🇲🇲 Myanmar,Akamai,Local,38
MM,🇲🇲 Myanmar,Akamai,Local,38
MM,🇲🇲 Myanmar,Akamai,Local,38
MM,🇲🇲 Myanmar,Akamai,Local,38
MM,🇲🇲 Myanmar,Akamai,Local,38
MM,🇲🇲 Myanmar,Akamai,Local,38
MM,🇲🇲 Myanmar,Akamai,Local,38
MM,🇲🇲 Myanmar,Akamai,Local,38
MM,🇲🇲 Myanmar,Akamai,Local,38
MM,🇲🇲 Myanmar,Alibaba,External,27
MM,🇲🇲 Myanmar,Alibaba,External,27
MM,🇲🇲 Myanmar,Alibaba,External,27
MM,🇲🇲 Myanmar,Alibaba,External,27
MM,🇲🇲 Myanmar,Alibaba,External,27
MM,🇲🇲 Myanmar,Alibaba,External,27
MM,🇲🇲 Myanmar,Alibaba,External,27
MM,🇲🇲 Myanmar,Alibaba,External,27
MM,🇲🇲 Myanmar,Alibaba,External,27
MM,🇲🇲 Myanmar,Alibaba,External,27
MM,🇲🇲 Myanmar,Alibaba,External,27
MM,🇲🇲 Myanmar,Alibaba,External,27
MM,🇲🇲 Myanmar,Alibaba,External,27
MM,🇲🇲 Myanmar,Alibaba,External,27
MM,🇲🇲 Myanmar,Alibaba,External,27
MM,🇲🇲 Myanmar,Alibaba,External,27
MM,🇲🇲 Myanmar,Amazon,Regional,39
MM,🇲🇲 Myanmar,Amazon,External,26
MM,🇲🇲 Myanmar,Amazon,Regional,39
MM,🇲🇲 Myanmar,Amazon,External,26
MM,🇲🇲 Myanmar,Amazon,Regional,39
MM,🇲🇲 Myanmar,Amazon,External,26
MM,🇲🇲 Myanmar,Amazon,Regional,39
MM,🇲🇲 Myanmar,Amazon,External,26
MM,🇲🇲 Myanmar,Amazon,Regional,39
MM,🇲🇲 Myanmar,Amazon,External,26
MM,🇲🇲 Myanmar,Amazon,Regional,39
MM,🇲🇲 Myanmar,Amazon,External,26
MM,🇲🇲 Myanmar,Amazon,Regional,39
MM,🇲🇲 Myanmar,Amazon,External,26
MM,🇲🇲 Myanmar,Amazon,Regional,39
MM,🇲🇲 Myanmar,Amazon,External,26
MM,🇲🇲 Myanmar,Amazon,Regional,39
MM,🇲🇲 Myanmar,Amazon,External,26
MM,🇲🇲 Myanmar,Amazon,Regional,39
MM,🇲🇲 Myanmar,Amazon,External,26
MM,🇲🇲 Myanmar,Amazon,Regional,39
MM,🇲🇲 Myanmar,Amazon,External,26
MM,🇲🇲 Myanmar,Amazon,Regional,39
MM,🇲🇲 Myanmar,Amazon,External,26
MM,🇲🇲 Myanmar,Amazon,Regional,39
MM,🇲🇲 Myanmar,Amazon,External,26
MM,🇲🇲 Myanmar,Amazon,Regional,39
MM,🇲🇲 Myanmar,Amazon,External,26
MM,🇲🇲 Myanmar,Amazon,Regional,39
MM,🇲🇲 Myanmar,Amazon,External,26
MM,🇲🇲 Myanmar,Amazon,Regional,39
MM,🇲🇲 Myanmar,Amazon,External,26
MM,🇲🇲 Myanmar,Cdn77,External,1
MM,🇲🇲 Myanmar,Cdn77,External,1
MM,🇲🇲 Myanmar,Cdn77,External,1
MM,🇲🇲 Myanmar,Cdn77,External,1
MM,🇲🇲 Myanmar,Cdn77,External,1
MM,🇲🇲 Myanmar,Cdn77,External,1
MM,🇲🇲 Myanmar,Cdn77,External,1
MM,🇲🇲 Myanmar,Cdn77,External,1
MM,🇲🇲 Myanmar,Cdn77,External,1
MM,🇲🇲 Myanmar,Cdn77,External,1
MM,🇲🇲 Myanmar,Cloudflare,Regional,565
MM,🇲🇲 Myanmar,Cloudflare,External,25
MM,🇲🇲 Myanmar,Cloudflare,Regional,565
MM,🇲🇲 Myanmar,Cloudflare,External,25
MM,🇲🇲 Myanmar,Cloudflare,Regional,565
MM,🇲🇲 Myanmar,Cloudflare,External,25
MM,🇲🇲 Myanmar,Cloudflare,Regional,565
MM,🇲🇲 Myanmar,Cloudflare,External,25
MM,🇲🇲 Myanmar,Cloudflare,Regional,565
MM,🇲🇲 Myanmar,Cloudflare,External,25
MM,🇲🇲 Myanmar,Cloudflare,Regional,565
MM,🇲🇲 Myanmar,Cloudflare,External,25
MM,🇲🇲 Myanmar,Cloudflare,Regional,565
MM,🇲🇲 Myanmar,Cloudflare,External,25
MM,🇲🇲 Myanmar,Cloudflare,Regional,565
MM,🇲🇲 Myanmar,Cloudflare,External,25
MM,🇲🇲 Myanmar,Cloudflare,Regional,565
MM,🇲🇲 Myanmar,Cloudflare,External,25
MM,🇲🇲 Myanmar,Cloudflare,Regional,565
MM,🇲🇲 Myanmar,Cloudflare,External,25
MM,🇲🇲 Myanmar,Cloudflare,Regional,565
MM,🇲🇲 Myanmar,Cloudflare,External,25
MM,🇲🇲 Myanmar,Cloudflare,Regional,565
MM,🇲🇲 Myanmar,Cloudflare,External,25
MM,🇲🇲 Myanmar,Cloudflare,Regional,565
MM,🇲🇲 Myanmar,Cloudflare,External,25
MM,🇲🇲 Myanmar,Cloudflare,Regional,565
MM,🇲🇲 Myanmar,Cloudflare,External,25
MM,🇲🇲 Myanmar,Facebook,External,4
MM,🇲🇲 Myanmar,Facebook,External,4
MM,🇲🇲 Myanmar,Fastly,Regional,15
MM,🇲🇲 Myanmar,Fastly,External,2
MM,🇲🇲 Myanmar,Fastly,Regional,15
MM,🇲🇲 Myanmar,Fastly,External,2
MM,🇲🇲 Myanmar,Fastly,Regional,15
MM,🇲🇲 Myanmar,Fastly,External,2
MM,🇲🇲 Myanmar,Fastly,Regional,15
MM,🇲🇲 Myanmar,Fastly,External,2
MM,🇲🇲 Myanmar,Fastly,Regional,15
MM,🇲🇲 Myanmar,Fastly,External,2
MM,🇲🇲 Myanmar,Fastly,Regional,15
MM,🇲🇲 Myanmar,Fastly,External,2
MM,🇲🇲 Myanmar,Fastly,Regional,15
MM,🇲🇲 Myanmar,Fastly,External,2
MM,🇲🇲 Myanmar,Fastly,Regional,15
MM,🇲🇲 Myanmar,Fastly,External,2
MM,🇲🇲 Myanmar,Fastly,Regional,15
MM,🇲🇲 Myanmar,Fastly,External,2
MM,🇲🇲 Myanmar,Fastly,Regional,15
MM,🇲🇲 Myanmar,Fastly,External,2
MM,🇲🇲 Myanmar,Fastly,Regional,15
MM,🇲🇲 Myanmar,Fastly,External,2
MM,🇲🇲 Myanmar,Fastly,Regional,15
MM,🇲🇲 Myanmar,Fastly,External,2
MM,🇲🇲 Myanmar,Fastly,Regional,15
MM,🇲🇲 Myanmar,Fastly,External,2
MM,🇲🇲 Myanmar,Fastly,Regional,15
MM,🇲🇲 Myanmar,Fastly,External,2
MM,🇲🇲 Myanmar,Fastly,Regional,15
MM,🇲🇲 Myanmar,Fastly,External,2
MM,🇲🇲 Myanmar,Microsoft,External,11
MM,🇲🇲 Myanmar,Microsoft,External,11
MM,🇲🇲 Myanmar,Microsoft,External,11
MM,🇲🇲 Myanmar,Microsoft,External,11
MM,🇲🇲 Myanmar,Microsoft,External,11
MM,🇲🇲 Myanmar,Microsoft,External,11
MM,🇲🇲 Myanmar,Microsoft,External,11
MM,🇲🇲 Myanmar,Microsoft,External,11
MM,🇲🇲 Myanmar,Microsoft,External,11
MM,🇲🇲 Myanmar,Microsoft,External,11
MM,🇲🇲 Myanmar,Microsoft,External,11
MM,🇲🇲 Myanmar,Microsoft,External,11
MM,🇲🇲 Myanmar,Microsoft,External,11
MM,🇲🇲 Myanmar,Microsoft,External,11
MM,🇲🇲 Myanmar,Microsoft,External,11
MM,🇲🇲 Myanmar,Microsoft,External,11
MM,🇲🇲 Myanmar,Other,Local,19
MM,🇲🇲 Myanmar,Other,External,227
NA,🇳🇦 Namibia,Akamai,External,59
NA,🇳🇦 Namibia,Akamai,External,59
NA,🇳🇦 Namibia,Akamai,External,59
NA,🇳🇦 Namibia,Akamai,External,59
NA,🇳🇦 Namibia,Alibaba,External,3
NA,🇳🇦 Namibia,Alibaba,External,3
NA,🇳🇦 Namibia,Alibaba,External,3
NA,🇳🇦 Namibia,Alibaba,External,3
NA,🇳🇦 Namibia,Amazon,External,127
NA,🇳🇦 Namibia,Amazon,External,127
NA,🇳🇦 Namibia,Amazon,External,127
NA,🇳🇦 Namibia,Amazon,External,127
NA,🇳🇦 Namibia,Cdn77,External,1
NA,🇳🇦 Namibia,Cdn77,External,1
NA,🇳🇦 Namibia,Cdn77,External,1
NA,🇳🇦 Namibia,Cdn77,External,1
NA,🇳🇦 Namibia,Cloudflare,External,405
NA,🇳🇦 Namibia,Cloudflare,External,405
NA,🇳🇦 Namibia,Cloudflare,External,405
NA,🇳🇦 Namibia,Facebook,External,8
NA,🇳🇦 Namibia,Facebook,External,8
NA,🇳🇦 Namibia,Facebook,External,8
NA,🇳🇦 Namibia,Facebook,External,8
NA,🇳🇦 Namibia,Fastly,External,32
NA,🇳🇦 Namibia,Fastly,External,32
NA,🇳🇦 Namibia,Fastly,External,32
NA,🇳🇦 Namibia,Fastly,External,32
NA,🇳🇦 Namibia,Microsoft,External,21
NA,🇳🇦 Namibia,Microsoft,External,21
NA,🇳🇦 Namibia,Microsoft,External,21
NA,🇳🇦 Namibia,Microsoft,External,21
NA,🇳🇦 Namibia,Other,Local,63
NA,🇳🇦 Namibia,Other,External,279
NR,🇳🇷 Nauru,Akamai,External,28
NR,🇳🇷 Nauru,Amazon,External,33
NR,🇳🇷 Nauru,Cloudflare,External,67
NR,🇳🇷 Nauru,Facebook,External,3
NR,🇳🇷 Nauru,Fastly,External,13
NR,🇳🇷 Nauru,Microsoft,External,2
NR,🇳🇷 Nauru,Other,Local,0
NR,🇳🇷 Nauru,Other,External,54
NP,🇳🇵 Nepal,Akamai,Local,37
NP,🇳🇵 Nepal,Akamai,Local,37
NP,🇳🇵 Nepal,Akamai,Local,37
NP,🇳🇵 Nepal,Akamai,Local,37
NP,🇳🇵 Nepal,Akamai,Local,37
NP,🇳🇵 Nepal,Akamai,Local,37
NP,🇳🇵 Nepal,Akamai,Local,37
NP,🇳🇵 Nepal,Akamai,Local,37
NP,🇳🇵 Nepal,Akamai,Local,37
NP,🇳🇵 Nepal,Alibaba,External,11
NP,🇳🇵 Nepal,Alibaba,External,11
NP,🇳🇵 Nepal,Alibaba,External,11
NP,🇳🇵 Nepal,Alibaba,External,11
NP,🇳🇵 Nepal,Alibaba,External,11
NP,🇳🇵 Nepal,Alibaba,External,11
NP,🇳🇵 Nepal,Alibaba,External,11
NP,🇳🇵 Nepal,Alibaba,External,11
NP,🇳🇵 Nepal,Alibaba,External,11
NP,🇳🇵 Nepal,Amazon,Regional,7
NP,🇳🇵 Nepal,Amazon,External,48
NP,🇳🇵 Nepal,Amazon,Regional,7
NP,🇳🇵 Nepal,Amazon,External,48
NP,🇳🇵 Nepal,Amazon,Regional,7
NP,🇳🇵 Nepal,Amazon,External,48
NP,🇳🇵 Nepal,Amazon,Regional,7
NP,🇳🇵 Nepal,Amazon,External,48
NP,🇳🇵 Nepal,Amazon,Regional,7
NP,🇳🇵 Nepal,Amazon,External,48
NP,🇳🇵 Nepal,Amazon,Regional,7
NP,🇳🇵 Nepal,Amazon,External,48
NP,🇳🇵 Nepal,Amazon,Regional,7
NP,🇳🇵 Nepal,Amazon,External,48
NP,🇳🇵 Nepal,Amazon,Regional,7
NP,🇳🇵 Nepal,Amazon,External,48
NP,🇳🇵 Nepal,Amazon,Regional,7
NP,🇳🇵 Nepal,Amazon,External,48
NP,🇳🇵 Nepal,Cloudflare,Local,475
NP,🇳🇵 Nepal,Cloudflare,Local,475
NP,🇳🇵 Nepal,Cloudflare,Local,475
NP,🇳🇵 Nepal,Cloudflare,Local,475
NP,🇳🇵 Nepal,Cloudflare,Local,475
NP,🇳🇵 Nepal,Cloudflare,Local,475
NP,🇳🇵 Nepal,Cloudflare,Local,475
NP,🇳🇵 Nepal,Cloudflare,Local,475
NP,🇳🇵 Nepal,Cloudflare,Local,475
NP,🇳🇵 Nepal,Facebook,External,9
NP,🇳🇵 Nepal,Facebook,External,9
NP,🇳🇵 Nepal,Facebook,External,9
NP,🇳🇵 Nepal,Facebook,External,9
NP,🇳🇵 Nepal,Facebook,External,9
NP,🇳🇵 Nepal,Facebook,External,9
NP,🇳🇵 Nepal,Facebook,External,9
NP,🇳🇵 Nepal,Facebook,External,9
NP,🇳🇵 Nepal,Facebook,External,9
NP,🇳🇵 Nepal,Fastly,Regional,17
NP,🇳🇵 Nepal,Fastly,Regional,17
NP,🇳🇵 Nepal,Fastly,Regional,17
NP,🇳🇵 Nepal,Fastly,Regional,17
NP,🇳🇵 Nepal,Fastly,Regional,17
NP,🇳🇵 Nepal,Fastly,Regional,17
NP,🇳🇵 Nepal,Fastly,Regional,17
NP,🇳🇵 Nepal,Fastly,Regional,17
NP,🇳🇵 Nepal,Fastly,Regional,17
NP,🇳🇵 Nepal,Microsoft,External,8
NP,🇳🇵 Nepal,Microsoft,External,8
NP,🇳🇵 Nepal,Microsoft,External,8
NP,🇳🇵 Nepal,Microsoft,External,8
NP,🇳🇵 Nepal,Microsoft,External,8
NP,🇳🇵 Nepal,Microsoft,External,8
NP,🇳🇵 Nepal,Microsoft,External,8
NP,🇳🇵 Nepal,Microsoft,External,8
NP,🇳🇵 Nepal,Microsoft,External,8
NP,🇳🇵 Nepal,Other,Local,193
NP,🇳🇵 Nepal,Other,External,195
NL,🇳🇱 Netherlands,Akamai,Local,129
NL,🇳🇱 Netherlands,Akamai,Local,129
NL,🇳🇱 Netherlands,Akamai,Local,129
NL,🇳🇱 Netherlands,Akamai,Local,129
NL,🇳🇱 Netherlands,Akamai,Local,129
NL,🇳🇱 Netherlands,Akamai,Local,129
NL,🇳🇱 Netherlands,Amazon,Local,85
NL,🇳🇱 Netherlands,Amazon,External,54
NL,🇳🇱 Netherlands,Amazon,Local,85
NL,🇳🇱 Netherlands,Amazon,External,54
NL,🇳🇱 Netherlands,Amazon,Local,85
NL,🇳🇱 Netherlands,Amazon,External,54
NL,🇳🇱 Netherlands,Amazon,Local,85
NL,🇳🇱 Netherlands,Amazon,External,54
NL,🇳🇱 Netherlands,Amazon,Local,85
NL,🇳🇱 Netherlands,Amazon,External,54
NL,🇳🇱 Netherlands,Amazon,Local,85
NL,🇳🇱 Netherlands,Amazon,External,54
NL,🇳🇱 Netherlands,Cdn77,Local,1
NL,🇳🇱 Netherlands,Cdn77,Local,1
NL,🇳🇱 Netherlands,Cdn77,Local,1
NL,🇳🇱 Netherlands,Cdn77,Local,1
NL,🇳🇱 Netherlands,Cdn77,Local,1
NL,🇳🇱 Netherlands,Cdn77,Local,1
NL,🇳🇱 Netherlands,Cloudflare,Local,369
NL,🇳🇱 Netherlands,Cloudflare,Local,369
NL,🇳🇱 Netherlands,Cloudflare,Local,369
NL,🇳🇱 Netherlands,Cloudflare,Local,369
NL,🇳🇱 Netherlands,Cloudflare,Local,369
NL,🇳🇱 Netherlands,Cloudflare,Local,369
NL,🇳🇱 Netherlands,Facebook,External,7
NL,🇳🇱 Netherlands,Facebook,External,7
NL,🇳🇱 Netherlands,Facebook,External,7
NL,🇳🇱 Netherlands,Facebook,External,7
NL,🇳🇱 Netherlands,Facebook,External,7
NL,🇳🇱 Netherlands,Facebook,External,7
NL,🇳🇱 Netherlands,Fastly,Local,31
NL,🇳🇱 Netherlands,Fastly,Local,31
NL,🇳🇱 Netherlands,Fastly,Local,31
NL,🇳🇱 Netherlands,Fastly,Local,31
NL,🇳🇱 Netherlands,Fastly,Local,31
NL,🇳🇱 Netherlands,Fastly,Local,31
NL,🇳🇱 Netherlands,Microsoft,Local,35
NL,🇳🇱 Netherlands,Microsoft,Local,35
NL,🇳🇱 Netherlands,Microsoft,Local,35
NL,🇳🇱 Netherlands,Microsoft,Local,35
NL,🇳🇱 Netherlands,Microsoft,Local,35
NL,🇳🇱 Netherlands,Microsoft,Local,35
NL,🇳🇱 Netherlands,Other,Local,138
NL,🇳🇱 Netherlands,Other,External,150
NL,🇳🇱 Netherlands,Wordpress,Local,1
NL,🇳🇱 Netherlands,Wordpress,Local,1
NL,🇳🇱 Netherlands,Wordpress,Local,1
NL,🇳🇱 Netherlands,Wordpress,Local,1
NL,🇳🇱 Netherlands,Wordpress,Local,1
NL,🇳🇱 Netherlands,Wordpress,Local,1
NC,🇳🇨 New Caledonia,Akamai,Local,101
NC,🇳🇨 New Caledonia,Akamai,Local,101
NC,🇳🇨 New Caledonia,Akamai,Local,101
NC,🇳🇨 New Caledonia,Akamai,Local,101
NC,🇳🇨 New Caledonia,Akamai,Local,101
NC,🇳🇨 New Caledonia,Amazon,External,87
NC,🇳🇨 New Caledonia,Amazon,External,87
NC,🇳🇨 New Caledonia,Amazon,External,87
NC,🇳🇨 New Caledonia,Amazon,External,87
NC,🇳🇨 New Caledonia,Amazon,External,87
NC,🇳🇨 New Caledonia,Cloudflare,Local,345
NC,🇳🇨 New Caledonia,Cloudflare,Local,345
NC,🇳🇨 New Caledonia,Cloudflare,Local,345
NC,🇳🇨 New Caledonia,Cloudflare,Local,345
NC,🇳🇨 New Caledonia,Cloudflare,Local,345
NC,🇳🇨 New Caledonia,Facebook,External,8
NC,🇳🇨 New Caledonia,Facebook,External,8
NC,🇳🇨 New Caledonia,Facebook,External,8
NC,🇳🇨 New Caledonia,Facebook,External,8
NC,🇳🇨 New Caledonia,Facebook,External,8
NC,🇳🇨 New Caledonia,Fastly,External,23
NC,🇳🇨 New Caledonia,Fastly,External,23
NC,🇳🇨 New Caledonia,Fastly,External,23
NC,🇳🇨 New Caledonia,Fastly,External,23
NC,🇳🇨 New Caledonia,Fastly,External,23
NC,🇳🇨 New Caledonia,Microsoft,External,11
NC,🇳🇨 New Caledonia,Microsoft,External,11
NC,🇳🇨 New Caledonia,Microsoft,External,11
NC,🇳🇨 New Caledonia,Microsoft,External,11
NC,🇳🇨 New Caledonia,Microsoft,External,11
NC,🇳🇨 New Caledonia,Other,Local,109
NC,🇳🇨 New Caledonia,Other,External,315
NZ,🇳🇿 New Zealand,Akamai,Local,105
NZ,🇳🇿 New Zealand,Akamai,Local,105
NZ,🇳🇿 New Zealand,Akamai,Local,105
NZ,🇳🇿 New Zealand,Akamai,Local,105
NZ,🇳🇿 New Zealand,Akamai,Local,105
NZ,🇳🇿 New Zealand,Alibaba,External,2
NZ,🇳🇿 New Zealand,Alibaba,External,2
NZ,🇳🇿 New Zealand,Alibaba,External,2
NZ,🇳🇿 New Zealand,Alibaba,External,2
NZ,🇳🇿 New Zealand,Alibaba,External,2
NZ,🇳🇿 New Zealand,Amazon,Regional,163
NZ,🇳🇿 New Zealand,Amazon,Regional,163
NZ,🇳🇿 New Zealand,Amazon,Regional,163
NZ,🇳🇿 New Zealand,Amazon,Regional,163
NZ,🇳🇿 New Zealand,Amazon,Regional,163
NZ,🇳🇿 New Zealand,Cloudflare,Local,390
NZ,🇳🇿 New Zealand,Cloudflare,Local,390
NZ,🇳🇿 New Zealand,Cloudflare,Local,390
NZ,🇳🇿 New Zealand,Cloudflare,Local,390
NZ,🇳🇿 New Zealand,Cloudflare,Local,390
NZ,🇳🇿 New Zealand,Facebook,External,8
NZ,🇳🇿 New Zealand,Facebook,External,8
NZ,🇳🇿 New Zealand,Facebook,External,8
NZ,🇳🇿 New Zealand,Facebook,External,8
NZ,🇳🇿 New Zealand,Facebook,External,8
NZ,🇳🇿 New Zealand,Fastly,Local,93
NZ,🇳🇿 New Zealand,Fastly,Local,93
NZ,🇳🇿 New Zealand,Fastly,Local,93
NZ,🇳🇿 New Zealand,Fastly,Local,93
NZ,🇳🇿 New Zealand,Fastly,Local,93
NZ,🇳🇿 New Zealand,Microsoft,Local,40
NZ,🇳🇿 New Zealand,Microsoft,Local,40
NZ,🇳🇿 New Zealand,Microsoft,Local,40
NZ,🇳🇿 New Zealand,Microsoft,Local,40
NZ,🇳🇿 New Zealand,Microsoft,Local,40
NZ,🇳🇿 New Zealand,Other,Local,50
NZ,🇳🇿 New Zealand,Other,External,149
NI,🇳🇮 Nicaragua,Akamai,Local,82
NI,🇳🇮 Nicaragua,Akamai,Local,82
NI,🇳🇮 Nicaragua,Akamai,Local,82
NI,🇳🇮 Nicaragua,Akamai,Local,82
NI,🇳🇮 Nicaragua,Alibaba,External,2
NI,🇳🇮 Nicaragua,Alibaba,External,2
NI,🇳🇮 Nicaragua,Alibaba,External,2
NI,🇳🇮 Nicaragua,Alibaba,External,2
NI,🇳🇮 Nicaragua,Amazon,External,105
NI,🇳🇮 Nicaragua,Amazon,External,105
NI,🇳🇮 Nicaragua,Amazon,External,105
NI,🇳🇮 Nicaragua,Amazon,External,105
NI,🇳🇮 Nicaragua,Cdn77,External,1
NI,🇳🇮 Nicaragua,Cdn77,External,1
NI,🇳🇮 Nicaragua,Cdn77,External,1
NI,🇳🇮 Nicaragua,Cdn77,External,1
NI,🇳🇮 Nicaragua,Cloudflare,Regional,11
NI,🇳🇮 Nicaragua,Cloudflare,External,409
NI,🇳🇮 Nicaragua,Cloudflare,Regional,11
NI,🇳🇮 Nicaragua,Cloudflare,External,409
NI,🇳🇮 Nicaragua,Cloudflare,Regional,11
NI,🇳🇮 Nicaragua,Cloudflare,External,409
NI,🇳🇮 Nicaragua,Cloudflare,Regional,11
NI,🇳🇮 Nicaragua,Cloudflare,External,409
NI,🇳🇮 Nicaragua,Facebook,External,9
NI,🇳🇮 Nicaragua,Facebook,External,9
NI,🇳🇮 Nicaragua,Facebook,External,9
NI,🇳🇮 Nicaragua,Facebook,External,9
NI,🇳🇮 Nicaragua,Fastly,External,41
NI,🇳🇮 Nicaragua,Fastly,External,41
NI,🇳🇮 Nicaragua,Fastly,External,41
NI,🇳🇮 Nicaragua,Fastly,External,41
NI,🇳🇮 Nicaragua,Microsoft,External,17
NI,🇳🇮 Nicaragua,Microsoft,External,17
NI,🇳🇮 Nicaragua,Microsoft,External,17
NI,🇳🇮 Nicaragua,Microsoft,External,17
NI,🇳🇮 Nicaragua,Other,Local,54
NI,🇳🇮 Nicaragua,Other,External,268
NE,🇳🇪 Niger,Akamai,External,63
NE,🇳🇪 Niger,Akamai,External,63
NE,🇳🇪 Niger,Akamai,External,63
NE,🇳🇪 Niger,Akamai,External,63
NE,🇳🇪 Niger,Alibaba,External,5
NE,🇳🇪 Niger,Alibaba,External,5
NE,🇳🇪 Niger,Alibaba,External,5
NE,🇳🇪 Niger,Alibaba,External,5
NE,🇳🇪 Niger,Amazon,External,77
NE,🇳🇪 Niger,Amazon,External,77
NE,🇳🇪 Niger,Amazon,External,77
NE,🇳🇪 Niger,Amazon,External,77
NE,🇳🇪 Niger,Cloudflare,Regional,83
NE,🇳🇪 Niger,Cloudflare,External,279
NE,🇳🇪 Niger,Cloudflare,Regional,83
NE,🇳🇪 Niger,Cloudflare,External,279
NE,🇳🇪 Niger,Cloudflare,Regional,83
NE,🇳🇪 Niger,Cloudflare,External,279
NE,🇳🇪 Niger,Cloudflare,Regional,83
NE,🇳🇪 Niger,Cloudflare,External,279
NE,🇳🇪 Niger,Facebook,External,11
NE,🇳🇪 Niger,Facebook,External,11
NE,🇳🇪 Niger,Facebook,External,11
NE,🇳🇪 Niger,Fastly,Regional,5
NE,🇳🇪 Niger,Fastly,External,28
NE,🇳🇪 Niger,Fastly,Regional,5
NE,🇳🇪 Niger,Fastly,External,28
NE,🇳🇪 Niger,Fastly,Regional,5
NE,🇳🇪 Niger,Fastly,External,28
NE,🇳🇪 Niger,Fastly,Regional,5
NE,🇳🇪 Niger,Fastly,External,28
NE,🇳🇪 Niger,Microsoft,External,10
NE,🇳🇪 Niger,Microsoft,External,10
NE,🇳🇪 Niger,Microsoft,External,10
NE,🇳🇪 Niger,Microsoft,External,10
NE,🇳🇪 Niger,Other,Local,8
NE,🇳🇪 Niger,Other,External,429
NG,🇳🇬 Nigeria,Akamai,Local,49
NG,🇳🇬 Nigeria,Akamai,Local,49
NG,🇳🇬 Nigeria,Alibaba,External,4
NG,🇳🇬 Nigeria,Alibaba,External,4
NG,🇳🇬 Nigeria,Amazon,External,115
NG,🇳🇬 Nigeria,Amazon,External,115
NG,🇳🇬 Nigeria,Cdn77,External,1
NG,🇳🇬 Nigeria,Cdn77,External,1
NG,🇳🇬 Nigeria,Cloudflare,External,406
NG,🇳🇬 Nigeria,Cloudflare,External,406
NG,🇳🇬 Nigeria,Facebook,External,11
NG,🇳🇬 Nigeria,Facebook,External,11
NG,🇳🇬 Nigeria,Fastly,External,31
NG,🇳🇬 Nigeria,Fastly,External,31
NG,🇳🇬 Nigeria,Microsoft,Local,26
NG,🇳🇬 Nigeria,Microsoft,Local,26
NG,🇳🇬 Nigeria,Other,Local,35
NG,🇳🇬 Nigeria,Other,External,318
NF,🇳🇫 Norfolk Island,Other,Local,0
NF,🇳🇫 Norfolk Island,Other,External,13
KP,🇰🇵 North Korea,Other,Local,0
KP,🇰🇵 North Korea,Other,External,1
MK,🇲🇰 North Macedonia,Akamai,Local,53
MK,🇲🇰 North Macedonia,Akamai,Local,53
MK,🇲🇰 North Macedonia,Akamai,Local,53
MK,🇲🇰 North Macedonia,Akamai,Local,53
MK,🇲🇰 North Macedonia,Akamai,Local,53
MK,🇲🇰 North Macedonia,Amazon,Regional,24
MK,🇲🇰 North Macedonia,Amazon,External,35
MK,🇲🇰 North Macedonia,Amazon,Regional,24
MK,🇲🇰 North Macedonia,Amazon,External,35
MK,🇲🇰 North Macedonia,Amazon,Regional,24
MK,🇲🇰 North Macedonia,Amazon,External,35
MK,🇲🇰 North Macedonia,Amazon,Regional,24
MK,🇲🇰 North Macedonia,Amazon,External,35
MK,🇲🇰 North Macedonia,Amazon,Regional,24
MK,🇲🇰 North Macedonia,Amazon,External,35
MK,🇲🇰 North Macedonia,Cdn77,External,7
MK,🇲🇰 North Macedonia,Cdn77,External,7
MK,🇲🇰 North Macedonia,Cdn77,External,7
MK,🇲🇰 North Macedonia,Cdn77,External,7
MK,🇲🇰 North Macedonia,Cdn77,External,7
MK,🇲🇰 North Macedonia,Cloudflare,External,381
MK,🇲🇰 North Macedonia,Cloudflare,External,381
MK,🇲🇰 North Macedonia,Cloudflare,External,381
MK,🇲🇰 North Macedonia,Cloudflare,External,381
MK,🇲🇰 North Macedonia,Cloudflare,External,381
MK,🇲🇰 North Macedonia,Facebook,External,7
MK,🇲🇰 North Macedonia,Facebook,External,7
MK,🇲🇰 North Macedonia,Facebook,External,7
MK,🇲🇰 North Macedonia,Facebook,External,7
MK,🇲🇰 North Macedonia,Facebook,External,7
MK,🇲🇰 North Macedonia,Fastly,External,15
MK,🇲🇰 North Macedonia,Fastly,External,15
MK,🇲🇰 North Macedonia,Fastly,External,15
MK,🇲🇰 North Macedonia,Fastly,External,15
MK,🇲🇰 North Macedonia,Fastly,External,15
MK,🇲🇰 North Macedonia,Microsoft,External,25
MK,🇲🇰 North Macedonia,Microsoft,External,25
MK,🇲🇰 North Macedonia,Microsoft,External,25
MK,🇲🇰 North Macedonia,Microsoft,External,25
MK,🇲🇰 North Macedonia,Microsoft,External,25
MK,🇲🇰 North Macedonia,Other,Local,111
MK,🇲🇰 North Macedonia,Other,External,341
MP,🇲🇵 Northern Mariana Islands,Akamai,Local,122
MP,🇲🇵 Northern Mariana Islands,Akamai,Local,122
MP,🇲🇵 Northern Mariana Islands,Akamai,Local,122
MP,🇲🇵 Northern Mariana Islands,Alibaba,External,1
MP,🇲🇵 Northern Mariana Islands,Alibaba,External,1
MP,🇲🇵 Northern Mariana Islands,Alibaba,External,1
MP,🇲🇵 Northern Mariana Islands,Amazon,External,94
MP,🇲🇵 Northern Mariana Islands,Amazon,External,94
MP,🇲🇵 Northern Mariana Islands,Amazon,External,94
MP,🇲🇵 Northern Mariana Islands,Cdn77,External,2
MP,🇲🇵 Northern Mariana Islands,Cdn77,External,2
MP,🇲🇵 Northern Mariana Islands,Cdn77,External,2
MP,🇲🇵 Northern Mariana Islands,Cloudflare,External,161
MP,🇲🇵 Northern Mariana Islands,Cloudflare,External,161
MP,🇲🇵 Northern Mariana Islands,Cloudflare,External,161
MP,🇲🇵 Northern Mariana Islands,Facebook,External,10
MP,🇲🇵 Northern Mariana Islands,Facebook,External,10
MP,🇲🇵 Northern Mariana Islands,Facebook,External,10
MP,🇲🇵 Northern Mariana Islands,Fastly,External,49
MP,🇲🇵 Northern Mariana Islands,Fastly,External,49
MP,🇲🇵 Northern Mariana Islands,Fastly,External,49
MP,🇲🇵 Northern Mariana Islands,Microsoft,External,15
MP,🇲🇵 Northern Mariana Islands,Microsoft,External,15
MP,🇲🇵 Northern Mariana Islands,Microsoft,External,15
MP,🇲🇵 Northern Mariana Islands,Other,Local,4
MP,🇲🇵 Northern Mariana Islands,Other,External,166
NO,🇳🇴 Norway,Akamai,Local,61
NO,🇳🇴 Norway,Akamai,Local,61
NO,🇳🇴 Norway,Akamai,Local,61
NO,🇳🇴 Norway,Akamai,Local,61
NO,🇳🇴 Norway,Akamai,Local,61
NO,🇳🇴 Norway,Akamai,Local,61
NO,🇳🇴 Norway,Akamai,Local,61
NO,🇳🇴 Norway,Amazon,Regional,134
NO,🇳🇴 Norway,Amazon,External,6
NO,🇳🇴 Norway,Amazon,Regional,134
NO,🇳🇴 Norway,Amazon,External,6
NO,🇳🇴 Norway,Amazon,Regional,134
NO,🇳🇴 Norway,Amazon,External,6
NO,🇳🇴 Norway,Amazon,Regional,134
NO,🇳🇴 Norway,Amazon,External,6
NO,🇳🇴 Norway,Amazon,Regional,134
NO,🇳🇴 Norway,Amazon,External,6
NO,🇳🇴 Norway,Amazon,Regional,134
NO,🇳🇴 Norway,Amazon,External,6
NO,🇳🇴 Norway,Amazon,Regional,134
NO,🇳🇴 Norway,Amazon,External,6
NO,🇳🇴 Norway,Bunnycdn,Regional,1
NO,🇳🇴 Norway,Bunnycdn,Regional,1
NO,🇳🇴 Norway,Bunnycdn,Regional,1
NO,🇳🇴 Norway,Bunnycdn,Regional,1
NO,🇳🇴 Norway,Bunnycdn,Regional,1
NO,🇳🇴 Norway,Bunnycdn,Regional,1
NO,🇳🇴 Norway,Bunnycdn,Regional,1
NO,🇳🇴 Norway,Cloudflare,Local,361
NO,🇳🇴 Norway,Cloudflare,Local,361
NO,🇳🇴 Norway,Cloudflare,Local,361
NO,🇳🇴 Norway,Cloudflare,Local,361
NO,🇳🇴 Norway,Cloudflare,Local,361
NO,🇳🇴 Norway,Cloudflare,Local,361
NO,🇳🇴 Norway,Cloudflare,Local,361
NO,🇳🇴 Norway,Facebook,External,5
NO,🇳🇴 Norway,Facebook,External,5
NO,🇳🇴 Norway,Facebook,External,5
NO,🇳🇴 Norway,Facebook,External,5
NO,🇳🇴 Norway,Facebook,External,5
NO,🇳🇴 Norway,Facebook,External,5
NO,🇳🇴 Norway,Facebook,External,5
NO,🇳🇴 Norway,Fastly,Local,41
NO,🇳🇴 Norway,Fastly,Local,41
NO,🇳🇴 Norway,Fastly,Local,41
NO,🇳🇴 Norway,Fastly,Local,41
NO,🇳🇴 Norway,Fastly,Local,41
NO,🇳🇴 Norway,Fastly,Local,41
NO,🇳🇴 Norway,Fastly,Local,41
NO,🇳🇴 Norway,Microsoft,Local,74
NO,🇳🇴 Norway,Microsoft,Local,74
NO,🇳🇴 Norway,Microsoft,Local,74
NO,🇳🇴 Norway,Microsoft,Local,74
NO,🇳🇴 Norway,Microsoft,Local,74
NO,🇳🇴 Norway,Microsoft,Local,74
NO,🇳🇴 Norway,Microsoft,Local,74
NO,🇳🇴 Norway,Other,Local,136
NO,🇳🇴 Norway,Other,External,178
NO,🇳🇴 Norway,Wordpress,Regional,3
NO,🇳🇴 Norway,Wordpress,Regional,3
NO,🇳🇴 Norway,Wordpress,Regional,3
NO,🇳🇴 Norway,Wordpress,Regional,3
NO,🇳🇴 Norway,Wordpress,Regional,3
NO,🇳🇴 Norway,Wordpress,Regional,3
NO,🇳🇴 Norway,Wordpress,Regional,3
OM,🇴🇲 Oman,Akamai,Local,58
OM,🇴🇲 Oman,Akamai,Local,58
OM,🇴🇲 Oman,Akamai,Local,58
OM,🇴🇲 Oman,Alibaba,External,1
OM,🇴🇲 Oman,Alibaba,External,1
OM,🇴🇲 Oman,Alibaba,External,1
OM,🇴🇲 Oman,Amazon,External,66
OM,🇴🇲 Oman,Amazon,External,66
OM,🇴🇲 Oman,Amazon,External,66
OM,🇴🇲 Oman,Cloudflare,Local,524
OM,🇴🇲 Oman,Cloudflare,Local,524
OM,🇴🇲 Oman,Cloudflare,Local,524
OM,🇴🇲 Oman,Facebook,External,7
OM,🇴🇲 Oman,Facebook,External,7
OM,🇴🇲 Oman,Facebook,External,7
OM,🇴🇲 Oman,Fastly,Regional,3
OM,🇴🇲 Oman,Fastly,External,7
OM,🇴🇲 Oman,Fastly,Regional,3
OM,🇴🇲 Oman,Fastly,External,7
OM,🇴🇲 Oman,Fastly,Regional,3
OM,🇴🇲 Oman,Fastly,External,7
OM,🇴🇲 Oman,Microsoft,External,17
OM,🇴🇲 Oman,Microsoft,External,17
OM,🇴🇲 Oman,Microsoft,External,17
OM,🇴🇲 Oman,Other,Local,88
OM,🇴🇲 Oman,Other,External,229
PK,🇵🇰 Pakistan,Akamai,Local,40
PK,🇵🇰 Pakistan,Akamai,Local,40
PK,🇵🇰 Pakistan,Akamai,Local,40
PK,🇵🇰 Pakistan,Akamai,Local,40
PK,🇵🇰 Pakistan,Akamai,Local,40
PK,🇵🇰 Pakistan,Akamai,Local,40
PK,🇵🇰 Pakistan,Akamai,Local,40
PK,🇵🇰 Pakistan,Akamai,Local,40
PK,🇵🇰 Pakistan,Akamai,Local,40
PK,🇵🇰 Pakistan,Akamai,Local,40
PK,🇵🇰 Pakistan,Akamai,Local,40
PK,🇵🇰 Pakistan,Akamai,Local,40
PK,🇵🇰 Pakistan,Akamai,Local,40
PK,🇵🇰 Pakistan,Akamai,Local,40
PK,🇵🇰 Pakistan,Akamai,Local,40
PK,🇵🇰 Pakistan,Akamai,Local,40
PK,🇵🇰 Pakistan,Alibaba,External,9
PK,🇵🇰 Pakistan,Alibaba,External,9
PK,🇵🇰 Pakistan,Alibaba,External,9
PK,🇵🇰 Pakistan,Alibaba,External,9
PK,🇵🇰 Pakistan,Alibaba,External,9
PK,🇵🇰 Pakistan,Alibaba,External,9
PK,🇵🇰 Pakistan,Alibaba,External,9
PK,🇵🇰 Pakistan,Alibaba,External,9
PK,🇵🇰 Pakistan,Alibaba,External,9
PK,🇵🇰 Pakistan,Alibaba,External,9
PK,🇵🇰 Pakistan,Alibaba,External,9
PK,🇵🇰 Pakistan,Alibaba,External,9
PK,🇵🇰 Pakistan,Alibaba,External,9
PK,🇵🇰 Pakistan,Alibaba,External,9
PK,🇵🇰 Pakistan,Alibaba,External,9
PK,🇵🇰 Pakistan,Alibaba,External,9
PK,🇵🇰 Pakistan,Amazon,External,99
PK,🇵🇰 Pakistan,Amazon,External,99
PK,🇵🇰 Pakistan,Amazon,External,99
PK,🇵🇰 Pakistan,Amazon,External,99
PK,🇵🇰 Pakistan,Amazon,External,99
PK,🇵🇰 Pakistan,Amazon,External,99
PK,🇵🇰 Pakistan,Amazon,External,99
PK,🇵🇰 Pakistan,Amazon,External,99
PK,🇵🇰 Pakistan,Amazon,External,99
PK,🇵🇰 Pakistan,Amazon,External,99
PK,🇵🇰 Pakistan,Amazon,External,99
PK,🇵🇰 Pakistan,Amazon,External,99
PK,🇵🇰 Pakistan,Amazon,External,99
PK,🇵🇰 Pakistan,Amazon,External,99
PK,🇵🇰 Pakistan,Cloudflare,Local,288
PK,🇵🇰 Pakistan,Cloudflare,External,190
PK,🇵🇰 Pakistan,Cloudflare,Local,288
PK,🇵🇰 Pakistan,Cloudflare,External,190
PK,🇵🇰 Pakistan,Cloudflare,Local,288
PK,🇵🇰 Pakistan,Cloudflare,External,190
PK,🇵🇰 Pakistan,Cloudflare,Local,288
PK,🇵🇰 Pakistan,Cloudflare,External,190
PK,🇵🇰 Pakistan,Cloudflare,Local,288
PK,🇵🇰 Pakistan,Cloudflare,External,190
PK,🇵🇰 Pakistan,Cloudflare,Local,288
PK,🇵🇰 Pakistan,Cloudflare,External,190
PK,🇵🇰 Pakistan,Cloudflare,Local,288
PK,🇵🇰 Pakistan,Cloudflare,External,190
PK,🇵🇰 Pakistan,Cloudflare,Local,288
PK,🇵🇰 Pakistan,Cloudflare,External,190
PK,🇵🇰 Pakistan,Cloudflare,Local,288
PK,🇵🇰 Pakistan,Cloudflare,External,190
PK,🇵🇰 Pakistan,Cloudflare,Local,288
PK,🇵🇰 Pakistan,Cloudflare,External,190
PK,🇵🇰 Pakistan,Cloudflare,Local,288
PK,🇵🇰 Pakistan,Cloudflare,External,190
PK,🇵🇰 Pakistan,Cloudflare,Local,288
PK,🇵🇰 Pakistan,Cloudflare,External,190
PK,🇵🇰 Pakistan,Cloudflare,Local,288
PK,🇵🇰 Pakistan,Cloudflare,External,190
PK,🇵🇰 Pakistan,Cloudflare,Local,288
PK,🇵🇰 Pakistan,Cloudflare,External,190
PK,🇵🇰 Pakistan,Cloudflare,Local,288
PK,🇵🇰 Pakistan,Cloudflare,External,190
PK,🇵🇰 Pakistan,Facebook,External,11
PK,🇵🇰 Pakistan,Facebook,External,11
PK,🇵🇰 Pakistan,Facebook,External,11
PK,🇵🇰 Pakistan,Facebook,External,11
PK,🇵🇰 Pakistan,Facebook,External,11
PK,🇵🇰 Pakistan,Facebook,External,11
PK,🇵🇰 Pakistan,Facebook,External,11
PK,🇵🇰 Pakistan,Facebook,External,11
PK,🇵🇰 Pakistan,Facebook,External,11
PK,🇵🇰 Pakistan,Facebook,External,11
PK,🇵🇰 Pakistan,Facebook,External,11
PK,🇵🇰 Pakistan,Facebook,External,11
PK,🇵🇰 Pakistan,Facebook,External,11
PK,🇵🇰 Pakistan,Facebook,External,11
PK,🇵🇰 Pakistan,Facebook,External,11
PK,🇵🇰 Pakistan,Facebook,External,11
PK,🇵🇰 Pakistan,Fastly,External,11
PK,🇵🇰 Pakistan,Fastly,External,11
PK,🇵🇰 Pakistan,Fastly,External,11
PK,🇵🇰 Pakistan,Fastly,External,11
PK,🇵🇰 Pakistan,Fastly,External,11
PK,🇵🇰 Pakistan,Fastly,External,11
PK,🇵🇰 Pakistan,Fastly,External,11
PK,🇵🇰 Pakistan,Fastly,External,11
PK,🇵🇰 Pakistan,Fastly,External,11
PK,🇵🇰 Pakistan,Fastly,External,11
PK,🇵🇰 Pakistan,Fastly,External,11
PK,🇵🇰 Pakistan,Fastly,External,11
PK,🇵🇰 Pakistan,Fastly,External,11
PK,🇵🇰 Pakistan,Fastly,External,11
PK,🇵🇰 Pakistan,Microsoft,External,8
PK,🇵🇰 Pakistan,Microsoft,External,8
PK,🇵🇰 Pakistan,Microsoft,External,8
PK,🇵🇰 Pakistan,Microsoft,External,8
PK,🇵🇰 Pakistan,Microsoft,External,8
PK,🇵🇰 Pakistan,Microsoft,External,8
PK,🇵🇰 Pakistan,Microsoft,External,8
PK,🇵🇰 Pakistan,Microsoft,External,8
PK,🇵🇰 Pakistan,Microsoft,External,8
PK,🇵🇰 Pakistan,Microsoft,External,8
PK,🇵🇰 Pakistan,Microsoft,External,8
PK,🇵🇰 Pakistan,Microsoft,External,8
PK,🇵🇰 Pakistan,Microsoft,External,8
PK,🇵🇰 Pakistan,Microsoft,External,8
PK,🇵🇰 Pakistan,Microsoft,External,8
PK,🇵🇰 Pakistan,Microsoft,External,8
PK,🇵🇰 Pakistan,Other,Local,79
PK,🇵🇰 Pakistan,Other,External,264
PW,🇵🇼 Palau,Akamai,External,46
PW,🇵🇼 Palau,Alibaba,External,2
PW,🇵🇼 Palau,Amazon,External,46
PW,🇵🇼 Palau,Cdn77,External,2
PW,🇵🇼 Palau,Cloudflare,External,125
PW,🇵🇼 Palau,Facebook,External,7
PW,🇵🇼 Palau,Fastly,External,20
PW,🇵🇼 Palau,Microsoft,External,7
PW,🇵🇼 Palau,Other,Local,0
PW,🇵🇼 Palau,Other,External,123
PW,🇵🇼 Palau,Wordpress,External,1
PS,"🇵🇸 Palestine, State of",Akamai,External,39
PS,"🇵🇸 Palestine, State of",Akamai,External,39
PS,"🇵🇸 Palestine, State of",Akamai,External,39
PS,"🇵🇸 Palestine, State of",Akamai,External,39
PS,"🇵🇸 Palestine, State of",Akamai,External,39
PS,"🇵🇸 Palestine, State of",Alibaba,External,1
PS,"🇵🇸 Palestine, State of",Alibaba,External,1
PS,"🇵🇸 Palestine, State of",Alibaba,External,1
PS,"🇵🇸 Palestine, State of",Alibaba,External,1
PS,"🇵🇸 Palestine, State of",Alibaba,External,1
PS,"🇵🇸 Palestine, State of",Amazon,Regional,2
PS,"🇵🇸 Palestine, State of",Amazon,External,61
PS,"🇵🇸 Palestine, State of",Amazon,Regional,2
PS,"🇵🇸 Palestine, State of",Amazon,External,61
PS,"🇵🇸 Palestine, State of",Amazon,Regional,2
PS,"🇵🇸 Palestine, State of",Amazon,External,61
PS,"🇵🇸 Palestine, State of",Amazon,Regional,2
PS,"🇵🇸 Palestine, State of",Amazon,External,61
PS,"🇵🇸 Palestine, State of",Amazon,Regional,2
PS,"🇵🇸 Palestine, State of",Amazon,External,61
PS,"🇵🇸 Palestine, State of",Cloudflare,Regional,19
PS,"🇵🇸 Palestine, State of",Cloudflare,External,479
PS,"🇵🇸 Palestine, State of",Cloudflare,Regional,19
PS,"🇵🇸 Palestine, State of",Cloudflare,External,479
PS,"🇵🇸 Palestine, State of",Cloudflare,Regional,19
PS,"🇵🇸 Palestine, State of",Cloudflare,External,479
PS,"🇵🇸 Palestine, State of",Cloudflare,Regional,19
PS,"🇵🇸 Palestine, State of",Cloudflare,External,479
PS,"🇵🇸 Palestine, State of",Cloudflare,Regional,19
PS,"🇵🇸 Palestine, State of",Cloudflare,External,479
PS,"🇵🇸 Palestine, State of",Facebook,External,11
PS,"🇵🇸 Palestine, State of",Facebook,External,11
PS,"🇵🇸 Palestine, State of",Facebook,External,11
PS,"🇵🇸 Palestine, State of",Facebook,External,11
PS,"🇵🇸 Palestine, State of",Facebook,External,11
PS,"🇵🇸 Palestine, State of",Fastly,External,20
PS,"🇵🇸 Palestine, State of",Fastly,External,20
PS,"🇵🇸 Palestine, State of",Fastly,External,20
PS,"🇵🇸 Palestine, State of",Fastly,External,20
PS,"🇵🇸 Palestine, State of",Fastly,External,20
PS,"🇵🇸 Palestine, State of",Microsoft,External,34
PS,"🇵🇸 Palestine, State of",Microsoft,External,34
PS,"🇵🇸 Palestine, State of",Microsoft,External,34
PS,"🇵🇸 Palestine, State of",Microsoft,External,34
PS,"🇵🇸 Palestine, State of",Microsoft,External,34
PS,"🇵🇸 Palestine, State of",Other,Local,45
PS,"🇵🇸 Palestine, State of",Other,External,287
PA,🇵🇦 Panama,Akamai,Local,81
PA,🇵🇦 Panama,Akamai,Local,81
PA,🇵🇦 Panama,Akamai,Local,81
PA,🇵🇦 Panama,Akamai,Local,81
PA,🇵🇦 Panama,Alibaba,External,2
PA,🇵🇦 Panama,Alibaba,External,2
PA,🇵🇦 Panama,Alibaba,External,2
PA,🇵🇦 Panama,Alibaba,External,2
PA,🇵🇦 Panama,Amazon,External,116
PA,🇵🇦 Panama,Amazon,External,116
PA,🇵🇦 Panama,Amazon,External,116
PA,🇵🇦 Panama,Amazon,External,116
PA,🇵🇦 Panama,Cdn77,External,2
PA,🇵🇦 Panama,Cdn77,External,2
PA,🇵🇦 Panama,Cdn77,External,2
PA,🇵🇦 Panama,Cdn77,External,2
PA,🇵🇦 Panama,Cloudflare,Local,165
PA,🇵🇦 Panama,Cloudflare,Regional,5
PA,🇵🇦 Panama,Cloudflare,External,234
PA,🇵🇦 Panama,Cloudflare,Local,165
PA,🇵🇦 Panama,Cloudflare,Regional,5
PA,🇵🇦 Panama,Cloudflare,External,234
PA,🇵🇦 Panama,Cloudflare,Local,165
PA,🇵🇦 Panama,Cloudflare,Regional,5
PA,🇵🇦 Panama,Cloudflare,External,234
PA,🇵🇦 Panama,Cloudflare,Local,165
PA,🇵🇦 Panama,Cloudflare,Regional,5
PA,🇵🇦 Panama,Cloudflare,External,234
PA,🇵🇦 Panama,Facebook,External,9
PA,🇵🇦 Panama,Facebook,External,9
PA,🇵🇦 Panama,Facebook,External,9
PA,🇵🇦 Panama,Facebook,External,9
PA,🇵🇦 Panama,Fastly,Regional,1
PA,🇵🇦 Panama,Fastly,External,47
PA,🇵🇦 Panama,Fastly,Regional,1
PA,🇵🇦 Panama,Fastly,External,47
PA,🇵🇦 Panama,Fastly,Regional,1
PA,🇵🇦 Panama,Fastly,External,47
PA,🇵🇦 Panama,Fastly,Regional,1
PA,🇵🇦 Panama,Fastly,External,47
PA,🇵🇦 Panama,Microsoft,External,36
PA,🇵🇦 Panama,Microsoft,External,36
PA,🇵🇦 Panama,Microsoft,External,36
PA,🇵🇦 Panama,Microsoft,External,36
PA,🇵🇦 Panama,Other,Local,55
PA,🇵🇦 Panama,Other,External,246
PG,🇵🇬 Papua New Guinea,Akamai,External,56
PG,🇵🇬 Papua New Guinea,Akamai,External,56
PG,🇵🇬 Papua New Guinea,Alibaba,External,5
PG,🇵🇬 Papua New Guinea,Alibaba,External,5
PG,🇵🇬 Papua New Guinea,Amazon,External,99
PG,🇵🇬 Papua New Guinea,Amazon,External,99
PG,🇵🇬 Papua New Guinea,Cloudflare,External,527
PG,🇵🇬 Papua New Guinea,Cloudflare,External,527
PG,🇵🇬 Papua New Guinea,Facebook,External,8
PG,🇵🇬 Papua New Guinea,Facebook,External,8
PG,🇵🇬 Papua New Guinea,Fastly,External,23
PG,🇵🇬 Papua New Guinea,Fastly,External,23
PG,🇵🇬 Papua New Guinea,Microsoft,External,16
PG,🇵🇬 Papua New Guinea,Microsoft,External,16
PG,🇵🇬 Papua New Guinea,Other,Local,19
PG,🇵🇬 Papua New Guinea,Other,External,245
PY,🇵🇾 Paraguay,Akamai,Local,69
PY,🇵🇾 Paraguay,Akamai,Local,69
PY,🇵🇾 Paraguay,Akamai,Local,69
PY,🇵🇾 Paraguay,Akamai,Local,69
PY,🇵🇾 Paraguay,Akamai,Local,69
PY,🇵🇾 Paraguay,Akamai,Local,69
PY,🇵🇾 Paraguay,Akamai,Local,69
PY,🇵🇾 Paraguay,Amazon,External,111
PY,🇵🇾 Paraguay,Amazon,External,111
PY,🇵🇾 Paraguay,Amazon,External,111
PY,🇵🇾 Paraguay,Amazon,External,111
PY,🇵🇾 Paraguay,Amazon,External,111
PY,🇵🇾 Paraguay,Amazon,External,111
PY,🇵🇾 Paraguay,Amazon,External,111
PY,🇵🇾 Paraguay,Bunnycdn,External,1
PY,🇵🇾 Paraguay,Bunnycdn,External,1
PY,🇵🇾 Paraguay,Bunnycdn,External,1
PY,🇵🇾 Paraguay,Bunnycdn,External,1
PY,🇵🇾 Paraguay,Bunnycdn,External,1
PY,🇵🇾 Paraguay,Bunnycdn,External,1
PY,🇵🇾 Paraguay,Bunnycdn,External,1
PY,🇵🇾 Paraguay,Cdn77,External,3
PY,🇵🇾 Paraguay,Cdn77,External,3
PY,🇵🇾 Paraguay,Cdn77,External,3
PY,🇵🇾 Paraguay,Cdn77,External,3
PY,🇵🇾 Paraguay,Cdn77,External,3
PY,🇵🇾 Paraguay,Cdn77,External,3
PY,🇵🇾 Paraguay,Cloudflare,Regional,356
PY,🇵🇾 Paraguay,Cloudflare,Regional,356
PY,🇵🇾 Paraguay,Cloudflare,Regional,356
PY,🇵🇾 Paraguay,Cloudflare,Regional,356
PY,🇵🇾 Paraguay,Cloudflare,Regional,356
PY,🇵🇾 Paraguay,Cloudflare,Regional,356
PY,🇵🇾 Paraguay,Cloudflare,Regional,356
PY,🇵🇾 Paraguay,Facebook,External,9
PY,🇵🇾 Paraguay,Facebook,External,9
PY,🇵🇾 Paraguay,Facebook,External,9
PY,🇵🇾 Paraguay,Facebook,External,9
PY,🇵🇾 Paraguay,Facebook,External,9
PY,🇵🇾 Paraguay,Facebook,External,9
PY,🇵🇾 Paraguay,Facebook,External,9
PY,🇵🇾 Paraguay,Fastly,Regional,34
PY,🇵🇾 Paraguay,Fastly,Regional,34
PY,🇵🇾 Paraguay,Fastly,Regional,34
PY,🇵🇾 Paraguay,Fastly,Regional,34
PY,🇵🇾 Paraguay,Fastly,Regional,34
PY,🇵🇾 Paraguay,Fastly,Regional,34
PY,🇵🇾 Paraguay,Fastly,Regional,34
PY,🇵🇾 Paraguay,Microsoft,External,17
PY,🇵🇾 Paraguay,Microsoft,External,17
PY,🇵🇾 Paraguay,Microsoft,External,17
PY,🇵🇾 Paraguay,Microsoft,External,17
PY,🇵🇾 Paraguay,Microsoft,External,17
PY,🇵🇾 Paraguay,Microsoft,External,17
PY,🇵🇾 Paraguay,Microsoft,External,17
PY,🇵🇾 Paraguay,Other,Local,142
PY,🇵🇾 Paraguay,Other,External,256
PE,🇵🇪 Peru,Akamai,Local,70
PE,🇵🇪 Peru,Akamai,Local,70
PE,🇵🇪 Peru,Akamai,Local,70
PE,🇵🇪 Peru,Akamai,Local,70
PE,🇵🇪 Peru,Akamai,Local,70
PE,🇵🇪 Peru,Akamai,Local,70
PE,🇵🇪 Peru,Alibaba,External,1
PE,🇵🇪 Peru,Alibaba,External,1
PE,🇵🇪 Peru,Alibaba,External,1
PE,🇵🇪 Peru,Alibaba,External,1
PE,🇵🇪 Peru,Alibaba,External,1
PE,🇵🇪 Peru,Alibaba,External,1
PE,🇵🇪 Peru,Amazon,External,172
PE,🇵🇪 Peru,Amazon,External,172
PE,🇵🇪 Peru,Amazon,External,172
PE,🇵🇪 Peru,Amazon,External,172
PE,🇵🇪 Peru,Amazon,External,172
PE,🇵🇪 Peru,Amazon,External,172
PE,🇵🇪 Peru,Cdn77,External,3
PE,🇵🇪 Peru,Cdn77,External,3
PE,🇵🇪 Peru,Cdn77,External,3
PE,🇵🇪 Peru,Cdn77,External,3
PE,🇵🇪 Peru,Cdn77,External,3
PE,🇵🇪 Peru,Cdn77,External,3
PE,🇵🇪 Peru,Cloudflare,Local,135
PE,🇵🇪 Peru,Cloudflare,Regional,201
PE,🇵🇪 Peru,Cloudflare,Local,135
PE,🇵🇪 Peru,Cloudflare,Regional,201
PE,🇵🇪 Peru,Cloudflare,Local,135
PE,🇵🇪 Peru,Cloudflare,Regional,201
PE,🇵🇪 Peru,Cloudflare,Local,135
PE,🇵🇪 Peru,Cloudflare,Regional,201
PE,🇵🇪 Peru,Cloudflare,Local,135
PE,🇵🇪 Peru,Cloudflare,Regional,201
PE,🇵🇪 Peru,Cloudflare,Local,135
PE,🇵🇪 Peru,Cloudflare,Regional,201
PE,🇵🇪 Peru,Facebook,External,11
PE,🇵🇪 Peru,Facebook,External,11
PE,🇵🇪 Peru,Facebook,External,11
PE,🇵🇪 Peru,Facebook,External,11
PE,🇵🇪 Peru,Facebook,External,11
PE,🇵🇪 Peru,Facebook,External,11
PE,🇵🇪 Peru,Fastly,Local,46
PE,🇵🇪 Peru,Fastly,External,6
PE,🇵🇪 Peru,Fastly,Local,46
PE,🇵🇪 Peru,Fastly,External,6
PE,🇵🇪 Peru,Fastly,Local,46
PE,🇵🇪 Peru,Fastly,External,6
PE,🇵🇪 Peru,Fastly,Local,46
PE,🇵🇪 Peru,Fastly,External,6
PE,🇵🇪 Peru,Fastly,Local,46
PE,🇵🇪 Peru,Fastly,External,6
PE,🇵🇪 Peru,Fastly,Local,46
PE,🇵🇪 Peru,Fastly,External,6
PE,🇵🇪 Peru,Microsoft,External,33
PE,🇵🇪 Peru,Microsoft,External,33
PE,🇵🇪 Peru,Microsoft,External,33
PE,🇵🇪 Peru,Microsoft,External,33
PE,🇵🇪 Peru,Microsoft,External,33
PE,🇵🇪 Peru,Microsoft,External,33
PE,🇵🇪 Peru,Other,Local,94
PE,🇵🇪 Peru,Other,External,227
PE,🇵🇪 Peru,Wordpress,Regional,1
PE,🇵🇪 Peru,Wordpress,Regional,1
PE,🇵🇪 Peru,Wordpress,Regional,1
PE,🇵🇪 Peru,Wordpress,Regional,1
PE,🇵🇪 Peru,Wordpress,Regional,1
PE,🇵🇪 Peru,Wordpress,Regional,1
PH,🇵🇭 Philippines,Akamai,Local,49
PH,🇵🇭 Philippines,Akamai,Local,49
PH,🇵🇭 Philippines,Akamai,Local,49
PH,🇵🇭 Philippines,Akamai,Local,49
PH,🇵🇭 Philippines,Akamai,Local,49
PH,🇵🇭 Philippines,Alibaba,External,13
PH,🇵🇭 Philippines,Alibaba,External,13
PH,🇵🇭 Philippines,Alibaba,External,13
PH,🇵🇭 Philippines,Alibaba,External,13
PH,🇵🇭 Philippines,Alibaba,External,13
PH,🇵🇭 Philippines,Amazon,Regional,125
PH,🇵🇭 Philippines,Amazon,Regional,125
PH,🇵🇭 Philippines,Amazon,Regional,125
PH,🇵🇭 Philippines,Amazon,Regional,125
PH,🇵🇭 Philippines,Amazon,Regional,125
PH,🇵🇭 Philippines,Cdn77,Regional,1
PH,🇵🇭 Philippines,Cdn77,Regional,1
PH,🇵🇭 Philippines,Cdn77,Regional,1
PH,🇵🇭 Philippines,Cdn77,Regional,1
PH,🇵🇭 Philippines,Cdn77,Regional,1
PH,🇵🇭 Philippines,Cloudflare,Local,73
PH,🇵🇭 Philippines,Cloudflare,Regional,356
PH,🇵🇭 Philippines,Cloudflare,External,140
PH,🇵🇭 Philippines,Cloudflare,Local,73
PH,🇵🇭 Philippines,Cloudflare,Regional,356
PH,🇵🇭 Philippines,Cloudflare,External,140
PH,🇵🇭 Philippines,Cloudflare,Local,73
PH,🇵🇭 Philippines,Cloudflare,Regional,356
PH,🇵🇭 Philippines,Cloudflare,External,140
PH,🇵🇭 Philippines,Cloudflare,Local,73
PH,🇵🇭 Philippines,Cloudflare,Regional,356
PH,🇵🇭 Philippines,Cloudflare,External,140
PH,🇵🇭 Philippines,Cloudflare,Local,73
PH,🇵🇭 Philippines,Cloudflare,Regional,356
PH,🇵🇭 Philippines,Cloudflare,External,140
PH,🇵🇭 Philippines,Facebook,External,9
PH,🇵🇭 Philippines,Facebook,External,9
PH,🇵🇭 Philippines,Facebook,External,9
PH,🇵🇭 Philippines,Facebook,External,9
PH,🇵🇭 Philippines,Facebook,External,9
PH,🇵🇭 Philippines,Fastly,Local,21
PH,🇵🇭 Philippines,Fastly,Local,21
PH,🇵🇭 Philippines,Fastly,Local,21
PH,🇵🇭 Philippines,Fastly,Local,21
PH,🇵🇭 Philippines,Fastly,Local,21
PH,🇵🇭 Philippines,Microsoft,Local,19
PH,🇵🇭 Philippines,Microsoft,Local,19
PH,🇵🇭 Philippines,Microsoft,Local,19
PH,🇵🇭 Philippines,Microsoft,Local,19
PH,🇵🇭 Philippines,Microsoft,Local,19
PH,🇵🇭 Philippines,Other,Local,22
PH,🇵🇭 Philippines,Other,External,172
PL,🇵🇱 Poland,Akamai,Local,75
PL,🇵🇱 Poland,Akamai,Local,75
PL,🇵🇱 Poland,Akamai,Local,75
PL,🇵🇱 Poland,Akamai,Local,75
PL,🇵🇱 Poland,Akamai,Local,75
PL,🇵🇱 Poland,Akamai,Local,75
PL,🇵🇱 Poland,Akamai,Local,75
PL,🇵🇱 Poland,Akamai,Local,75
PL,🇵🇱 Poland,Akamai,Local,75
PL,🇵🇱 Poland,Akamai,Local,75
PL,🇵🇱 Poland,Akamai,Local,75
PL,🇵🇱 Poland,Amazon,External,97
PL,🇵🇱 Poland,Amazon,External,97
PL,🇵🇱 Poland,Amazon,External,97
PL,🇵🇱 Poland,Amazon,External,97
PL,🇵🇱 Poland,Amazon,External,97
PL,🇵🇱 Poland,Amazon,External,97
PL,🇵🇱 Poland,Amazon,External,97
PL,🇵🇱 Poland,Amazon,External,97
PL,🇵🇱 Poland,Amazon,External,97
PL,🇵🇱 Poland,Amazon,External,97
PL,🇵🇱 Poland,Amazon,External,97
PL,🇵🇱 Poland,Cloudflare,Local,298
PL,🇵🇱 Poland,Cloudflare,External,71
PL,🇵🇱 Poland,Cloudflare,Local,298
PL,🇵🇱 Poland,Cloudflare,External,71
PL,🇵🇱 Poland,Cloudflare,Local,298
PL,🇵🇱 Poland,Cloudflare,External,71
PL,🇵🇱 Poland,Cloudflare,Local,298
PL,🇵🇱 Poland,Cloudflare,External,71
PL,🇵🇱 Poland,Cloudflare,Local,298
PL,🇵🇱 Poland,Cloudflare,External,71
PL,🇵🇱 Poland,Cloudflare,Local,298
PL,🇵🇱 Poland,Cloudflare,External,71
PL,🇵🇱 Poland,Cloudflare,Local,298
PL,🇵🇱 Poland,Cloudflare,External,71
PL,🇵🇱 Poland,Cloudflare,Local,298
PL,🇵🇱 Poland,Cloudflare,External,71
PL,🇵🇱 Poland,Cloudflare,Local,298
PL,🇵🇱 Poland,Cloudflare,External,71
PL,🇵🇱 Poland,Cloudflare,Local,298
PL,🇵🇱 Poland,Cloudflare,External,71
PL,🇵🇱 Poland,Cloudflare,Local,298
PL,🇵🇱 Poland,Cloudflare,External,71
PL,🇵🇱 Poland,Facebook,External,8
PL,🇵🇱 Poland,Facebook,External,8
PL,🇵🇱 Poland,Facebook,External,8
PL,🇵🇱 Poland,Facebook,External,8
PL,🇵🇱 Poland,Facebook,External,8
PL,🇵🇱 Poland,Facebook,External,8
PL,🇵🇱 Poland,Facebook,External,8
PL,🇵🇱 Poland,Facebook,External,8
PL,🇵🇱 Poland,Facebook,External,8
PL,🇵🇱 Poland,Facebook,External,8
PL,🇵🇱 Poland,Facebook,External,8
PL,🇵🇱 Poland,Fastly,External,16
PL,🇵🇱 Poland,Fastly,External,16
PL,🇵🇱 Poland,Fastly,External,16
PL,🇵🇱 Poland,Fastly,External,16
PL,🇵🇱 Poland,Fastly,External,16
PL,🇵🇱 Poland,Fastly,External,16
PL,🇵🇱 Poland,Fastly,External,16
PL,🇵🇱 Poland,Fastly,External,16
PL,🇵🇱 Poland,Fastly,External,16
PL,🇵🇱 Poland,Fastly,External,16
PL,🇵🇱 Poland,Fastly,External,16
PL,🇵🇱 Poland,Microsoft,Local,13
PL,🇵🇱 Poland,Microsoft,Local,13
PL,🇵🇱 Poland,Microsoft,Local,13
PL,🇵🇱 Poland,Microsoft,Local,13
PL,🇵🇱 Poland,Microsoft,Local,13
PL,🇵🇱 Poland,Microsoft,Local,13
PL,🇵🇱 Poland,Microsoft,Local,13
PL,🇵🇱 Poland,Microsoft,Local,13
PL,🇵🇱 Poland,Microsoft,Local,13
PL,🇵🇱 Poland,Microsoft,Local,13
PL,🇵🇱 Poland,Microsoft,Local,13
PL,🇵🇱 Poland,Other,Local,235
PL,🇵🇱 Poland,Other,External,173
PL,🇵🇱 Poland,Wordpress,External,14
PL,🇵🇱 Poland,Wordpress,External,14
PL,🇵🇱 Poland,Wordpress,External,14
PL,🇵🇱 Poland,Wordpress,External,14
PL,🇵🇱 Poland,Wordpress,External,14
PL,🇵🇱 Poland,Wordpress,External,14
PL,🇵🇱 Poland,Wordpress,External,14
PL,🇵🇱 Poland,Wordpress,External,14
PL,🇵🇱 Poland,Wordpress,External,14
PL,🇵🇱 Poland,Wordpress,External,14
PL,🇵🇱 Poland,Wordpress,External,14
PT,🇵🇹 Portugal,Akamai,Local,98
PT,🇵🇹 Portugal,Akamai,Local,98
PT,🇵🇹 Portugal,Akamai,Local,98
PT,🇵🇹 Portugal,Akamai,Local,98
PT,🇵🇹 Portugal,Akamai,Local,98
PT,🇵🇹 Portugal,Akamai,Local,98
PT,🇵🇹 Portugal,Amazon,External,121
PT,🇵🇹 Portugal,Amazon,External,121
PT,🇵🇹 Portugal,Amazon,External,121
PT,🇵🇹 Portugal,Amazon,External,121
PT,🇵🇹 Portugal,Amazon,External,121
PT,🇵🇹 Portugal,Amazon,External,121
PT,🇵🇹 Portugal,Cdn77,External,2
PT,🇵🇹 Portugal,Cdn77,External,2
PT,🇵🇹 Portugal,Cdn77,External,2
PT,🇵🇹 Portugal,Cdn77,External,2
PT,🇵🇹 Portugal,Cdn77,External,2
PT,🇵🇹 Portugal,Cdn77,External,2
PT,🇵🇹 Portugal,Cloudflare,Local,320
PT,🇵🇹 Portugal,Cloudflare,Local,320
PT,🇵🇹 Portugal,Cloudflare,Local,320
PT,🇵🇹 Portugal,Cloudflare,Local,320
PT,🇵🇹 Portugal,Cloudflare,Local,320
PT,🇵🇹 Portugal,Cloudflare,Local,320
PT,🇵🇹 Portugal,Facebook,External,8
PT,🇵🇹 Portugal,Facebook,External,8
PT,🇵🇹 Portugal,Facebook,External,8
PT,🇵🇹 Portugal,Facebook,External,8
PT,🇵🇹 Portugal,Facebook,External,8
PT,🇵🇹 Portugal,Facebook,External,8
PT,🇵🇹 Portugal,Fastly,Local,43
PT,🇵🇹 Portugal,Fastly,Local,43
PT,🇵🇹 Portugal,Fastly,Local,43
PT,🇵🇹 Portugal,Fastly,Local,43
PT,🇵🇹 Portugal,Fastly,Local,43
PT,🇵🇹 Portugal,Fastly,Local,43
PT,🇵🇹 Portugal,Microsoft,Local,35
PT,🇵🇹 Portugal,Microsoft,Local,35
PT,🇵🇹 Portugal,Microsoft,Local,35
PT,🇵🇹 Portugal,Microsoft,Local,35
PT,🇵🇹 Portugal,Microsoft,Local,35
PT,🇵🇹 Portugal,Microsoft,Local,35
PT,🇵🇹 Portugal,Other,Local,194
PT,🇵🇹 Portugal,Other,External,179
PR,🇵🇷 Puerto Rico,Akamai,Local,157
PR,🇵🇷 Puerto Rico,Akamai,Local,157
PR,🇵🇷 Puerto Rico,Akamai,Local,157
PR,🇵🇷 Puerto Rico,Amazon,External,115
PR,🇵🇷 Puerto Rico,Amazon,External,115
PR,🇵🇷 Puerto Rico,Amazon,External,115
PR,🇵🇷 Puerto Rico,Cdn77,External,4
PR,🇵🇷 Puerto Rico,Cdn77,External,4
PR,🇵🇷 Puerto Rico,Cdn77,External,4
PR,🇵🇷 Puerto Rico,Cloudflare,External,348
PR,🇵🇷 Puerto Rico,Cloudflare,External,348
PR,🇵🇷 Puerto Rico,Cloudflare,External,348
PR,🇵🇷 Puerto Rico,Facebook,External,10
PR,🇵🇷 Puerto Rico,Facebook,External,10
PR,🇵🇷 Puerto Rico,Facebook,External,10
PR,🇵🇷 Puerto Rico,Fastly,External,63
PR,🇵🇷 Puerto Rico,Fastly,External,63
PR,🇵🇷 Puerto Rico,Fastly,External,63
PR,🇵🇷 Puerto Rico,Microsoft,External,42
PR,🇵🇷 Puerto Rico,Microsoft,External,42
PR,🇵🇷 Puerto Rico,Microsoft,External,42
PR,🇵🇷 Puerto Rico,Other,Local,52
PR,🇵🇷 Puerto Rico,Other,External,209
QA,🇶🇦 Qatar,Akamai,Local,79
QA,🇶🇦 Qatar,Akamai,Local,79
QA,🇶🇦 Qatar,Akamai,Local,79
QA,🇶🇦 Qatar,Amazon,External,78
QA,🇶🇦 Qatar,Amazon,External,78
QA,🇶🇦 Qatar,Amazon,External,78
QA,🇶🇦 Qatar,Cloudflare,Local,496
QA,🇶🇦 Qatar,Cloudflare,External,36
QA,🇶🇦 Qatar,Cloudflare,Local,496
QA,🇶🇦 Qatar,Cloudflare,External,36
QA,🇶🇦 Qatar,Cloudflare,Local,496
QA,🇶🇦 Qatar,Cloudflare,External,36
QA,🇶🇦 Qatar,Facebook,External,8
QA,🇶🇦 Qatar,Facebook,External,8
QA,🇶🇦 Qatar,Facebook,External,8
QA,🇶🇦 Qatar,Fastly,Regional,6
QA,🇶🇦 Qatar,Fastly,External,16
QA,🇶🇦 Qatar,Fastly,Regional,6
QA,🇶🇦 Qatar,Fastly,External,16
QA,🇶🇦 Qatar,Fastly,Regional,6
QA,🇶🇦 Qatar,Fastly,External,16
QA,🇶🇦 Qatar,Microsoft,Local,39
QA,🇶🇦 Qatar,Microsoft,Local,39
QA,🇶🇦 Qatar,Microsoft,Local,39
QA,🇶🇦 Qatar,Other,Local,39
QA,🇶🇦 Qatar,Other,External,203
RE,🇷🇪 Réunion,Akamai,Local,109
RE,🇷🇪 Réunion,Akamai,Local,109
RE,🇷🇪 Réunion,Akamai,Local,109
RE,🇷🇪 Réunion,Alibaba,External,1
RE,🇷🇪 Réunion,Alibaba,External,1
RE,🇷🇪 Réunion,Alibaba,External,1
RE,🇷🇪 Réunion,Amazon,Regional,34
RE,🇷🇪 Réunion,Amazon,External,43
RE,🇷🇪 Réunion,Amazon,Regional,34
RE,🇷🇪 Réunion,Amazon,External,43
RE,🇷🇪 Réunion,Amazon,Regional,34
RE,🇷🇪 Réunion,Amazon,External,43
RE,🇷🇪 Réunion,Cdn77,External,1
RE,🇷🇪 Réunion,Cdn77,External,1
RE,🇷🇪 Réunion,Cdn77,External,1
RE,🇷🇪 Réunion,Cloudflare,Local,272
RE,🇷🇪 Réunion,Cloudflare,Regional,86
RE,🇷🇪 Réunion,Cloudflare,Local,272
RE,🇷🇪 Réunion,Cloudflare,Regional,86
RE,🇷🇪 Réunion,Cloudflare,Local,272
RE,🇷🇪 Réunion,Cloudflare,Regional,86
RE,🇷🇪 Réunion,Facebook,External,6
RE,🇷🇪 Réunion,Facebook,External,6
RE,🇷🇪 Réunion,Facebook,External,6
RE,🇷🇪 Réunion,Fastly,Regional,10
RE,🇷🇪 Réunion,Fastly,External,13
RE,🇷🇪 Réunion,Fastly,Regional,10
RE,🇷🇪 Réunion,Fastly,External,13
RE,🇷🇪 Réunion,Fastly,Regional,10
RE,🇷🇪 Réunion,Fastly,External,13
RE,🇷🇪 Réunion,Microsoft,External,11
RE,🇷🇪 Réunion,Microsoft,External,11
RE,🇷🇪 Réunion,Microsoft,External,11
RE,🇷🇪 Réunion,Other,Local,34
RE,🇷🇪 Réunion,Other,External,379
RE,🇷🇪 Réunion,Wordpress,Regional,1
RE,🇷🇪 Réunion,Wordpress,Regional,1
RE,🇷🇪 Réunion,Wordpress,Regional,1
RO,🇷🇴 Romania,Akamai,Local,69
RO,🇷🇴 Romania,Akamai,Local,69
RO,🇷🇴 Romania,Akamai,Local,69
RO,🇷🇴 Romania,Amazon,External,78
RO,🇷🇴 Romania,Amazon,External,78
RO,🇷🇴 Romania,Amazon,External,78
RO,🇷🇴 Romania,Cloudflare,Local,353
RO,🇷🇴 Romania,Cloudflare,Regional,59
RO,🇷🇴 Romania,Cloudflare,Local,353
RO,🇷🇴 Romania,Cloudflare,Regional,59
RO,🇷🇴 Romania,Cloudflare,Local,353
RO,🇷🇴 Romania,Cloudflare,Regional,59
RO,🇷🇴 Romania,Facebook,External,7
RO,🇷🇴 Romania,Facebook,External,7
RO,🇷🇴 Romania,Facebook,External,7
RO,🇷🇴 Romania,Fastly,Regional,2
RO,🇷🇴 Romania,Fastly,External,12
RO,🇷🇴 Romania,Fastly,Regional,2
RO,🇷🇴 Romania,Fastly,External,12
RO,🇷🇴 Romania,Fastly,Regional,2
RO,🇷🇴 Romania,Fastly,External,12
RO,🇷🇴 Romania,Microsoft,Local,14
RO,🇷🇴 Romania,Microsoft,Local,14
RO,🇷🇴 Romania,Microsoft,Local,14
RO,🇷🇴 Romania,Other,Local,182
RO,🇷🇴 Romania,Other,External,224
RU,🇷🇺 Russia,Akamai,Local,13
RU,🇷🇺 Russia,Akamai,Local,13
RU,🇷🇺 Russia,Akamai,Local,13
RU,🇷🇺 Russia,Akamai,Local,13
RU,🇷🇺 Russia,Akamai,Local,13
RU,🇷🇺 Russia,Akamai,Local,13
RU,🇷🇺 Russia,Alibaba,External,1
RU,🇷🇺 Russia,Alibaba,External,1
RU,🇷🇺 Russia,Alibaba,External,1
RU,🇷🇺 Russia,Alibaba,External,1
RU,🇷🇺 Russia,Alibaba,External,1
RU,🇷🇺 Russia,Alibaba,External,1
RU,🇷🇺 Russia,Amazon,External,11
RU,🇷🇺 Russia,Amazon,External,11
RU,🇷🇺 Russia,Amazon,External,11
RU,🇷🇺 Russia,Amazon,External,11
RU,🇷🇺 Russia,Amazon,External,11
RU,🇷🇺 Russia,Amazon,External,11
RU,🇷🇺 Russia,Cloudflare,Local,31
RU,🇷🇺 Russia,Cloudflare,External,105
RU,🇷🇺 Russia,Cloudflare,Local,31
RU,🇷🇺 Russia,Cloudflare,External,105
RU,🇷🇺 Russia,Cloudflare,Local,31
RU,🇷🇺 Russia,Cloudflare,External,105
RU,🇷🇺 Russia,Cloudflare,Local,31
RU,🇷🇺 Russia,Cloudflare,External,105
RU,🇷🇺 Russia,Cloudflare,Local,31
RU,🇷🇺 Russia,Cloudflare,External,105
RU,🇷🇺 Russia,Facebook,External,6
RU,🇷🇺 Russia,Facebook,External,6
RU,🇷🇺 Russia,Facebook,External,6
RU,🇷🇺 Russia,Fastly,External,7
RU,🇷🇺 Russia,Fastly,External,7
RU,🇷🇺 Russia,Fastly,External,7
RU,🇷🇺 Russia,Fastly,External,7
RU,🇷🇺 Russia,Fastly,External,7
RU,🇷🇺 Russia,Fastly,External,7
RU,🇷🇺 Russia,Microsoft,External,3
RU,🇷🇺 Russia,Microsoft,External,3
RU,🇷🇺 Russia,Microsoft,External,3
RU,🇷🇺 Russia,Microsoft,External,3
RU,🇷🇺 Russia,Microsoft,External,3
RU,🇷🇺 Russia,Microsoft,External,3
RU,🇷🇺 Russia,Other,Local,612
RU,🇷🇺 Russia,Other,External,211
RW,🇷🇼 Rwanda,Akamai,Local,41
RW,🇷🇼 Rwanda,Akamai,Local,41
RW,🇷🇼 Rwanda,Akamai,Local,41
RW,🇷🇼 Rwanda,Akamai,Local,41
RW,🇷🇼 Rwanda,Akamai,Local,41
RW,🇷🇼 Rwanda,Alibaba,External,2
RW,🇷🇼 Rwanda,Alibaba,External,2
RW,🇷🇼 Rwanda,Alibaba,External,2
RW,🇷🇼 Rwanda,Alibaba,External,2
RW,🇷🇼 Rwanda,Alibaba,External,2
RW,🇷🇼 Rwanda,Amazon,Regional,84
RW,🇷🇼 Rwanda,Amazon,External,15
RW,🇷🇼 Rwanda,Amazon,Regional,84
RW,🇷🇼 Rwanda,Amazon,External,15
RW,🇷🇼 Rwanda,Amazon,Regional,84
RW,🇷🇼 Rwanda,Amazon,External,15
RW,🇷🇼 Rwanda,Amazon,Regional,84
RW,🇷🇼 Rwanda,Amazon,External,15
RW,🇷🇼 Rwanda,Amazon,Regional,84
RW,🇷🇼 Rwanda,Amazon,External,15
RW,🇷🇼 Rwanda,Cloudflare,Local,29
RW,🇷🇼 Rwanda,Cloudflare,Regional,321
RW,🇷🇼 Rwanda,Cloudflare,Local,29
RW,🇷🇼 Rwanda,Cloudflare,Regional,321
RW,🇷🇼 Rwanda,Cloudflare,Local,29
RW,🇷🇼 Rwanda,Cloudflare,Regional,321
RW,🇷🇼 Rwanda,Cloudflare,Local,29
RW,🇷🇼 Rwanda,Cloudflare,Regional,321
RW,🇷🇼 Rwanda,Facebook,External,10
RW,🇷🇼 Rwanda,Facebook,External,10
RW,🇷🇼 Rwanda,Facebook,External,10
RW,🇷🇼 Rwanda,Facebook,External,10
RW,🇷🇼 Rwanda,Facebook,External,10
RW,🇷🇼 Rwanda,Fastly,Regional,15
RW,🇷🇼 Rwanda,Fastly,External,15
RW,🇷🇼 Rwanda,Fastly,Regional,15
RW,🇷🇼 Rwanda,Fastly,External,15
RW,🇷🇼 Rwanda,Fastly,Regional,15
RW,🇷🇼 Rwanda,Fastly,External,15
RW,🇷🇼 Rwanda,Fastly,Regional,15
RW,🇷🇼 Rwanda,Fastly,External,15
RW,🇷🇼 Rwanda,Fastly,Regional,15
RW,🇷🇼 Rwanda,Fastly,External,15
RW,🇷🇼 Rwanda,Microsoft,External,19
RW,🇷🇼 Rwanda,Microsoft,External,19
RW,🇷🇼 Rwanda,Microsoft,External,19
RW,🇷🇼 Rwanda,Microsoft,External,19
RW,🇷🇼 Rwanda,Microsoft,External,19
RW,🇷🇼 Rwanda,Other,Local,169
RW,🇷🇼 Rwanda,Other,External,279
BL,🇧🇱 Saint Barthélemy,Akamai,External,32
BL,🇧🇱 Saint Barthélemy,Amazon,Regional,17
BL,🇧🇱 Saint Barthélemy,Cloudflare,Regional,23
BL,🇧🇱 Saint Barthélemy,Facebook,External,4
BL,🇧🇱 Saint Barthélemy,Fastly,External,9
BL,🇧🇱 Saint Barthélemy,Microsoft,External,4
BL,🇧🇱 Saint Barthélemy,Other,Local,0
BL,🇧🇱 Saint Barthélemy,Other,External,48
SH,"🇸🇭 Saint Helena, Ascension and Tristan da Cunha",Other,Local,0
SH,"🇸🇭 Saint Helena, Ascension and Tristan da Cunha",Other,External,87
KN,🇰🇳 Saint Kitts and Nevis,Akamai,External,172
KN,🇰🇳 Saint Kitts and Nevis,Akamai,External,172
KN,🇰🇳 Saint Kitts and Nevis,Akamai,External,172
KN,🇰🇳 Saint Kitts and Nevis,Akamai,External,172
KN,🇰🇳 Saint Kitts and Nevis,Amazon,External,148
KN,🇰🇳 Saint Kitts and Nevis,Amazon,External,148
KN,🇰🇳 Saint Kitts and Nevis,Amazon,External,148
KN,🇰🇳 Saint Kitts and Nevis,Amazon,External,148
KN,🇰🇳 Saint Kitts and Nevis,Cdn77,External,3
KN,🇰🇳 Saint Kitts and Nevis,Cdn77,External,3
KN,🇰🇳 Saint Kitts and Nevis,Cdn77,External,3
KN,🇰🇳 Saint Kitts and Nevis,Cdn77,External,3
KN,🇰🇳 Saint Kitts and Nevis,Cloudflare,External,296
KN,🇰🇳 Saint Kitts and Nevis,Cloudflare,External,296
KN,🇰🇳 Saint Kitts and Nevis,Cloudflare,External,296
KN,🇰🇳 Saint Kitts and Nevis,Cloudflare,External,296
KN,🇰🇳 Saint Kitts and Nevis,Facebook,External,8
KN,🇰🇳 Saint Kitts and Nevis,Facebook,External,8
KN,🇰🇳 Saint Kitts and Nevis,Facebook,External,8
KN,🇰🇳 Saint Kitts and Nevis,Facebook,External,8
KN,🇰🇳 Saint Kitts and Nevis,Fastly,External,77
KN,🇰🇳 Saint Kitts and Nevis,Fastly,External,77
KN,🇰🇳 Saint Kitts and Nevis,Fastly,External,77
KN,🇰🇳 Saint Kitts and Nevis,Fastly,External,77
KN,🇰🇳 Saint Kitts and Nevis,Microsoft,External,23
KN,🇰🇳 Saint Kitts and Nevis,Microsoft,External,23
KN,🇰🇳 Saint Kitts and Nevis,Microsoft,External,23
KN,🇰🇳 Saint Kitts and Nevis,Microsoft,External,23
KN,🇰🇳 Saint Kitts and Nevis,Other,Local,1
KN,🇰🇳 Saint Kitts and Nevis,Other,External,271
LC,🇱🇨 Saint Lucia,Akamai,Local,136
LC,🇱🇨 Saint Lucia,Akamai,Local,136
LC,🇱🇨 Saint Lucia,Akamai,Local,136
LC,🇱🇨 Saint Lucia,Alibaba,External,1
LC,🇱🇨 Saint Lucia,Alibaba,External,1
LC,🇱🇨 Saint Lucia,Alibaba,External,1
LC,🇱🇨 Saint Lucia,Amazon,External,109
LC,🇱🇨 Saint Lucia,Amazon,External,109
LC,🇱🇨 Saint Lucia,Amazon,External,109
LC,🇱🇨 Saint Lucia,Cdn77,External,2
LC,🇱🇨 Saint Lucia,Cdn77,External,2
LC,🇱🇨 Saint Lucia,Cdn77,External,2
LC,🇱🇨 Saint Lucia,Cloudflare,External,385
LC,🇱🇨 Saint Lucia,Cloudflare,External,385
LC,🇱🇨 Saint Lucia,Cloudflare,External,385
LC,🇱🇨 Saint Lucia,Facebook,External,10
LC,🇱🇨 Saint Lucia,Facebook,External,10
LC,🇱🇨 Saint Lucia,Facebook,External,10
LC,🇱🇨 Saint Lucia,Fastly,External,56
LC,🇱🇨 Saint Lucia,Fastly,External,56
LC,🇱🇨 Saint Lucia,Fastly,External,56
LC,🇱🇨 Saint Lucia,Microsoft,External,21
LC,🇱🇨 Saint Lucia,Microsoft,External,21
LC,🇱🇨 Saint Lucia,Microsoft,External,21
LC,🇱🇨 Saint Lucia,Other,Local,13
LC,🇱🇨 Saint Lucia,Other,External,267
MF,🇲🇫 Saint Martin (French part),Akamai,External,161
MF,🇲🇫 Saint Martin (French part),Akamai,External,161
MF,🇲🇫 Saint Martin (French part),Akamai,External,161
MF,🇲🇫 Saint Martin (French part),Akamai,External,161
MF,🇲🇫 Saint Martin (French part),Amazon,Regional,20
MF,🇲🇫 Saint Martin (French part),Amazon,External,89
MF,🇲🇫 Saint Martin (French part),Amazon,Regional,20
MF,🇲🇫 Saint Martin (French part),Amazon,External,89
MF,🇲🇫 Saint Martin (French part),Amazon,Regional,20
MF,🇲🇫 Saint Martin (French part),Amazon,External,89
MF,🇲🇫 Saint Martin (French part),Amazon,Regional,20
MF,🇲🇫 Saint Martin (French part),Amazon,External,89
MF,🇲🇫 Saint Martin (French part),Cloudflare,Regional,55
MF,🇲🇫 Saint Martin (French part),Cloudflare,External,249
MF,🇲🇫 Saint Martin (French part),Cloudflare,Regional,55
MF,🇲🇫 Saint Martin (French part),Cloudflare,External,249
MF,🇲🇫 Saint Martin (French part),Cloudflare,Regional,55
MF,🇲🇫 Saint Martin (French part),Cloudflare,External,249
MF,🇲🇫 Saint Martin (French part),Cloudflare,Regional,55
MF,🇲🇫 Saint Martin (French part),Cloudflare,External,249
MF,🇲🇫 Saint Martin (French part),Facebook,External,8
MF,🇲🇫 Saint Martin (French part),Facebook,External,8
MF,🇲🇫 Saint Martin (French part),Facebook,External,8
MF,🇲🇫 Saint Martin (French part),Facebook,External,8
MF,🇲🇫 Saint Martin (French part),Fastly,Regional,9
MF,🇲🇫 Saint Martin (French part),Fastly,External,41
MF,🇲🇫 Saint Martin (French part),Fastly,Regional,9
MF,🇲🇫 Saint Martin (French part),Fastly,External,41
MF,🇲🇫 Saint Martin (French part),Fastly,Regional,9
MF,🇲🇫 Saint Martin (French part),Fastly,External,41
MF,🇲🇫 Saint Martin (French part),Fastly,Regional,9
MF,🇲🇫 Saint Martin (French part),Fastly,External,41
MF,🇲🇫 Saint Martin (French part),Microsoft,External,25
MF,🇲🇫 Saint Martin (French part),Microsoft,External,25
MF,🇲🇫 Saint Martin (French part),Microsoft,External,25
MF,🇲🇫 Saint Martin (French part),Microsoft,External,25
MF,🇲🇫 Saint Martin (French part),Other,Local,0
MF,🇲🇫 Saint Martin (French part),Other,External,343
PM,🇵🇲 Saint Pierre and Miquelon,Other,Local,5
PM,🇵🇲 Saint Pierre and Miquelon,Other,External,199
VC,🇻🇨 Saint Vincent and the Grenadines,Akamai,External,133
VC,🇻🇨 Saint Vincent and the Grenadines,Akamai,External,133
VC,🇻🇨 Saint Vincent and the Grenadines,Akamai,External,133
VC,🇻🇨 Saint Vincent and the Grenadines,Alibaba,External,1
VC,🇻🇨 Saint Vincent and the Grenadines,Alibaba,External,1
VC,🇻🇨 Saint Vincent and the Grenadines,Alibaba,External,1
VC,🇻🇨 Saint Vincent and the Grenadines,Amazon,External,118
VC,🇻🇨 Saint Vincent and the Grenadines,Amazon,External,118
VC,🇻🇨 Saint Vincent and the Grenadines,Amazon,External,118
VC,🇻🇨 Saint Vincent and the Grenadines,Cdn77,External,4
VC,🇻🇨 Saint Vincent and the Grenadines,Cdn77,External,4
VC,🇻🇨 Saint Vincent and the Grenadines,Cdn77,External,4
VC,🇻🇨 Saint Vincent and the Grenadines,Cloudflare,External,365
VC,🇻🇨 Saint Vincent and the Grenadines,Cloudflare,External,365
VC,🇻🇨 Saint Vincent and the Grenadines,Cloudflare,External,365
VC,🇻🇨 Saint Vincent and the Grenadines,Facebook,External,8
VC,🇻🇨 Saint Vincent and the Grenadines,Facebook,External,8
VC,🇻🇨 Saint Vincent and the Grenadines,Facebook,External,8
VC,🇻🇨 Saint Vincent and the Grenadines,Fastly,External,60
VC,🇻🇨 Saint Vincent and the Grenadines,Fastly,External,60
VC,🇻🇨 Saint Vincent and the Grenadines,Fastly,External,60
VC,🇻🇨 Saint Vincent and the Grenadines,Microsoft,External,24
VC,🇻🇨 Saint Vincent and the Grenadines,Microsoft,External,24
VC,🇻🇨 Saint Vincent and the Grenadines,Microsoft,External,24
VC,🇻🇨 Saint Vincent and the Grenadines,Other,Local,26
VC,🇻🇨 Saint Vincent and the Grenadines,Other,External,261
WS,🇼🇸 Samoa,Akamai,External,92
WS,🇼🇸 Samoa,Akamai,External,92
WS,🇼🇸 Samoa,Alibaba,External,5
WS,🇼🇸 Samoa,Alibaba,External,5
WS,🇼🇸 Samoa,Amazon,External,136
WS,🇼🇸 Samoa,Amazon,External,136
WS,🇼🇸 Samoa,Cdn77,External,3
WS,🇼🇸 Samoa,Cdn77,External,3
WS,🇼🇸 Samoa,Cloudflare,External,347
WS,🇼🇸 Samoa,Cloudflare,External,347
WS,🇼🇸 Samoa,Facebook,External,13
WS,🇼🇸 Samoa,Facebook,External,13
WS,🇼🇸 Samoa,Fastly,External,52
WS,🇼🇸 Samoa,Fastly,External,52
WS,🇼🇸 Samoa,Microsoft,External,19
WS,🇼🇸 Samoa,Microsoft,External,19
WS,🇼🇸 Samoa,Other,Local,4
WS,🇼🇸 Samoa,Other,External,328
SM,🇸🇲 San Marino,Akamai,External,110
SM,🇸🇲 San Marino,Amazon,External,147
SM,🇸🇲 San Marino,Bunnycdn,External,1
SM,🇸🇲 San Marino,Cloudflare,Regional,254
SM,🇸🇲 San Marino,Facebook,External,9
SM,🇸🇲 San Marino,Fastly,Regional,50
SM,🇸🇲 San Marino,Microsoft,External,23
SM,🇸🇲 San Marino,Other,Local,52
SM,🇸🇲 San Marino,Other,External,354
ST,🇸🇹 Sao Tome and Principe,Akamai,External,71
ST,🇸🇹 Sao Tome and Principe,Akamai,External,71
ST,🇸🇹 Sao Tome and Principe,Akamai,External,71
ST,🇸🇹 Sao Tome and Principe,Alibaba,External,2
ST,🇸🇹 Sao Tome and Principe,Alibaba,External,2
ST,🇸🇹 Sao Tome and Principe,Alibaba,External,2
ST,🇸🇹 Sao Tome and Principe,Amazon,External,76
ST,🇸🇹 Sao Tome and Principe,Amazon,External,76
ST,🇸🇹 Sao Tome and Principe,Amazon,External,76
ST,🇸🇹 Sao Tome and Principe,Cdn77,External,2
ST,🇸🇹 Sao Tome and Principe,Cdn77,External,2
ST,🇸🇹 Sao Tome and Principe,Cdn77,External,2
ST,🇸🇹 Sao Tome and Principe,Cloudflare,Regional,229
ST,🇸🇹 Sao Tome and Principe,Cloudflare,External,59
ST,🇸🇹 Sao Tome and Principe,Cloudflare,Regional,229
ST,🇸🇹 Sao Tome and Principe,Cloudflare,External,59
ST,🇸🇹 Sao Tome and Principe,Cloudflare,Regional,229
ST,🇸🇹 Sao Tome and Principe,Cloudflare,External,59
ST,🇸🇹 Sao Tome and Principe,Facebook,External,13
ST,🇸🇹 Sao Tome and Principe,Facebook,External,13
ST,🇸🇹 Sao Tome and Principe,Facebook,External,13
ST,🇸🇹 Sao Tome and Principe,Fastly,External,31
ST,🇸🇹 Sao Tome and Principe,Fastly,External,31
ST,🇸🇹 Sao Tome and Principe,Fastly,External,31
ST,🇸🇹 Sao Tome and Principe,Microsoft,External,17
ST,🇸🇹 Sao Tome and Principe,Microsoft,External,17
ST,🇸🇹 Sao Tome and Principe,Microsoft,External,17
ST,🇸🇹 Sao Tome and Principe,Other,Local,7
ST,🇸🇹 Sao Tome and Principe,Other,External,269
ST,🇸🇹 Sao Tome and Principe,Wordpress,Regional,1
ST,🇸🇹 Sao Tome and Principe,Wordpress,Regional,1
ST,🇸🇹 Sao Tome and Principe,Wordpress,Regional,1
SA,🇸🇦 Saudi Arabia,Akamai,Local,60
SA,🇸🇦 Saudi Arabia,Akamai,Local,60
SA,🇸🇦 Saudi Arabia,Akamai,Local,60
SA,🇸🇦 Saudi Arabia,Akamai,Local,60
SA,🇸🇦 Saudi Arabia,Alibaba,External,6
SA,🇸🇦 Saudi Arabia,Alibaba,External,6
SA,🇸🇦 Saudi Arabia,Alibaba,External,6
SA,🇸🇦 Saudi Arabia,Alibaba,External,6
SA,🇸🇦 Saudi Arabia,Amazon,External,60
SA,🇸🇦 Saudi Arabia,Amazon,External,60
SA,🇸🇦 Saudi Arabia,Amazon,External,60
SA,🇸🇦 Saudi Arabia,Amazon,External,60
SA,🇸🇦 Saudi Arabia,Cloudflare,Local,161
SA,🇸🇦 Saudi Arabia,Cloudflare,External,361
SA,🇸🇦 Saudi Arabia,Cloudflare,Local,161
SA,🇸🇦 Saudi Arabia,Cloudflare,External,361
SA,🇸🇦 Saudi Arabia,Cloudflare,Local,161
SA,🇸🇦 Saudi Arabia,Cloudflare,External,361
SA,🇸🇦 Saudi Arabia,Cloudflare,Local,161
SA,🇸🇦 Saudi Arabia,Cloudflare,External,361
SA,🇸🇦 Saudi Arabia,Facebook,External,6
SA,🇸🇦 Saudi Arabia,Facebook,External,6
SA,🇸🇦 Saudi Arabia,Facebook,External,6
SA,🇸🇦 Saudi Arabia,Facebook,External,6
SA,🇸🇦 Saudi Arabia,Fastly,External,10
SA,🇸🇦 Saudi Arabia,Fastly,External,10
SA,🇸🇦 Saudi Arabia,Fastly,External,10
SA,🇸🇦 Saudi Arabia,Fastly,External,10
SA,🇸🇦 Saudi Arabia,Microsoft,External,24
SA,🇸🇦 Saudi Arabia,Microsoft,External,24
SA,🇸🇦 Saudi Arabia,Microsoft,External,24
SA,🇸🇦 Saudi Arabia,Microsoft,External,24
SA,🇸🇦 Saudi Arabia,Other,Local,134
SA,🇸🇦 Saudi Arabia,Other,External,178
SN,🇸🇳 Senegal,Akamai,Local,71
SN,🇸🇳 Senegal,Akamai,Local,71
SN,🇸🇳 Senegal,Alibaba,External,1
SN,🇸🇳 Senegal,Alibaba,External,1
SN,🇸🇳 Senegal,Amazon,External,110
SN,🇸🇳 Senegal,Amazon,External,110
SN,🇸🇳 Senegal,Cloudflare,Local,376
SN,🇸🇳 Senegal,Cloudflare,External,13
SN,🇸🇳 Senegal,Cloudflare,Local,376
SN,🇸🇳 Senegal,Cloudflare,External,13
SN,🇸🇳 Senegal,Facebook,External,9
SN,🇸🇳 Senegal,Facebook,External,9
SN,🇸🇳 Senegal,Fastly,External,20
SN,🇸🇳 Senegal,Fastly,External,20
SN,🇸🇳 Senegal,Microsoft,External,25
SN,🇸🇳 Senegal,Microsoft,External,25
SN,🇸🇳 Senegal,Other,Local,66
SN,🇸🇳 Senegal,Other,External,309
RS,🇷🇸 Serbia,Akamai,Local,45
RS,🇷🇸 Serbia,Akamai,Local,45
RS,🇷🇸 Serbia,Akamai,Local,45
RS,🇷🇸 Serbia,Akamai,Local,45
RS,🇷🇸 Serbia,Akamai,Local,45
RS,🇷🇸 Serbia,Akamai,Local,45
RS,🇷🇸 Serbia,Amazon,External,48
RS,🇷🇸 Serbia,Amazon,External,48
RS,🇷🇸 Serbia,Amazon,External,48
RS,🇷🇸 Serbia,Amazon,External,48
RS,🇷🇸 Serbia,Amazon,External,48
RS,🇷🇸 Serbia,Amazon,External,48
RS,🇷🇸 Serbia,Cdn77,External,13
RS,🇷🇸 Serbia,Cdn77,External,13
RS,🇷🇸 Serbia,Cdn77,External,13
RS,🇷🇸 Serbia,Cdn77,External,13
RS,🇷🇸 Serbia,Cdn77,External,13
RS,🇷🇸 Serbia,Cdn77,External,13
RS,🇷🇸 Serbia,Cloudflare,Local,302
RS,🇷🇸 Serbia,Cloudflare,External,52
RS,🇷🇸 Serbia,Cloudflare,Local,302
RS,🇷🇸 Serbia,Cloudflare,External,52
RS,🇷🇸 Serbia,Cloudflare,Local,302
RS,🇷🇸 Serbia,Cloudflare,External,52
RS,🇷🇸 Serbia,Cloudflare,Local,302
RS,🇷🇸 Serbia,Cloudflare,External,52
RS,🇷🇸 Serbia,Cloudflare,Local,302
RS,🇷🇸 Serbia,Cloudflare,External,52
RS,🇷🇸 Serbia,Cloudflare,Local,302
RS,🇷🇸 Serbia,Cloudflare,External,52
RS,🇷🇸 Serbia,Facebook,External,5
RS,🇷🇸 Serbia,Facebook,External,5
RS,🇷🇸 Serbia,Facebook,External,5
RS,🇷🇸 Serbia,Facebook,External,5
RS,🇷🇸 Serbia,Facebook,External,5
RS,🇷🇸 Serbia,Facebook,External,5
RS,🇷🇸 Serbia,Fastly,External,14
RS,🇷🇸 Serbia,Fastly,External,14
RS,🇷🇸 Serbia,Fastly,External,14
RS,🇷🇸 Serbia,Fastly,External,14
RS,🇷🇸 Serbia,Fastly,External,14
RS,🇷🇸 Serbia,Fastly,External,14
RS,🇷🇸 Serbia,Microsoft,External,15
RS,🇷🇸 Serbia,Microsoft,External,15
RS,🇷🇸 Serbia,Microsoft,External,15
RS,🇷🇸 Serbia,Microsoft,External,15
RS,🇷🇸 Serbia,Microsoft,External,15
RS,🇷🇸 Serbia,Microsoft,External,15
RS,🇷🇸 Serbia,Other,Local,182
RS,🇷🇸 Serbia,Other,External,324
SC,🇸🇨 Seychelles,Akamai,External,137
SC,🇸🇨 Seychelles,Akamai,External,137
SC,🇸🇨 Seychelles,Akamai,External,137
SC,🇸🇨 Seychelles,Alibaba,External,4
SC,🇸🇨 Seychelles,Alibaba,External,4
SC,🇸🇨 Seychelles,Alibaba,External,4
SC,🇸🇨 Seychelles,Amazon,Regional,15
SC,🇸🇨 Seychelles,Amazon,External,95
SC,🇸🇨 Seychelles,Amazon,Regional,15
SC,🇸🇨 Seychelles,Amazon,External,95
SC,🇸🇨 Seychelles,Amazon,Regional,15
SC,🇸🇨 Seychelles,Amazon,External,95
SC,🇸🇨 Seychelles,Cdn77,External,2
SC,🇸🇨 Seychelles,Cdn77,External,2
SC,🇸🇨 Seychelles,Cdn77,External,2
SC,🇸🇨 Seychelles,Cloudflare,Regional,376
SC,🇸🇨 Seychelles,Cloudflare,Regional,376
SC,🇸🇨 Seychelles,Cloudflare,Regional,376
SC,🇸🇨 Seychelles,Facebook,External,8
SC,🇸🇨 Seychelles,Facebook,External,8
SC,🇸🇨 Seychelles,Facebook,External,8
SC,🇸🇨 Seychelles,Fastly,Regional,45
SC,🇸🇨 Seychelles,Fastly,Regional,45
SC,🇸🇨 Seychelles,Fastly,Regional,45
SC,🇸🇨 Seychelles,Keycdn,External,1
SC,🇸🇨 Seychelles,Keycdn,External,1
SC,🇸🇨 Seychelles,Keycdn,External,1
SC,🇸🇨 Seychelles,Microsoft,External,10
SC,🇸🇨 Seychelles,Microsoft,External,10
SC,🇸🇨 Seychelles,Microsoft,External,10
SC,🇸🇨 Seychelles,Other,Local,24
SC,🇸🇨 Seychelles,Other,External,282
SC,🇸🇨 Seychelles,Wordpress,Regional,1
SC,🇸🇨 Seychelles,Wordpress,Regional,1
SC,🇸🇨 Seychelles,Wordpress,Regional,1
SL,🇸🇱 Sierra Leone,Akamai,External,79
SL,🇸🇱 Sierra Leone,Akamai,External,79
SL,🇸🇱 Sierra Leone,Akamai,External,79
SL,🇸🇱 Sierra Leone,Alibaba,External,6
SL,🇸🇱 Sierra Leone,Alibaba,External,6
SL,🇸🇱 Sierra Leone,Alibaba,External,6
SL,🇸🇱 Sierra Leone,Amazon,External,133
SL,🇸🇱 Sierra Leone,Amazon,External,133
SL,🇸🇱 Sierra Leone,Amazon,External,133
SL,🇸🇱 Sierra Leone,Bunnycdn,External,1
SL,🇸🇱 Sierra Leone,Bunnycdn,External,1
SL,🇸🇱 Sierra Leone,Bunnycdn,External,1
SL,🇸🇱 Sierra Leone,Cdn77,External,2
SL,🇸🇱 Sierra Leone,Cdn77,External,2
SL,🇸🇱 Sierra Leone,Cdn77,External,2
SL,🇸🇱 Sierra Leone,Cloudflare,Regional,10
SL,🇸🇱 Sierra Leone,Cloudflare,External,414
SL,🇸🇱 Sierra Leone,Cloudflare,Regional,10
SL,🇸🇱 Sierra Leone,Cloudflare,External,414
SL,🇸🇱 Sierra Leone,Facebook,External,9
SL,🇸🇱 Sierra Leone,Facebook,External,9
SL,🇸🇱 Sierra Leone,Fastly,External,39
SL,🇸🇱 Sierra Leone,Fastly,External,39
SL,🇸🇱 Sierra Leone,Fastly,External,39
SL,🇸🇱 Sierra Leone,Microsoft,External,22
SL,🇸🇱 Sierra Leone,Microsoft,External,22
SL,🇸🇱 Sierra Leone,Microsoft,External,22
SL,🇸🇱 Sierra Leone,Other,Local,7
SL,🇸🇱 Sierra Leone,Other,External,278
SG,🇸🇬 Singapore,Akamai,Local,113
SG,🇸🇬 Singapore,Akamai,Local,113
SG,🇸🇬 Singapore,Akamai,Local,113
SG,🇸🇬 Singapore,Akamai,Local,113
SG,🇸🇬 Singapore,Akamai,Local,113
SG,🇸🇬 Singapore,Akamai,Local,113
SG,🇸🇬 Singapore,Akamai,Local,113
SG,🇸🇬 Singapore,Akamai,Local,113
SG,🇸🇬 Singapore,Akamai,Local,113
SG,🇸🇬 Singapore,Akamai,Local,113
SG,🇸🇬 Singapore,Akamai,Local,113
SG,🇸🇬 Singapore,Akamai,Local,113
SG,🇸🇬 Singapore,Alibaba,External,17
SG,🇸🇬 Singapore,Alibaba,External,17
SG,🇸🇬 Singapore,Alibaba,External,17
SG,🇸🇬 Singapore,Alibaba,External,17
SG,🇸🇬 Singapore,Alibaba,External,17
SG,🇸🇬 Singapore,Alibaba,External,17
SG,🇸🇬 Singapore,Alibaba,External,17
SG,🇸🇬 Singapore,Alibaba,External,17
SG,🇸🇬 Singapore,Alibaba,External,17
SG,🇸🇬 Singapore,Alibaba,External,17
SG,🇸🇬 Singapore,Alibaba,External,17
SG,🇸🇬 Singapore,Alibaba,External,17
SG,🇸🇬 Singapore,Amazon,Local,114
SG,🇸🇬 Singapore,Amazon,External,13
SG,🇸🇬 Singapore,Amazon,Local,114
SG,🇸🇬 Singapore,Amazon,External,13
SG,🇸🇬 Singapore,Amazon,Local,114
SG,🇸🇬 Singapore,Amazon,External,13
SG,🇸🇬 Singapore,Amazon,Local,114
SG,🇸🇬 Singapore,Amazon,External,13
SG,🇸🇬 Singapore,Amazon,Local,114
SG,🇸🇬 Singapore,Amazon,External,13
SG,🇸🇬 Singapore,Amazon,Local,114
SG,🇸🇬 Singapore,Amazon,External,13
SG,🇸🇬 Singapore,Amazon,Local,114
SG,🇸🇬 Singapore,Amazon,External,13
SG,🇸🇬 Singapore,Amazon,Local,114
SG,🇸🇬 Singapore,Amazon,External,13
SG,🇸🇬 Singapore,Amazon,Local,114
SG,🇸🇬 Singapore,Amazon,External,13
SG,🇸🇬 Singapore,Amazon,Local,114
SG,🇸🇬 Singapore,Amazon,External,13
SG,🇸🇬 Singapore,Amazon,Local,114
SG,🇸🇬 Singapore,Amazon,External,13
SG,🇸🇬 Singapore,Amazon,Local,114
SG,🇸🇬 Singapore,Amazon,External,13
SG,🇸🇬 Singapore,Cdn77,Local,1
SG,🇸🇬 Singapore,Cdn77,Local,1
SG,🇸🇬 Singapore,Cdn77,Local,1
SG,🇸🇬 Singapore,Cdn77,Local,1
SG,🇸🇬 Singapore,Cdn77,Local,1
SG,🇸🇬 Singapore,Cdn77,Local,1
SG,🇸🇬 Singapore,Cdn77,Local,1
SG,🇸🇬 Singapore,Cdn77,Local,1
SG,🇸🇬 Singapore,Cdn77,Local,1
SG,🇸🇬 Singapore,Cdn77,Local,1
SG,🇸🇬 Singapore,Cdn77,Local,1
SG,🇸🇬 Singapore,Cdn77,Local,1
SG,🇸🇬 Singapore,Cloudflare,Local,364
SG,🇸🇬 Singapore,Cloudflare,External,66
SG,🇸🇬 Singapore,Cloudflare,Local,364
SG,🇸🇬 Singapore,Cloudflare,External,66
SG,🇸🇬 Singapore,Cloudflare,Local,364
SG,🇸🇬 Singapore,Cloudflare,External,66
SG,🇸🇬 Singapore,Cloudflare,Local,364
SG,🇸🇬 Singapore,Cloudflare,External,66
SG,🇸🇬 Singapore,Cloudflare,Local,364
SG,🇸🇬 Singapore,Cloudflare,External,66
SG,🇸🇬 Singapore,Cloudflare,Local,364
SG,🇸🇬 Singapore,Cloudflare,External,66
SG,🇸🇬 Singapore,Cloudflare,Local,364
SG,🇸🇬 Singapore,Cloudflare,External,66
SG,🇸🇬 Singapore,Cloudflare,Local,364
SG,🇸🇬 Singapore,Cloudflare,External,66
SG,🇸🇬 Singapore,Cloudflare,Local,364
SG,🇸🇬 Singapore,Cloudflare,External,66
SG,🇸🇬 Singapore,Cloudflare,Local,364
SG,🇸🇬 Singapore,Cloudflare,External,66
SG,🇸🇬 Singapore,Cloudflare,Local,364
SG,🇸🇬 Singapore,Cloudflare,External,66
SG,🇸🇬 Singapore,Cloudflare,Local,364
SG,🇸🇬 Singapore,Cloudflare,External,66
SG,🇸🇬 Singapore,Facebook,External,9
SG,🇸🇬 Singapore,Facebook,External,9
SG,🇸🇬 Singapore,Facebook,External,9
SG,🇸🇬 Singapore,Facebook,External,9
SG,🇸🇬 Singapore,Facebook,External,9
SG,🇸🇬 Singapore,Facebook,External,9
SG,🇸🇬 Singapore,Facebook,External,9
SG,🇸🇬 Singapore,Facebook,External,9
SG,🇸🇬 Singapore,Facebook,External,9
SG,🇸🇬 Singapore,Facebook,External,9
SG,🇸🇬 Singapore,Facebook,External,9
SG,🇸🇬 Singapore,Facebook,External,9
SG,🇸🇬 Singapore,Fastly,Local,27
SG,🇸🇬 Singapore,Fastly,External,6
SG,🇸🇬 Singapore,Fastly,Local,27
SG,🇸🇬 Singapore,Fastly,External,6
SG,🇸🇬 Singapore,Fastly,Local,27
SG,🇸🇬 Singapore,Fastly,External,6
SG,🇸🇬 Singapore,Fastly,Local,27
SG,🇸🇬 Singapore,Fastly,External,6
SG,🇸🇬 Singapore,Fastly,Local,27
SG,🇸🇬 Singapore,Fastly,External,6
SG,🇸🇬 Singapore,Fastly,Local,27
SG,🇸🇬 Singapore,Fastly,External,6
SG,🇸🇬 Singapore,Fastly,Local,27
SG,🇸🇬 Singapore,Fastly,External,6
SG,🇸🇬 Singapore,Fastly,Local,27
SG,🇸🇬 Singapore,Fastly,External,6
SG,🇸🇬 Singapore,Fastly,Local,27
SG,🇸🇬 Singapore,Fastly,External,6
SG,🇸🇬 Singapore,Fastly,Local,27
SG,🇸🇬 Singapore,Fastly,External,6
SG,🇸🇬 Singapore,Fastly,Local,27
SG,🇸🇬 Singapore,Fastly,External,6
SG,🇸🇬 Singapore,Microsoft,Local,22
SG,🇸🇬 Singapore,Microsoft,Local,22
SG,🇸🇬 Singapore,Microsoft,Local,22
SG,🇸🇬 Singapore,Microsoft,Local,22
SG,🇸🇬 Singapore,Microsoft,Local,22
SG,🇸🇬 Singapore,Microsoft,Local,22
SG,🇸🇬 Singapore,Microsoft,Local,22
SG,🇸🇬 Singapore,Microsoft,Local,22
SG,🇸🇬 Singapore,Microsoft,Local,22
SG,🇸🇬 Singapore,Microsoft,Local,22
SG,🇸🇬 Singapore,Microsoft,Local,22
SG,🇸🇬 Singapore,Microsoft,Local,22
SG,🇸🇬 Singapore,Other,Local,49
SG,🇸🇬 Singapore,Other,External,199
SX,🇸🇽 Sint Maarten (Dutch part),Akamai,Local,190
SX,🇸🇽 Sint Maarten (Dutch part),Akamai,Local,190
SX,🇸🇽 Sint Maarten (Dutch part),Akamai,Local,190
SX,🇸🇽 Sint Maarten (Dutch part),Amazon,External,143
SX,🇸🇽 Sint Maarten (Dutch part),Amazon,External,143
SX,🇸🇽 Sint Maarten (Dutch part),Amazon,External,143
SX,🇸🇽 Sint Maarten (Dutch part),Cdn77,External,3
SX,🇸🇽 Sint Maarten (Dutch part),Cdn77,External,3
SX,🇸🇽 Sint Maarten (Dutch part),Cdn77,External,3
SX,🇸🇽 Sint Maarten (Dutch part),Cloudflare,Regional,32
SX,🇸🇽 Sint Maarten (Dutch part),Cloudflare,External,229
SX,🇸🇽 Sint Maarten (Dutch part),Cloudflare,Regional,32
SX,🇸🇽 Sint Maarten (Dutch part),Cloudflare,External,229
SX,🇸🇽 Sint Maarten (Dutch part),Cloudflare,Regional,32
SX,🇸🇽 Sint Maarten (Dutch part),Cloudflare,External,229
SX,🇸🇽 Sint Maarten (Dutch part),Facebook,External,8
SX,🇸🇽 Sint Maarten (Dutch part),Facebook,External,8
SX,🇸🇽 Sint Maarten (Dutch part),Facebook,External,8
SX,🇸🇽 Sint Maarten (Dutch part),Fastly,Regional,10
SX,🇸🇽 Sint Maarten (Dutch part),Fastly,External,70
SX,🇸🇽 Sint Maarten (Dutch part),Fastly,Regional,10
SX,🇸🇽 Sint Maarten (Dutch part),Fastly,External,70
SX,🇸🇽 Sint Maarten (Dutch part),Fastly,Regional,10
SX,🇸🇽 Sint Maarten (Dutch part),Fastly,External,70
SX,🇸🇽 Sint Maarten (Dutch part),Microsoft,External,28
SX,🇸🇽 Sint Maarten (Dutch part),Microsoft,External,28
SX,🇸🇽 Sint Maarten (Dutch part),Microsoft,External,28
SX,🇸🇽 Sint Maarten (Dutch part),Other,Local,7
SX,🇸🇽 Sint Maarten (Dutch part),Other,External,280
SK,🇸🇰 Slovakia,Akamai,Local,51
SK,🇸🇰 Slovakia,Akamai,Local,51
SK,🇸🇰 Slovakia,Akamai,Local,51
SK,🇸🇰 Slovakia,Akamai,Local,51
SK,🇸🇰 Slovakia,Akamai,Local,51
SK,🇸🇰 Slovakia,Akamai,Local,51
SK,🇸🇰 Slovakia,Akamai,Local,51
SK,🇸🇰 Slovakia,Akamai,Local,51
SK,🇸🇰 Slovakia,Alibaba,External,1
SK,🇸🇰 Slovakia,Alibaba,External,1
SK,🇸🇰 Slovakia,Alibaba,External,1
SK,🇸🇰 Slovakia,Alibaba,External,1
SK,🇸🇰 Slovakia,Alibaba,External,1
SK,🇸🇰 Slovakia,Alibaba,External,1
SK,🇸🇰 Slovakia,Alibaba,External,1
SK,🇸🇰 Slovakia,Alibaba,External,1
SK,🇸🇰 Slovakia,Amazon,External,38
SK,🇸🇰 Slovakia,Amazon,External,38
SK,🇸🇰 Slovakia,Amazon,External,38
SK,🇸🇰 Slovakia,Amazon,External,38
SK,🇸🇰 Slovakia,Amazon,External,38
SK,🇸🇰 Slovakia,Amazon,External,38
SK,🇸🇰 Slovakia,Amazon,External,38
SK,🇸🇰 Slovakia,Amazon,External,38
SK,🇸🇰 Slovakia,Cloudflare,Local,148
SK,🇸🇰 Slovakia,Cloudflare,External,165
SK,🇸🇰 Slovakia,Cloudflare,Local,148
SK,🇸🇰 Slovakia,Cloudflare,External,165
SK,🇸🇰 Slovakia,Cloudflare,Local,148
SK,🇸🇰 Slovakia,Cloudflare,External,165
SK,🇸🇰 Slovakia,Cloudflare,Local,148
SK,🇸🇰 Slovakia,Cloudflare,External,165
SK,🇸🇰 Slovakia,Cloudflare,Local,148
SK,🇸🇰 Slovakia,Cloudflare,External,165
SK,🇸🇰 Slovakia,Cloudflare,Local,148
SK,🇸🇰 Slovakia,Cloudflare,External,165
SK,🇸🇰 Slovakia,Cloudflare,Local,148
SK,🇸🇰 Slovakia,Cloudflare,External,165
SK,🇸🇰 Slovakia,Cloudflare,Local,148
SK,🇸🇰 Slovakia,Cloudflare,External,165
SK,🇸🇰 Slovakia,Facebook,External,4
SK,🇸🇰 Slovakia,Facebook,External,4
SK,🇸🇰 Slovakia,Facebook,External,4
SK,🇸🇰 Slovakia,Facebook,External,4
SK,🇸🇰 Slovakia,Facebook,External,4
SK,🇸🇰 Slovakia,Facebook,External,4
SK,🇸🇰 Slovakia,Facebook,External,4
SK,🇸🇰 Slovakia,Facebook,External,4
SK,🇸🇰 Slovakia,Fastly,External,9
SK,🇸🇰 Slovakia,Fastly,External,9
SK,🇸🇰 Slovakia,Fastly,External,9
SK,🇸🇰 Slovakia,Fastly,External,9
SK,🇸🇰 Slovakia,Fastly,External,9
SK,🇸🇰 Slovakia,Fastly,External,9
SK,🇸🇰 Slovakia,Fastly,External,9
SK,🇸🇰 Slovakia,Fastly,External,9
SK,🇸🇰 Slovakia,Microsoft,External,17
SK,🇸🇰 Slovakia,Microsoft,External,17
SK,🇸🇰 Slovakia,Microsoft,External,17
SK,🇸🇰 Slovakia,Microsoft,External,17
SK,🇸🇰 Slovakia,Microsoft,External,17
SK,🇸🇰 Slovakia,Microsoft,External,17
SK,🇸🇰 Slovakia,Microsoft,External,17
SK,🇸🇰 Slovakia,Microsoft,External,17
SK,🇸🇰 Slovakia,Other,Local,206
SK,🇸🇰 Slovakia,Other,External,361
SI,🇸🇮 Slovenia,Akamai,Local,48
SI,🇸🇮 Slovenia,Akamai,Local,48
SI,🇸🇮 Slovenia,Akamai,Local,48
SI,🇸🇮 Slovenia,Akamai,Local,48
SI,🇸🇮 Slovenia,Akamai,Local,48
SI,🇸🇮 Slovenia,Amazon,External,40
SI,🇸🇮 Slovenia,Amazon,External,40
SI,🇸🇮 Slovenia,Amazon,External,40
SI,🇸🇮 Slovenia,Amazon,External,40
SI,🇸🇮 Slovenia,Amazon,External,40
SI,🇸🇮 Slovenia,Bunnycdn,External,1
SI,🇸🇮 Slovenia,Bunnycdn,External,1
SI,🇸🇮 Slovenia,Bunnycdn,External,1
SI,🇸🇮 Slovenia,Bunnycdn,External,1
SI,🇸🇮 Slovenia,Bunnycdn,External,1
SI,🇸🇮 Slovenia,Cdn77,External,3
SI,🇸🇮 Slovenia,Cdn77,External,3
SI,🇸🇮 Slovenia,Cdn77,External,3
SI,🇸🇮 Slovenia,Cdn77,External,3
SI,🇸🇮 Slovenia,Cdn77,External,3
SI,🇸🇮 Slovenia,Cloudflare,External,318
SI,🇸🇮 Slovenia,Cloudflare,External,318
SI,🇸🇮 Slovenia,Cloudflare,External,318
SI,🇸🇮 Slovenia,Cloudflare,External,318
SI,🇸🇮 Slovenia,Cloudflare,External,318
SI,🇸🇮 Slovenia,Facebook,External,6
SI,🇸🇮 Slovenia,Facebook,External,6
SI,🇸🇮 Slovenia,Facebook,External,6
SI,🇸🇮 Slovenia,Facebook,External,6
SI,🇸🇮 Slovenia,Facebook,External,6
SI,🇸🇮 Slovenia,Fastly,External,31
SI,🇸🇮 Slovenia,Fastly,External,31
SI,🇸🇮 Slovenia,Fastly,External,31
SI,🇸🇮 Slovenia,Fastly,External,31
SI,🇸🇮 Slovenia,Fastly,External,31
SI,🇸🇮 Slovenia,Microsoft,External,18
SI,🇸🇮 Slovenia,Microsoft,External,18
SI,🇸🇮 Slovenia,Microsoft,External,18
SI,🇸🇮 Slovenia,Microsoft,External,18
SI,🇸🇮 Slovenia,Microsoft,External,18
SI,🇸🇮 Slovenia,Other,Local,309
SI,🇸🇮 Slovenia,Other,External,225
SB,🇸🇧 Solomon Islands,Akamai,External,83
SB,🇸🇧 Solomon Islands,Akamai,External,83
SB,🇸🇧 Solomon Islands,Alibaba,External,6
SB,🇸🇧 Solomon Islands,Alibaba,External,6
SB,🇸🇧 Solomon Islands,Amazon,External,114
SB,🇸🇧 Solomon Islands,Amazon,External,114
SB,🇸🇧 Solomon Islands,Cdn77,External,2
SB,🇸🇧 Solomon Islands,Cdn77,External,2
SB,🇸🇧 Solomon Islands,Cloudflare,External,406
SB,🇸🇧 Solomon Islands,Cloudflare,External,406
SB,🇸🇧 Solomon Islands,Facebook,External,11
SB,🇸🇧 Solomon Islands,Facebook,External,11
SB,🇸🇧 Solomon Islands,Fastly,External,45
SB,🇸🇧 Solomon Islands,Fastly,External,45
SB,🇸🇧 Solomon Islands,Microsoft,External,16
SB,🇸🇧 Solomon Islands,Microsoft,External,16
SB,🇸🇧 Solomon Islands,Other,Local,10
SB,🇸🇧 Solomon Islands,Other,External,303
SO,🇸🇴 Somalia,Akamai,External,46
SO,🇸🇴 Somalia,Akamai,External,46
SO,🇸🇴 Somalia,Akamai,External,46
SO,🇸🇴 Somalia,Alibaba,External,1
SO,🇸🇴 Somalia,Alibaba,External,1
SO,🇸🇴 Somalia,Amazon,External,66
SO,🇸🇴 Somalia,Amazon,External,66
SO,🇸🇴 Somalia,Amazon,External,66
SO,🇸🇴 Somalia,Cloudflare,External,520
SO,🇸🇴 Somalia,Cloudflare,External,520
SO,🇸🇴 Somalia,Cloudflare,External,520
SO,🇸🇴 Somalia,Facebook,External,8
SO,🇸🇴 Somalia,Facebook,External,8
SO,🇸🇴 Somalia,Facebook,External,8
SO,🇸🇴 Somalia,Fastly,External,22
SO,🇸🇴 Somalia,Fastly,External,22
SO,🇸🇴 Somalia,Fastly,External,22
SO,🇸🇴 Somalia,Microsoft,External,11
SO,🇸🇴 Somalia,Microsoft,External,11
SO,🇸🇴 Somalia,Microsoft,External,11
SO,🇸🇴 Somalia,Other,Local,20
SO,🇸🇴 Somalia,Other,External,306
ZA,🇿🇦 South Africa,Akamai,Local,57
ZA,🇿🇦 South Africa,Akamai,Local,57
ZA,🇿🇦 South Africa,Akamai,Local,57
ZA,🇿🇦 South Africa,Akamai,Local,57
ZA,🇿🇦 South Africa,Akamai,Local,57
ZA,🇿🇦 South Africa,Akamai,Local,57
ZA,🇿🇦 South Africa,Akamai,Local,57
ZA,🇿🇦 South Africa,Akamai,Local,57
ZA,🇿🇦 South Africa,Akamai,Local,57
ZA,🇿🇦 South Africa,Akamai,Local,57
ZA,🇿🇦 South Africa,Akamai,Local,57
ZA,🇿🇦 South Africa,Akamai,Local,57
ZA,🇿🇦 South Africa,Akamai,Local,57
ZA,🇿🇦 South Africa,Akamai,Local,57
ZA,🇿🇦 South Africa,Alibaba,External,1
ZA,🇿🇦 South Africa,Alibaba,External,1
ZA,🇿🇦 South Africa,Alibaba,External,1
ZA,🇿🇦 South Africa,Alibaba,External,1
ZA,🇿🇦 South Africa,Alibaba,External,1
ZA,🇿🇦 South Africa,Alibaba,External,1
ZA,🇿🇦 South Africa,Alibaba,External,1
ZA,🇿🇦 South Africa,Alibaba,External,1
ZA,🇿🇦 South Africa,Alibaba,External,1
ZA,🇿🇦 South Africa,Alibaba,External,1
ZA,🇿🇦 South Africa,Alibaba,External,1
ZA,🇿🇦 South Africa,Alibaba,External,1
ZA,🇿🇦 South Africa,Alibaba,External,1
ZA,🇿🇦 South Africa,Alibaba,External,1
ZA,🇿🇦 South Africa,Amazon,Local,3
ZA,🇿🇦 South Africa,Amazon,External,115
ZA,🇿🇦 South Africa,Amazon,Local,3
ZA,🇿🇦 South Africa,Amazon,External,115
ZA,🇿🇦 South Africa,Amazon,Local,3
ZA,🇿🇦 South Africa,Amazon,External,115
ZA,🇿🇦 South Africa,Amazon,Local,3
ZA,🇿🇦 South Africa,Amazon,External,115
ZA,🇿🇦 South Africa,Amazon,Local,3
ZA,🇿🇦 South Africa,Amazon,External,115
ZA,🇿🇦 South Africa,Amazon,Local,3
ZA,🇿🇦 South Africa,Amazon,External,115
ZA,🇿🇦 South Africa,Amazon,Local,3
ZA,🇿🇦 South Africa,Amazon,External,115
ZA,🇿🇦 South Africa,Amazon,Local,3
ZA,🇿🇦 South Africa,Amazon,External,115
ZA,🇿🇦 South Africa,Amazon,Local,3
ZA,🇿🇦 South Africa,Amazon,External,115
ZA,🇿🇦 South Africa,Amazon,Local,3
ZA,🇿🇦 South Africa,Amazon,External,115
ZA,🇿🇦 South Africa,Amazon,Local,3
ZA,🇿🇦 South Africa,Amazon,External,115
ZA,🇿🇦 South Africa,Amazon,Local,3
ZA,🇿🇦 South Africa,Amazon,External,115
ZA,🇿🇦 South Africa,Amazon,Local,3
ZA,🇿🇦 South Africa,Amazon,External,115
ZA,🇿🇦 South Africa,Amazon,Local,3
ZA,🇿🇦 South Africa,Amazon,External,115
ZA,🇿🇦 South Africa,Cloudflare,Local,432
ZA,🇿🇦 South Africa,Cloudflare,Local,432
ZA,🇿🇦 South Africa,Cloudflare,Local,432
ZA,🇿🇦 South Africa,Cloudflare,Local,432
ZA,🇿🇦 South Africa,Cloudflare,Local,432
ZA,🇿🇦 South Africa,Cloudflare,Local,432
ZA,🇿🇦 South Africa,Cloudflare,Local,432
ZA,🇿🇦 South Africa,Cloudflare,Local,432
ZA,🇿🇦 South Africa,Cloudflare,Local,432
ZA,🇿🇦 South Africa,Cloudflare,Local,432
ZA,🇿🇦 South Africa,Cloudflare,Local,432
ZA,🇿🇦 South Africa,Cloudflare,Local,432
ZA,🇿🇦 South Africa,Cloudflare,Local,432
ZA,🇿🇦 South Africa,Cloudflare,Local,432
ZA,🇿🇦 South Africa,Facebook,External,7
ZA,🇿🇦 South Africa,Facebook,External,7
ZA,🇿🇦 South Africa,Facebook,External,7
ZA,🇿🇦 South Africa,Facebook,External,7
ZA,🇿🇦 South Africa,Facebook,External,7
ZA,🇿🇦 South Africa,Facebook,External,7
ZA,🇿🇦 South Africa,Facebook,External,7
ZA,🇿🇦 South Africa,Facebook,External,7
ZA,🇿🇦 South Africa,Facebook,External,7
ZA,🇿🇦 South Africa,Facebook,External,7
ZA,🇿🇦 South Africa,Facebook,External,7
ZA,🇿🇦 South Africa,Facebook,External,7
ZA,🇿🇦 South Africa,Facebook,External,7
ZA,🇿🇦 South Africa,Facebook,External,7
ZA,🇿🇦 South Africa,Fastly,Local,23
ZA,🇿🇦 South Africa,Fastly,External,2
ZA,🇿🇦 South Africa,Fastly,Local,23
ZA,🇿🇦 South Africa,Fastly,External,2
ZA,🇿🇦 South Africa,Fastly,Local,23
ZA,🇿🇦 South Africa,Fastly,External,2
ZA,🇿🇦 South Africa,Fastly,Local,23
ZA,🇿🇦 South Africa,Fastly,External,2
ZA,🇿🇦 South Africa,Fastly,Local,23
ZA,🇿🇦 South Africa,Fastly,External,2
ZA,🇿🇦 South Africa,Fastly,Local,23
ZA,🇿🇦 South Africa,Fastly,External,2
ZA,🇿🇦 South Africa,Fastly,Local,23
ZA,🇿🇦 South Africa,Fastly,External,2
ZA,🇿🇦 South Africa,Fastly,Local,23
ZA,🇿🇦 South Africa,Fastly,External,2
ZA,🇿🇦 South Africa,Fastly,Local,23
ZA,🇿🇦 South Africa,Fastly,External,2
ZA,🇿🇦 South Africa,Fastly,Local,23
ZA,🇿🇦 South Africa,Fastly,External,2
ZA,🇿🇦 South Africa,Fastly,Local,23
ZA,🇿🇦 South Africa,Fastly,External,2
ZA,🇿🇦 South Africa,Fastly,Local,23
ZA,🇿🇦 South Africa,Fastly,External,2
ZA,🇿🇦 South Africa,Fastly,Local,23
ZA,🇿🇦 South Africa,Fastly,External,2
ZA,🇿🇦 South Africa,Microsoft,Local,57
ZA,🇿🇦 South Africa,Microsoft,Local,57
ZA,🇿🇦 South Africa,Microsoft,Local,57
ZA,🇿🇦 South Africa,Microsoft,Local,57
ZA,🇿🇦 South Africa,Microsoft,Local,57
ZA,🇿🇦 South Africa,Microsoft,Local,57
ZA,🇿🇦 South Africa,Microsoft,Local,57
ZA,🇿🇦 South Africa,Microsoft,Local,57
ZA,🇿🇦 South Africa,Microsoft,Local,57
ZA,🇿🇦 South Africa,Microsoft,Local,57
ZA,🇿🇦 South Africa,Microsoft,Local,57
ZA,🇿🇦 South Africa,Microsoft,Local,57
ZA,🇿🇦 South Africa,Microsoft,Local,57
ZA,🇿🇦 South Africa,Microsoft,Local,57
ZA,🇿🇦 South Africa,Other,Local,142
ZA,🇿🇦 South Africa,Other,External,161
KR,🇰🇷 South Korea,Akamai,Local,65
KR,🇰🇷 South Korea,Akamai,Local,65
KR,🇰🇷 South Korea,Akamai,Local,65
KR,🇰🇷 South Korea,Akamai,Local,65
KR,🇰🇷 South Korea,Akamai,Local,65
KR,🇰🇷 South Korea,Akamai,Local,65
KR,🇰🇷 South Korea,Alibaba,External,1
KR,🇰🇷 South Korea,Alibaba,External,1
KR,🇰🇷 South Korea,Alibaba,External,1
KR,🇰🇷 South Korea,Alibaba,External,1
KR,🇰🇷 South Korea,Alibaba,External,1
KR,🇰🇷 South Korea,Alibaba,External,1
KR,🇰🇷 South Korea,Amazon,Local,60
KR,🇰🇷 South Korea,Amazon,Regional,61
KR,🇰🇷 South Korea,Amazon,Local,60
KR,🇰🇷 South Korea,Amazon,Regional,61
KR,🇰🇷 South Korea,Amazon,Local,60
KR,🇰🇷 South Korea,Amazon,Regional,61
KR,🇰🇷 South Korea,Amazon,Local,60
KR,🇰🇷 South Korea,Amazon,Regional,61
KR,🇰🇷 South Korea,Amazon,Local,60
KR,🇰🇷 South Korea,Amazon,Regional,61
KR,🇰🇷 South Korea,Amazon,Local,60
KR,🇰🇷 South Korea,Amazon,Regional,61
KR,🇰🇷 South Korea,Chinanetcenter,Local,1
KR,🇰🇷 South Korea,Chinanetcenter,External,1
KR,🇰🇷 South Korea,Chinanetcenter,Local,1
KR,🇰🇷 South Korea,Chinanetcenter,External,1
KR,🇰🇷 South Korea,Chinanetcenter,Local,1
KR,🇰🇷 South Korea,Chinanetcenter,External,1
KR,🇰🇷 South Korea,Chinanetcenter,Local,1
KR,🇰🇷 South Korea,Chinanetcenter,External,1
KR,🇰🇷 South Korea,Chinanetcenter,Local,1
KR,🇰🇷 South Korea,Chinanetcenter,External,1
KR,🇰🇷 South Korea,Chinanetcenter,Local,1
KR,🇰🇷 South Korea,Chinanetcenter,External,1
KR,🇰🇷 South Korea,Cloudflare,Local,338
KR,🇰🇷 South Korea,Cloudflare,Local,338
KR,🇰🇷 South Korea,Cloudflare,Local,338
KR,🇰🇷 South Korea,Cloudflare,Local,338
KR,🇰🇷 South Korea,Cloudflare,Local,338
KR,🇰🇷 South Korea,Cloudflare,Local,338
KR,🇰🇷 South Korea,Facebook,External,5
KR,🇰🇷 South Korea,Facebook,External,5
KR,🇰🇷 South Korea,Facebook,External,5
KR,🇰🇷 South Korea,Facebook,External,5
KR,🇰🇷 South Korea,Facebook,External,5
KR,🇰🇷 South Korea,Facebook,External,5
KR,🇰🇷 South Korea,Fastly,Local,4
KR,🇰🇷 South Korea,Fastly,Local,4
KR,🇰🇷 South Korea,Fastly,Local,4
KR,🇰🇷 South Korea,Fastly,Local,4
KR,🇰🇷 South Korea,Fastly,Local,4
KR,🇰🇷 South Korea,Fastly,Local,4
KR,🇰🇷 South Korea,Microsoft,Local,2
KR,🇰🇷 South Korea,Microsoft,Local,2
KR,🇰🇷 South Korea,Microsoft,Local,2
KR,🇰🇷 South Korea,Microsoft,Local,2
KR,🇰🇷 South Korea,Microsoft,Local,2
KR,🇰🇷 South Korea,Microsoft,Local,2
KR,🇰🇷 South Korea,Other,Local,363
KR,🇰🇷 South Korea,Other,External,99
SS,🇸🇸 South Sudan,Akamai,External,70
SS,🇸🇸 South Sudan,Akamai,External,70
SS,🇸🇸 South Sudan,Akamai,External,70
SS,🇸🇸 South Sudan,Alibaba,External,3
SS,🇸🇸 South Sudan,Alibaba,External,3
SS,🇸🇸 South Sudan,Alibaba,External,3
SS,🇸🇸 South Sudan,Amazon,External,88
SS,🇸🇸 South Sudan,Amazon,External,88
SS,🇸🇸 South Sudan,Amazon,External,88
SS,🇸🇸 South Sudan,Cloudflare,Regional,278
SS,🇸🇸 South Sudan,Cloudflare,External,200
SS,🇸🇸 South Sudan,Cloudflare,Regional,278
SS,🇸🇸 South Sudan,Cloudflare,External,200
SS,🇸🇸 South Sudan,Cloudflare,Regional,278
SS,🇸🇸 South Sudan,Cloudflare,External,200
SS,🇸🇸 South Sudan,Facebook,External,15
SS,🇸🇸 South Sudan,Facebook,External,15
SS,🇸🇸 South Sudan,Facebook,External,15
SS,🇸🇸 South Sudan,Fastly,Regional,1
SS,🇸🇸 South Sudan,Fastly,External,31
SS,🇸🇸 South Sudan,Fastly,Regional,1
SS,🇸🇸 South Sudan,Fastly,External,31
SS,🇸🇸 South Sudan,Fastly,Regional,1
SS,🇸🇸 South Sudan,Fastly,External,31
SS,🇸🇸 South Sudan,Gcore,External,1
SS,🇸🇸 South Sudan,Microsoft,External,20
SS,🇸🇸 South Sudan,Microsoft,External,20
SS,🇸🇸 South Sudan,Microsoft,External,20
SS,🇸🇸 South Sudan,Other,Local,2
SS,🇸🇸 South Sudan,Other,External,290
ES,🇪🇸 Spain,Akamai,Local,129
ES,🇪🇸 Spain,Akamai,Local,129
ES,🇪🇸 Spain,Akamai,Local,129
ES,🇪🇸 Spain,Akamai,Local,129
ES,🇪🇸 Spain,Akamai,Local,129
ES,🇪🇸 Spain,Akamai,Local,129
ES,🇪🇸 Spain,Akamai,Local,129
ES,🇪🇸 Spain,Akamai,Local,129
ES,🇪🇸 Spain,Akamai,Local,129
ES,🇪🇸 Spain,Alibaba,External,1
ES,🇪🇸 Spain,Alibaba,External,1
ES,🇪🇸 Spain,Alibaba,External,1
ES,🇪🇸 Spain,Alibaba,External,1
ES,🇪🇸 Spain,Alibaba,External,1
ES,🇪🇸 Spain,Alibaba,External,1
ES,🇪🇸 Spain,Alibaba,External,1
ES,🇪🇸 Spain,Alibaba,External,1
ES,🇪🇸 Spain,Alibaba,External,1
ES,🇪🇸 Spain,Amazon,Local,19
ES,🇪🇸 Spain,Amazon,External,126
ES,🇪🇸 Spain,Amazon,Local,19
ES,🇪🇸 Spain,Amazon,External,126
ES,🇪🇸 Spain,Amazon,Local,19
ES,🇪🇸 Spain,Amazon,External,126
ES,🇪🇸 Spain,Amazon,Local,19
ES,🇪🇸 Spain,Amazon,External,126
ES,🇪🇸 Spain,Amazon,Local,19
ES,🇪🇸 Spain,Amazon,External,126
ES,🇪🇸 Spain,Amazon,Local,19
ES,🇪🇸 Spain,Amazon,External,126
ES,🇪🇸 Spain,Amazon,Local,19
ES,🇪🇸 Spain,Amazon,External,126
ES,🇪🇸 Spain,Amazon,Local,19
ES,🇪🇸 Spain,Amazon,External,126
ES,🇪🇸 Spain,Amazon,Local,19
ES,🇪🇸 Spain,Amazon,External,126
ES,🇪🇸 Spain,Bunnycdn,External,1
ES,🇪🇸 Spain,Bunnycdn,External,1
ES,🇪🇸 Spain,Bunnycdn,External,1
ES,🇪🇸 Spain,Bunnycdn,External,1
ES,🇪🇸 Spain,Bunnycdn,External,1
ES,🇪🇸 Spain,Bunnycdn,External,1
ES,🇪🇸 Spain,Bunnycdn,External,1
ES,🇪🇸 Spain,Bunnycdn,External,1
ES,🇪🇸 Spain,Bunnycdn,External,1
ES,🇪🇸 Spain,Cdn77,External,20
ES,🇪🇸 Spain,Cdn77,External,20
ES,🇪🇸 Spain,Cdn77,External,20
ES,🇪🇸 Spain,Cdn77,External,20
ES,🇪🇸 Spain,Cdn77,External,20
ES,🇪🇸 Spain,Cdn77,External,20
ES,🇪🇸 Spain,Cdn77,External,20
ES,🇪🇸 Spain,Cdn77,External,20
ES,🇪🇸 Spain,Cdn77,External,20
ES,🇪🇸 Spain,Cloudflare,Local,310
ES,🇪🇸 Spain,Cloudflare,Local,310
ES,🇪🇸 Spain,Cloudflare,Local,310
ES,🇪🇸 Spain,Cloudflare,Local,310
ES,🇪🇸 Spain,Cloudflare,Local,310
ES,🇪🇸 Spain,Cloudflare,Local,310
ES,🇪🇸 Spain,Cloudflare,Local,310
ES,🇪🇸 Spain,Cloudflare,Local,310
ES,🇪🇸 Spain,Cloudflare,Local,310
ES,🇪🇸 Spain,Facebook,External,6
ES,🇪🇸 Spain,Facebook,External,6
ES,🇪🇸 Spain,Facebook,External,6
ES,🇪🇸 Spain,Facebook,External,6
ES,🇪🇸 Spain,Facebook,External,6
ES,🇪🇸 Spain,Facebook,External,6
ES,🇪🇸 Spain,Facebook,External,6
ES,🇪🇸 Spain,Facebook,External,6
ES,🇪🇸 Spain,Facebook,External,6
ES,🇪🇸 Spain,Fastly,Local,101
ES,🇪🇸 Spain,Fastly,Local,101
ES,🇪🇸 Spain,Fastly,Local,101
ES,🇪🇸 Spain,Fastly,Local,101
ES,🇪🇸 Spain,Fastly,Local,101
ES,🇪🇸 Spain,Fastly,Local,101
ES,🇪🇸 Spain,Fastly,Local,101
ES,🇪🇸 Spain,Fastly,Local,101
ES,🇪🇸 Spain,Fastly,Local,101
ES,🇪🇸 Spain,Microsoft,Local,14
ES,🇪🇸 Spain,Microsoft,Local,14
ES,🇪🇸 Spain,Microsoft,Local,14
ES,🇪🇸 Spain,Microsoft,Local,14
ES,🇪🇸 Spain,Microsoft,Local,14
ES,🇪🇸 Spain,Microsoft,Local,14
ES,🇪🇸 Spain,Microsoft,Local,14
ES,🇪🇸 Spain,Microsoft,Local,14
ES,🇪🇸 Spain,Microsoft,Local,14
ES,🇪🇸 Spain,Other,Local,129
ES,🇪🇸 Spain,Other,External,144
LK,🇱🇰 Sri Lanka,Akamai,Local,48
LK,🇱🇰 Sri Lanka,Akamai,Local,48
LK,🇱🇰 Sri Lanka,Akamai,Local,48
LK,🇱🇰 Sri Lanka,Alibaba,External,6
LK,🇱🇰 Sri Lanka,Alibaba,External,6
LK,🇱🇰 Sri Lanka,Alibaba,External,6
LK,🇱🇰 Sri Lanka,Amazon,External,85
LK,🇱🇰 Sri Lanka,Amazon,External,85
LK,🇱🇰 Sri Lanka,Amazon,External,85
LK,🇱🇰 Sri Lanka,Cloudflare,Local,140
LK,🇱🇰 Sri Lanka,Cloudflare,External,309
LK,🇱🇰 Sri Lanka,Cloudflare,Local,140
LK,🇱🇰 Sri Lanka,Cloudflare,External,309
LK,🇱🇰 Sri Lanka,Cloudflare,Local,140
LK,🇱🇰 Sri Lanka,Cloudflare,External,309
LK,🇱🇰 Sri Lanka,Facebook,External,10
LK,🇱🇰 Sri Lanka,Facebook,External,10
LK,🇱🇰 Sri Lanka,Facebook,External,10
LK,🇱🇰 Sri Lanka,Fastly,External,13
LK,🇱🇰 Sri Lanka,Fastly,External,13
LK,🇱🇰 Sri Lanka,Fastly,External,13
LK,🇱🇰 Sri Lanka,Microsoft,External,21
LK,🇱🇰 Sri Lanka,Microsoft,External,21
LK,🇱🇰 Sri Lanka,Microsoft,External,21
LK,🇱🇰 Sri Lanka,Other,Local,86
LK,🇱🇰 Sri Lanka,Other,External,281
SD,🇸🇩 Sudan,Akamai,External,34
SD,🇸🇩 Sudan,Akamai,External,34
SD,🇸🇩 Sudan,Amazon,External,35
SD,🇸🇩 Sudan,Amazon,External,35
SD,🇸🇩 Sudan,Cloudflare,External,527
SD,🇸🇩 Sudan,Cloudflare,External,527
SD,🇸🇩 Sudan,Facebook,External,9
SD,🇸🇩 Sudan,Facebook,External,9
SD,🇸🇩 Sudan,Fastly,External,10
SD,🇸🇩 Sudan,Fastly,External,10
SD,🇸🇩 Sudan,Microsoft,External,11
SD,🇸🇩 Sudan,Microsoft,External,11
SD,🇸🇩 Sudan,Other,Local,22
SD,🇸🇩 Sudan,Other,External,349
SR,🇸🇷 Suriname,Akamai,Local,92
SR,🇸🇷 Suriname,Akamai,Local,92
SR,🇸🇷 Suriname,Alibaba,External,1
SR,🇸🇷 Suriname,Alibaba,External,1
SR,🇸🇷 Suriname,Amazon,Regional,1
SR,🇸🇷 Suriname,Amazon,External,76
SR,🇸🇷 Suriname,Amazon,Regional,1
SR,🇸🇷 Suriname,Amazon,External,76
SR,🇸🇷 Suriname,Cdn77,External,1
SR,🇸🇷 Suriname,Cdn77,External,1
SR,🇸🇷 Suriname,Cloudflare,Local,440
SR,🇸🇷 Suriname,Cloudflare,Regional,5
SR,🇸🇷 Suriname,Cloudflare,Local,440
SR,🇸🇷 Suriname,Cloudflare,Regional,5
SR,🇸🇷 Suriname,Facebook,External,9
SR,🇸🇷 Suriname,Facebook,External,9
SR,🇸🇷 Suriname,Fastly,External,29
SR,🇸🇷 Suriname,Fastly,External,29
SR,🇸🇷 Suriname,Microsoft,External,16
SR,🇸🇷 Suriname,Microsoft,External,16
SR,🇸🇷 Suriname,Other,Local,23
SR,🇸🇷 Suriname,Other,External,306
SJ,🇸🇯 Svalbard and Jan Mayen,Other,Local,0
SJ,🇸🇯 Svalbard and Jan Mayen,Other,External,53
SE,🇸🇪 Sweden,Akamai,Local,63
SE,🇸🇪 Sweden,Akamai,Local,63
SE,🇸🇪 Sweden,Akamai,Local,63
SE,🇸🇪 Sweden,Akamai,Local,63
SE,🇸🇪 Sweden,Akamai,Local,63
SE,🇸🇪 Sweden,Akamai,Local,63
SE,🇸🇪 Sweden,Akamai,Local,63
SE,🇸🇪 Sweden,Amazon,Local,50
SE,🇸🇪 Sweden,Amazon,Regional,94
SE,🇸🇪 Sweden,Amazon,Local,50
SE,🇸🇪 Sweden,Amazon,Regional,94
SE,🇸🇪 Sweden,Amazon,Local,50
SE,🇸🇪 Sweden,Amazon,Regional,94
SE,🇸🇪 Sweden,Amazon,Local,50
SE,🇸🇪 Sweden,Amazon,Regional,94
SE,🇸🇪 Sweden,Amazon,Local,50
SE,🇸🇪 Sweden,Amazon,Regional,94
SE,🇸🇪 Sweden,Amazon,Local,50
SE,🇸🇪 Sweden,Amazon,Regional,94
SE,🇸🇪 Sweden,Amazon,Local,50
SE,🇸🇪 Sweden,Amazon,Regional,94
SE,🇸🇪 Sweden,Cloudflare,Local,289
SE,🇸🇪 Sweden,Cloudflare,Regional,15
SE,🇸🇪 Sweden,Cloudflare,Local,289
SE,🇸🇪 Sweden,Cloudflare,Regional,15
SE,🇸🇪 Sweden,Cloudflare,Local,289
SE,🇸🇪 Sweden,Cloudflare,Regional,15
SE,🇸🇪 Sweden,Cloudflare,Local,289
SE,🇸🇪 Sweden,Cloudflare,Regional,15
SE,🇸🇪 Sweden,Cloudflare,Local,289
SE,🇸🇪 Sweden,Cloudflare,Regional,15
SE,🇸🇪 Sweden,Cloudflare,Local,289
SE,🇸🇪 Sweden,Cloudflare,Regional,15
SE,🇸🇪 Sweden,Cloudflare,Local,289
SE,🇸🇪 Sweden,Cloudflare,Regional,15
SE,🇸🇪 Sweden,Facebook,External,5
SE,🇸🇪 Sweden,Facebook,External,5
SE,🇸🇪 Sweden,Facebook,External,5
SE,🇸🇪 Sweden,Facebook,External,5
SE,🇸🇪 Sweden,Facebook,External,5
SE,🇸🇪 Sweden,Facebook,External,5
SE,🇸🇪 Sweden,Facebook,External,5
SE,🇸🇪 Sweden,Fastly,Local,62
SE,🇸🇪 Sweden,Fastly,Regional,41
SE,🇸🇪 Sweden,Fastly,Local,62
SE,🇸🇪 Sweden,Fastly,Regional,41
SE,🇸🇪 Sweden,Fastly,Local,62
SE,🇸🇪 Sweden,Fastly,Regional,41
SE,🇸🇪 Sweden,Fastly,Local,62
SE,🇸🇪 Sweden,Fastly,Regional,41
SE,🇸🇪 Sweden,Fastly,Local,62
SE,🇸🇪 Sweden,Fastly,Regional,41
SE,🇸🇪 Sweden,Fastly,Local,62
SE,🇸🇪 Sweden,Fastly,Regional,41
SE,🇸🇪 Sweden,Fastly,Local,62
SE,🇸🇪 Sweden,Fastly,Regional,41
SE,🇸🇪 Sweden,Microsoft,Local,41
SE,🇸🇪 Sweden,Microsoft,Local,41
SE,🇸🇪 Sweden,Microsoft,Local,41
SE,🇸🇪 Sweden,Microsoft,Local,41
SE,🇸🇪 Sweden,Microsoft,Local,41
SE,🇸🇪 Sweden,Microsoft,Local,41
SE,🇸🇪 Sweden,Microsoft,Local,41
SE,🇸🇪 Sweden,Other,Local,196
SE,🇸🇪 Sweden,Other,External,144
CH,🇨🇭 Switzerland,Akamai,Local,133
CH,🇨🇭 Switzerland,Akamai,Local,133
CH,🇨🇭 Switzerland,Akamai,Local,133
CH,🇨🇭 Switzerland,Akamai,Local,133
CH,🇨🇭 Switzerland,Akamai,Local,133
CH,🇨🇭 Switzerland,Akamai,Local,133
CH,🇨🇭 Switzerland,Amazon,Regional,67
CH,🇨🇭 Switzerland,Amazon,External,49
CH,🇨🇭 Switzerland,Amazon,Regional,67
CH,🇨🇭 Switzerland,Amazon,External,49
CH,🇨🇭 Switzerland,Amazon,Regional,67
CH,🇨🇭 Switzerland,Amazon,External,49
CH,🇨🇭 Switzerland,Amazon,Regional,67
CH,🇨🇭 Switzerland,Amazon,External,49
CH,🇨🇭 Switzerland,Amazon,Regional,67
CH,🇨🇭 Switzerland,Amazon,External,49
CH,🇨🇭 Switzerland,Amazon,Regional,67
CH,🇨🇭 Switzerland,Amazon,External,49
CH,🇨🇭 Switzerland,Cdn77,Regional,2
CH,🇨🇭 Switzerland,Cdn77,Regional,2
CH,🇨🇭 Switzerland,Cdn77,Regional,2
CH,🇨🇭 Switzerland,Cdn77,Regional,2
CH,🇨🇭 Switzerland,Cdn77,Regional,2
CH,🇨🇭 Switzerland,Cdn77,Regional,2
CH,🇨🇭 Switzerland,Cloudflare,Local,321
CH,🇨🇭 Switzerland,Cloudflare,Local,321
CH,🇨🇭 Switzerland,Cloudflare,Local,321
CH,🇨🇭 Switzerland,Cloudflare,Local,321
CH,🇨🇭 Switzerland,Cloudflare,Local,321
CH,🇨🇭 Switzerland,Cloudflare,Local,321
CH,🇨🇭 Switzerland,Facebook,External,7
CH,🇨🇭 Switzerland,Facebook,External,7
CH,🇨🇭 Switzerland,Facebook,External,7
CH,🇨🇭 Switzerland,Facebook,External,7
CH,🇨🇭 Switzerland,Facebook,External,7
CH,🇨🇭 Switzerland,Facebook,External,7
CH,🇨🇭 Switzerland,Fastly,Regional,44
CH,🇨🇭 Switzerland,Fastly,Regional,44
CH,🇨🇭 Switzerland,Fastly,Regional,44
CH,🇨🇭 Switzerland,Fastly,Regional,44
CH,🇨🇭 Switzerland,Fastly,Regional,44
CH,🇨🇭 Switzerland,Fastly,Regional,44
CH,🇨🇭 Switzerland,Microsoft,Local,27
CH,🇨🇭 Switzerland,Microsoft,Local,27
CH,🇨🇭 Switzerland,Microsoft,Local,27
CH,🇨🇭 Switzerland,Microsoft,Local,27
CH,🇨🇭 Switzerland,Microsoft,Local,27
CH,🇨🇭 Switzerland,Microsoft,Local,27
CH,🇨🇭 Switzerland,Other,Local,136
CH,🇨🇭 Switzerland,Other,External,214
SY,🇸🇾 Syria,Akamai,External,36
SY,🇸🇾 Syria,Akamai,External,36
SY,🇸🇾 Syria,Amazon,External,47
SY,🇸🇾 Syria,Amazon,External,47
SY,🇸🇾 Syria,Cloudflare,External,579
SY,🇸🇾 Syria,Cloudflare,External,579
SY,🇸🇾 Syria,Facebook,External,7
SY,🇸🇾 Syria,Facebook,External,7
SY,🇸🇾 Syria,Fastly,External,20
SY,🇸🇾 Syria,Fastly,External,20
SY,🇸🇾 Syria,Microsoft,External,7
SY,🇸🇾 Syria,Microsoft,External,7
SY,🇸🇾 Syria,Other,Local,27
SY,🇸🇾 Syria,Other,External,275
TW,🇹🇼 Taiwan,Akamai,Local,89
TW,🇹🇼 Taiwan,Akamai,Local,89
TW,🇹🇼 Taiwan,Akamai,Local,89
TW,🇹🇼 Taiwan,Akamai,Local,89
TW,🇹🇼 Taiwan,Akamai,Local,89
TW,🇹🇼 Taiwan,Akamai,Local,89
TW,🇹🇼 Taiwan,Alibaba,External,14
TW,🇹🇼 Taiwan,Alibaba,External,14
TW,🇹🇼 Taiwan,Alibaba,External,14
TW,🇹🇼 Taiwan,Alibaba,External,14
TW,🇹🇼 Taiwan,Alibaba,External,14
TW,🇹🇼 Taiwan,Alibaba,External,14
TW,🇹🇼 Taiwan,Amazon,Local,7
TW,🇹🇼 Taiwan,Amazon,Regional,114
TW,🇹🇼 Taiwan,Amazon,Local,7
TW,🇹🇼 Taiwan,Amazon,Regional,114
TW,🇹🇼 Taiwan,Amazon,Local,7
TW,🇹🇼 Taiwan,Amazon,Regional,114
TW,🇹🇼 Taiwan,Amazon,Local,7
TW,🇹🇼 Taiwan,Amazon,Regional,114
TW,🇹🇼 Taiwan,Amazon,Local,7
TW,🇹🇼 Taiwan,Amazon,Regional,114
TW,🇹🇼 Taiwan,Amazon,Local,7
TW,🇹🇼 Taiwan,Amazon,Regional,114
TW,🇹🇼 Taiwan,Bunnycdn,Regional,1
TW,🇹🇼 Taiwan,Bunnycdn,Regional,1
TW,🇹🇼 Taiwan,Bunnycdn,Regional,1
TW,🇹🇼 Taiwan,Bunnycdn,Regional,1
TW,🇹🇼 Taiwan,Bunnycdn,Regional,1
TW,🇹🇼 Taiwan,Bunnycdn,Regional,1
TW,🇹🇼 Taiwan,Cdn77,Regional,3
TW,🇹🇼 Taiwan,Cdn77,Regional,3
TW,🇹🇼 Taiwan,Cdn77,Regional,3
TW,🇹🇼 Taiwan,Cdn77,Regional,3
TW,🇹🇼 Taiwan,Cdn77,Regional,3
TW,🇹🇼 Taiwan,Cdn77,Regional,3
TW,🇹🇼 Taiwan,Cloudflare,Local,332
TW,🇹🇼 Taiwan,Cloudflare,Local,332
TW,🇹🇼 Taiwan,Cloudflare,Local,332
TW,🇹🇼 Taiwan,Cloudflare,Local,332
TW,🇹🇼 Taiwan,Cloudflare,Local,332
TW,🇹🇼 Taiwan,Cloudflare,Local,332
TW,🇹🇼 Taiwan,Facebook,External,7
TW,🇹🇼 Taiwan,Facebook,External,7
TW,🇹🇼 Taiwan,Facebook,External,7
TW,🇹🇼 Taiwan,Facebook,External,7
TW,🇹🇼 Taiwan,Facebook,External,7
TW,🇹🇼 Taiwan,Facebook,External,7
TW,🇹🇼 Taiwan,Fastly,Regional,14
TW,🇹🇼 Taiwan,Fastly,Regional,14
TW,🇹🇼 Taiwan,Fastly,Regional,14
TW,🇹🇼 Taiwan,Fastly,Regional,14
TW,🇹🇼 Taiwan,Fastly,Regional,14
TW,🇹🇼 Taiwan,Fastly,Regional,14
TW,🇹🇼 Taiwan,Microsoft,Local,18
TW,🇹🇼 Taiwan,Microsoft,Local,18
TW,🇹🇼 Taiwan,Microsoft,Local,18
TW,🇹🇼 Taiwan,Microsoft,Local,18
TW,🇹🇼 Taiwan,Microsoft,Local,18
TW,🇹🇼 Taiwan,Microsoft,Local,18
TW,🇹🇼 Taiwan,Other,Local,207
TW,🇹🇼 Taiwan,Other,External,193
TJ,🇹🇯 Tajikistan,Akamai,External,34
TJ,🇹🇯 Tajikistan,Akamai,External,34
TJ,🇹🇯 Tajikistan,Akamai,External,34
TJ,🇹🇯 Tajikistan,Akamai,External,34
TJ,🇹🇯 Tajikistan,Akamai,External,34
TJ,🇹🇯 Tajikistan,Alibaba,External,2
TJ,🇹🇯 Tajikistan,Alibaba,External,2
TJ,🇹🇯 Tajikistan,Alibaba,External,2
TJ,🇹🇯 Tajikistan,Alibaba,External,2
TJ,🇹🇯 Tajikistan,Alibaba,External,2
TJ,🇹🇯 Tajikistan,Amazon,External,38
TJ,🇹🇯 Tajikistan,Amazon,External,38
TJ,🇹🇯 Tajikistan,Amazon,External,38
TJ,🇹🇯 Tajikistan,Amazon,External,38
TJ,🇹🇯 Tajikistan,Amazon,External,38
TJ,🇹🇯 Tajikistan,Bunnycdn,External,1
TJ,🇹🇯 Tajikistan,Bunnycdn,External,1
TJ,🇹🇯 Tajikistan,Bunnycdn,External,1
TJ,🇹🇯 Tajikistan,Bunnycdn,External,1
TJ,🇹🇯 Tajikistan,Bunnycdn,External,1
TJ,🇹🇯 Tajikistan,Cdn77,External,2
TJ,🇹🇯 Tajikistan,Cdn77,External,2
TJ,🇹🇯 Tajikistan,Cdn77,External,2
TJ,🇹🇯 Tajikistan,Cdn77,External,2
TJ,🇹🇯 Tajikistan,Cdn77,External,2
TJ,🇹🇯 Tajikistan,Cloudflare,External,205
TJ,🇹🇯 Tajikistan,Cloudflare,External,205
TJ,🇹🇯 Tajikistan,Cloudflare,External,205
TJ,🇹🇯 Tajikistan,Cloudflare,External,205
TJ,🇹🇯 Tajikistan,Cloudflare,External,205
TJ,🇹🇯 Tajikistan,Facebook,External,7
TJ,🇹🇯 Tajikistan,Facebook,External,7
TJ,🇹🇯 Tajikistan,Facebook,External,7
TJ,🇹🇯 Tajikistan,Facebook,External,7
TJ,🇹🇯 Tajikistan,Fastly,External,14
TJ,🇹🇯 Tajikistan,Fastly,External,14
TJ,🇹🇯 Tajikistan,Fastly,External,14
TJ,🇹🇯 Tajikistan,Fastly,External,14
TJ,🇹🇯 Tajikistan,Fastly,External,14
TJ,🇹🇯 Tajikistan,Microsoft,External,3
TJ,🇹🇯 Tajikistan,Microsoft,External,3
TJ,🇹🇯 Tajikistan,Microsoft,External,3
TJ,🇹🇯 Tajikistan,Microsoft,External,3
TJ,🇹🇯 Tajikistan,Microsoft,External,3
TJ,🇹🇯 Tajikistan,Other,Local,100
TJ,🇹🇯 Tajikistan,Other,External,588
TZ,🇹🇿 Tanzania,Akamai,Local,46
TZ,🇹🇿 Tanzania,Akamai,Local,46
TZ,🇹🇿 Tanzania,Akamai,Local,46
TZ,🇹🇿 Tanzania,Akamai,Local,46
TZ,🇹🇿 Tanzania,Alibaba,External,1
TZ,🇹🇿 Tanzania,Alibaba,External,1
TZ,🇹🇿 Tanzania,Alibaba,External,1
TZ,🇹🇿 Tanzania,Alibaba,External,1
TZ,🇹🇿 Tanzania,Amazon,Regional,45
TZ,🇹🇿 Tanzania,Amazon,External,36
TZ,🇹🇿 Tanzania,Amazon,Regional,45
TZ,🇹🇿 Tanzania,Amazon,External,36
TZ,🇹🇿 Tanzania,Amazon,Regional,45
TZ,🇹🇿 Tanzania,Amazon,External,36
TZ,🇹🇿 Tanzania,Amazon,Regional,45
TZ,🇹🇿 Tanzania,Amazon,External,36
TZ,🇹🇿 Tanzania,Cdn77,Local,1
TZ,🇹🇿 Tanzania,Cdn77,External,1
TZ,🇹🇿 Tanzania,Cdn77,Local,1
TZ,🇹🇿 Tanzania,Cdn77,External,1
TZ,🇹🇿 Tanzania,Cdn77,Local,1
TZ,🇹🇿 Tanzania,Cdn77,External,1
TZ,🇹🇿 Tanzania,Cdn77,Local,1
TZ,🇹🇿 Tanzania,Cdn77,External,1
TZ,🇹🇿 Tanzania,Cloudflare,Local,231
TZ,🇹🇿 Tanzania,Cloudflare,Regional,154
TZ,🇹🇿 Tanzania,Cloudflare,Local,231
TZ,🇹🇿 Tanzania,Cloudflare,Regional,154
TZ,🇹🇿 Tanzania,Cloudflare,Local,231
TZ,🇹🇿 Tanzania,Cloudflare,Regional,154
TZ,🇹🇿 Tanzania,Cloudflare,Local,231
TZ,🇹🇿 Tanzania,Cloudflare,Regional,154
TZ,🇹🇿 Tanzania,Facebook,External,8
TZ,🇹🇿 Tanzania,Facebook,External,8
TZ,🇹🇿 Tanzania,Facebook,External,8
TZ,🇹🇿 Tanzania,Facebook,External,8
TZ,🇹🇿 Tanzania,Fastly,Regional,12
TZ,🇹🇿 Tanzania,Fastly,External,8
TZ,🇹🇿 Tanzania,Fastly,Regional,12
TZ,🇹🇿 Tanzania,Fastly,External,8
TZ,🇹🇿 Tanzania,Fastly,Regional,12
TZ,🇹🇿 Tanzania,Fastly,External,8
TZ,🇹🇿 Tanzania,Fastly,Regional,12
TZ,🇹🇿 Tanzania,Fastly,External,8
TZ,🇹🇿 Tanzania,Microsoft,External,9
TZ,🇹🇿 Tanzania,Microsoft,External,9
TZ,🇹🇿 Tanzania,Microsoft,External,9
TZ,🇹🇿 Tanzania,Microsoft,External,9
TZ,🇹🇿 Tanzania,Other,Local,182
TZ,🇹🇿 Tanzania,Other,External,263
TH,🇹🇭 Thailand,Akamai,Local,78
TH,🇹🇭 Thailand,Akamai,Local,78
TH,🇹🇭 Thailand,Akamai,Local,78
TH,🇹🇭 Thailand,Akamai,Local,78
TH,🇹🇭 Thailand,Akamai,Local,78
TH,🇹🇭 Thailand,Akamai,Local,78
TH,🇹🇭 Thailand,Akamai,Local,78
TH,🇹🇭 Thailand,Alibaba,External,11
TH,🇹🇭 Thailand,Alibaba,External,11
TH,🇹🇭 Thailand,Alibaba,External,11
TH,🇹🇭 Thailand,Alibaba,External,11
TH,🇹🇭 Thailand,Alibaba,External,11
TH,🇹🇭 Thailand,Alibaba,External,11
TH,🇹🇭 Thailand,Alibaba,External,11
TH,🇹🇭 Thailand,Amazon,Local,31
TH,🇹🇭 Thailand,Amazon,Regional,37
TH,🇹🇭 Thailand,Amazon,Local,31
TH,🇹🇭 Thailand,Amazon,Regional,37
TH,🇹🇭 Thailand,Amazon,Local,31
TH,🇹🇭 Thailand,Amazon,Regional,37
TH,🇹🇭 Thailand,Amazon,Local,31
TH,🇹🇭 Thailand,Amazon,Regional,37
TH,🇹🇭 Thailand,Amazon,Local,31
TH,🇹🇭 Thailand,Amazon,Regional,37
TH,🇹🇭 Thailand,Amazon,Local,31
TH,🇹🇭 Thailand,Amazon,Regional,37
TH,🇹🇭 Thailand,Amazon,Local,31
TH,🇹🇭 Thailand,Amazon,Regional,37
TH,🇹🇭 Thailand,Bunnycdn,Regional,1
TH,🇹🇭 Thailand,Bunnycdn,Regional,1
TH,🇹🇭 Thailand,Bunnycdn,Regional,1
TH,🇹🇭 Thailand,Bunnycdn,Regional,1
TH,🇹🇭 Thailand,Bunnycdn,Regional,1
TH,🇹🇭 Thailand,Bunnycdn,Regional,1
TH,🇹🇭 Thailand,Bunnycdn,Regional,1
TH,🇹🇭 Thailand,Cdn77,Local,1
TH,🇹🇭 Thailand,Cdn77,Regional,3
TH,🇹🇭 Thailand,Cdn77,Local,1
TH,🇹🇭 Thailand,Cdn77,Regional,3
TH,🇹🇭 Thailand,Cdn77,Local,1
TH,🇹🇭 Thailand,Cdn77,Regional,3
TH,🇹🇭 Thailand,Cdn77,Local,1
TH,🇹🇭 Thailand,Cdn77,Regional,3
TH,🇹🇭 Thailand,Cdn77,Local,1
TH,🇹🇭 Thailand,Cdn77,Regional,3
TH,🇹🇭 Thailand,Cdn77,Local,1
TH,🇹🇭 Thailand,Cdn77,Regional,3
TH,🇹🇭 Thailand,Cdn77,Local,1
TH,🇹🇭 Thailand,Cdn77,Regional,3
TH,🇹🇭 Thailand,Cloudflare,Local,160
TH,🇹🇭 Thailand,Cloudflare,Regional,430
TH,🇹🇭 Thailand,Cloudflare,Local,160
TH,🇹🇭 Thailand,Cloudflare,Regional,430
TH,🇹🇭 Thailand,Cloudflare,Local,160
TH,🇹🇭 Thailand,Cloudflare,Regional,430
TH,🇹🇭 Thailand,Cloudflare,Local,160
TH,🇹🇭 Thailand,Cloudflare,Regional,430
TH,🇹🇭 Thailand,Cloudflare,Local,160
TH,🇹🇭 Thailand,Cloudflare,Regional,430
TH,🇹🇭 Thailand,Cloudflare,Local,160
TH,🇹🇭 Thailand,Cloudflare,Regional,430
TH,🇹🇭 Thailand,Cloudflare,Local,160
TH,🇹🇭 Thailand,Cloudflare,Regional,430
TH,🇹🇭 Thailand,Facebook,External,6
TH,🇹🇭 Thailand,Facebook,External,6
TH,🇹🇭 Thailand,Facebook,External,6
TH,🇹🇭 Thailand,Facebook,External,6
TH,🇹🇭 Thailand,Facebook,External,6
TH,🇹🇭 Thailand,Facebook,External,6
TH,🇹🇭 Thailand,Facebook,External,6
TH,🇹🇭 Thailand,Fastly,Local,7
TH,🇹🇭 Thailand,Fastly,Local,7
TH,🇹🇭 Thailand,Fastly,Local,7
TH,🇹🇭 Thailand,Fastly,Local,7
TH,🇹🇭 Thailand,Fastly,Local,7
TH,🇹🇭 Thailand,Fastly,Local,7
TH,🇹🇭 Thailand,Fastly,Local,7
TH,🇹🇭 Thailand,Microsoft,Local,11
TH,🇹🇭 Thailand,Microsoft,Local,11
TH,🇹🇭 Thailand,Microsoft,Local,11
TH,🇹🇭 Thailand,Microsoft,Local,11
TH,🇹🇭 Thailand,Microsoft,Local,11
TH,🇹🇭 Thailand,Microsoft,Local,11
TH,🇹🇭 Thailand,Microsoft,Local,11
TH,🇹🇭 Thailand,Other,Local,69
TH,🇹🇭 Thailand,Other,External,155
TL,🇹🇱 Timor-Leste,Akamai,External,51
TL,🇹🇱 Timor-Leste,Akamai,External,51
TL,🇹🇱 Timor-Leste,Akamai,External,51
TL,🇹🇱 Timor-Leste,Alibaba,External,10
TL,🇹🇱 Timor-Leste,Alibaba,External,10
TL,🇹🇱 Timor-Leste,Alibaba,External,10
TL,🇹🇱 Timor-Leste,Amazon,Regional,70
TL,🇹🇱 Timor-Leste,Amazon,Regional,70
TL,🇹🇱 Timor-Leste,Amazon,Regional,70
TL,🇹🇱 Timor-Leste,Cdn77,Regional,2
TL,🇹🇱 Timor-Leste,Cdn77,Regional,2
TL,🇹🇱 Timor-Leste,Cdn77,Regional,2
TL,🇹🇱 Timor-Leste,Cloudflare,Regional,441
TL,🇹🇱 Timor-Leste,Cloudflare,External,37
TL,🇹🇱 Timor-Leste,Cloudflare,Regional,441
TL,🇹🇱 Timor-Leste,Cloudflare,External,37
TL,🇹🇱 Timor-Leste,Cloudflare,Regional,441
TL,🇹🇱 Timor-Leste,Cloudflare,External,37
TL,🇹🇱 Timor-Leste,Facebook,External,9
TL,🇹🇱 Timor-Leste,Facebook,External,9
TL,🇹🇱 Timor-Leste,Facebook,External,9
TL,🇹🇱 Timor-Leste,Fastly,Regional,20
TL,🇹🇱 Timor-Leste,Fastly,External,2
TL,🇹🇱 Timor-Leste,Fastly,Regional,20
TL,🇹🇱 Timor-Leste,Fastly,External,2
TL,🇹🇱 Timor-Leste,Fastly,Regional,20
TL,🇹🇱 Timor-Leste,Fastly,External,2
TL,🇹🇱 Timor-Leste,Microsoft,External,13
TL,🇹🇱 Timor-Leste,Microsoft,External,13
TL,🇹🇱 Timor-Leste,Microsoft,External,13
TL,🇹🇱 Timor-Leste,Other,Local,32
TL,🇹🇱 Timor-Leste,Other,External,311
TL,🇹🇱 Timor-Leste,Wordpress,Regional,1
TL,🇹🇱 Timor-Leste,Wordpress,Regional,1
TL,🇹🇱 Timor-Leste,Wordpress,Regional,1
TG,🇹🇬 Togo,Akamai,Local,82
TG,🇹🇬 Togo,Akamai,Local,82
TG,🇹🇬 Togo,Alibaba,External,2
TG,🇹🇬 Togo,Alibaba,External,2
TG,🇹🇬 Togo,Amazon,Regional,49
TG,🇹🇬 Togo,Amazon,External,35
TG,🇹🇬 Togo,Amazon,Regional,49
TG,🇹🇬 Togo,Amazon,External,35
TG,🇹🇬 Togo,Cloudflare,Regional,438
TG,🇹🇬 Togo,Cloudflare,Regional,438
TG,🇹🇬 Togo,Facebook,External,10
TG,🇹🇬 Togo,Facebook,External,10
TG,🇹🇬 Togo,Fastly,External,32
TG,🇹🇬 Togo,Fastly,External,32
TG,🇹🇬 Togo,Microsoft,External,15
TG,🇹🇬 Togo,Microsoft,External,15
TG,🇹🇬 Togo,Other,Local,17
TG,🇹🇬 Togo,Other,External,319
TO,🇹🇴 Tonga,Akamai,External,60
TO,🇹🇴 Tonga,Akamai,External,60
TO,🇹🇴 Tonga,Alibaba,External,3
TO,🇹🇴 Tonga,Alibaba,External,3
TO,🇹🇴 Tonga,Amazon,External,77
TO,🇹🇴 Tonga,Amazon,External,77
TO,🇹🇴 Tonga,Cdn77,External,2
TO,🇹🇴 Tonga,Cdn77,External,2
TO,🇹🇴 Tonga,Cloudflare,External,199
TO,🇹🇴 Tonga,Cloudflare,External,199
TO,🇹🇴 Tonga,Facebook,External,8
TO,🇹🇴 Tonga,Facebook,External,8
TO,🇹🇴 Tonga,Fastly,External,27
TO,🇹🇴 Tonga,Fastly,External,27
TO,🇹🇴 Tonga,Microsoft,External,15
TO,🇹🇴 Tonga,Microsoft,External,15
TO,🇹🇴 Tonga,Other,Local,1
TO,🇹🇴 Tonga,Other,External,182
TT,🇹🇹 Trinidad and Tobago,Akamai,Local,89
TT,🇹🇹 Trinidad and Tobago,Akamai,Local,89
TT,🇹🇹 Trinidad and Tobago,Akamai,Local,89
TT,🇹🇹 Trinidad and Tobago,Akamai,Local,89
TT,🇹🇹 Trinidad and Tobago,Akamai,Local,89
TT,🇹🇹 Trinidad and Tobago,Alibaba,External,1
TT,🇹🇹 Trinidad and Tobago,Alibaba,External,1
TT,🇹🇹 Trinidad and Tobago,Alibaba,External,1
TT,🇹🇹 Trinidad and Tobago,Alibaba,External,1
TT,🇹🇹 Trinidad and Tobago,Alibaba,External,1
TT,🇹🇹 Trinidad and Tobago,Amazon,External,97
TT,🇹🇹 Trinidad and Tobago,Amazon,External,97
TT,🇹🇹 Trinidad and Tobago,Amazon,External,97
TT,🇹🇹 Trinidad and Tobago,Amazon,External,97
TT,🇹🇹 Trinidad and Tobago,Amazon,External,97
TT,🇹🇹 Trinidad and Tobago,Cdn77,External,1
TT,🇹🇹 Trinidad and Tobago,Cdn77,External,1
TT,🇹🇹 Trinidad and Tobago,Cdn77,External,1
TT,🇹🇹 Trinidad and Tobago,Cdn77,External,1
TT,🇹🇹 Trinidad and Tobago,Cdn77,External,1
TT,🇹🇹 Trinidad and Tobago,Cloudflare,Local,152
TT,🇹🇹 Trinidad and Tobago,Cloudflare,External,274
TT,🇹🇹 Trinidad and Tobago,Cloudflare,Local,152
TT,🇹🇹 Trinidad and Tobago,Cloudflare,External,274
TT,🇹🇹 Trinidad and Tobago,Cloudflare,Local,152
TT,🇹🇹 Trinidad and Tobago,Cloudflare,External,274
TT,🇹🇹 Trinidad and Tobago,Cloudflare,Local,152
TT,🇹🇹 Trinidad and Tobago,Cloudflare,External,274
TT,🇹🇹 Trinidad and Tobago,Cloudflare,Local,152
TT,🇹🇹 Trinidad and Tobago,Cloudflare,External,274
TT,🇹🇹 Trinidad and Tobago,Facebook,External,8
TT,🇹🇹 Trinidad and Tobago,Facebook,External,8
TT,🇹🇹 Trinidad and Tobago,Facebook,External,8
TT,🇹🇹 Trinidad and Tobago,Facebook,External,8
TT,🇹🇹 Trinidad and Tobago,Facebook,External,8
TT,🇹🇹 Trinidad and Tobago,Fastly,External,43
TT,🇹🇹 Trinidad and Tobago,Fastly,External,43
TT,🇹🇹 Trinidad and Tobago,Fastly,External,43
TT,🇹🇹 Trinidad and Tobago,Fastly,External,43
TT,🇹🇹 Trinidad and Tobago,Fastly,External,43
TT,🇹🇹 Trinidad and Tobago,Microsoft,External,24
TT,🇹🇹 Trinidad and Tobago,Microsoft,External,24
TT,🇹🇹 Trinidad and Tobago,Microsoft,External,24
TT,🇹🇹 Trinidad and Tobago,Microsoft,External,24
TT,🇹🇹 Trinidad and Tobago,Microsoft,External,24
TT,🇹🇹 Trinidad and Tobago,Other,Local,38
TT,🇹🇹 Trinidad and Tobago,Other,External,272
TN,🇹🇳 Tunisia,Akamai,Local,49
TN,🇹🇳 Tunisia,Akamai,Local,49
TN,🇹🇳 Tunisia,Akamai,Local,49
TN,🇹🇳 Tunisia,Akamai,Local,49
TN,🇹🇳 Tunisia,Akamai,Local,49
TN,🇹🇳 Tunisia,Amazon,External,74
TN,🇹🇳 Tunisia,Amazon,External,74
TN,🇹🇳 Tunisia,Amazon,External,74
TN,🇹🇳 Tunisia,Amazon,External,74
TN,🇹🇳 Tunisia,Amazon,External,74
TN,🇹🇳 Tunisia,Cdn77,External,6
TN,🇹🇳 Tunisia,Cdn77,External,6
TN,🇹🇳 Tunisia,Cdn77,External,6
TN,🇹🇳 Tunisia,Cdn77,External,6
TN,🇹🇳 Tunisia,Cdn77,External,6
TN,🇹🇳 Tunisia,Cloudflare,Local,181
TN,🇹🇳 Tunisia,Cloudflare,External,290
TN,🇹🇳 Tunisia,Cloudflare,Local,181
TN,🇹🇳 Tunisia,Cloudflare,External,290
TN,🇹🇳 Tunisia,Cloudflare,Local,181
TN,🇹🇳 Tunisia,Cloudflare,External,290
TN,🇹🇳 Tunisia,Cloudflare,Local,181
TN,🇹🇳 Tunisia,Cloudflare,External,290
TN,🇹🇳 Tunisia,Cloudflare,Local,181
TN,🇹🇳 Tunisia,Cloudflare,External,290
TN,🇹🇳 Tunisia,Facebook,External,8
TN,🇹🇳 Tunisia,Facebook,External,8
TN,🇹🇳 Tunisia,Facebook,External,8
TN,🇹🇳 Tunisia,Facebook,External,8
TN,🇹🇳 Tunisia,Facebook,External,8
TN,🇹🇳 Tunisia,Fastly,External,16
TN,🇹🇳 Tunisia,Fastly,External,16
TN,🇹🇳 Tunisia,Fastly,External,16
TN,🇹🇳 Tunisia,Fastly,External,16
TN,🇹🇳 Tunisia,Fastly,External,16
TN,🇹🇳 Tunisia,Microsoft,External,15
TN,🇹🇳 Tunisia,Microsoft,External,15
TN,🇹🇳 Tunisia,Microsoft,External,15
TN,🇹🇳 Tunisia,Microsoft,External,15
TN,🇹🇳 Tunisia,Microsoft,External,15
TN,🇹🇳 Tunisia,Other,Local,102
TN,🇹🇳 Tunisia,Other,External,257
TM,🇹🇲 Turkmenistan,Akamai,External,26
TM,🇹🇲 Turkmenistan,Alibaba,External,1
TM,🇹🇲 Turkmenistan,Amazon,External,18
TM,🇹🇲 Turkmenistan,Bunnycdn,External,1
TM,🇹🇲 Turkmenistan,Cloudflare,External,174
TM,🇹🇲 Turkmenistan,Facebook,External,3
TM,🇹🇲 Turkmenistan,Fastly,External,9
TM,🇹🇲 Turkmenistan,Medianova,External,1
TM,🇹🇲 Turkmenistan,Microsoft,External,12
TM,🇹🇲 Turkmenistan,Other,Local,72
TM,🇹🇲 Turkmenistan,Other,External,682
TC,🇹🇨 Turks and Caicos Islands,Akamai,External,182
TC,🇹🇨 Turks and Caicos Islands,Akamai,External,182
TC,🇹🇨 Turks and Caicos Islands,Alibaba,External,2
TC,🇹🇨 Turks and Caicos Islands,Alibaba,External,2
TC,🇹🇨 Turks and Caicos Islands,Amazon,External,141
TC,🇹🇨 Turks and Caicos Islands,Amazon,External,141
TC,🇹🇨 Turks and Caicos Islands,Cdn77,External,2
TC,🇹🇨 Turks and Caicos Islands,Cdn77,External,2
TC,🇹🇨 Turks and Caicos Islands,Cloudflare,External,292
TC,🇹🇨 Turks and Caicos Islands,Cloudflare,External,292
TC,🇹🇨 Turks and Caicos Islands,Facebook,External,9
TC,🇹🇨 Turks and Caicos Islands,Facebook,External,9
TC,🇹🇨 Turks and Caicos Islands,Fastly,External,87
TC,🇹🇨 Turks and Caicos Islands,Fastly,External,87
TC,🇹🇨 Turks and Caicos Islands,Microsoft,External,33
TC,🇹🇨 Turks and Caicos Islands,Microsoft,External,33
TC,🇹🇨 Turks and Caicos Islands,Other,Local,3
TC,🇹🇨 Turks and Caicos Islands,Other,External,249
TV,🇹🇻 Tuvalu,Akamai,External,10
TV,🇹🇻 Tuvalu,Amazon,External,10
TV,🇹🇻 Tuvalu,Cloudflare,External,37
TV,🇹🇻 Tuvalu,Facebook,External,4
TV,🇹🇻 Tuvalu,Fastly,External,4
TV,🇹🇻 Tuvalu,Microsoft,External,1
TV,🇹🇻 Tuvalu,Other,Local,0
TV,🇹🇻 Tuvalu,Other,External,44
UG,🇺🇬 Uganda,Akamai,Local,49
UG,🇺🇬 Uganda,Akamai,Local,49
UG,🇺🇬 Uganda,Akamai,Local,49
UG,🇺🇬 Uganda,Alibaba,External,4
UG,🇺🇬 Uganda,Alibaba,External,4
UG,🇺🇬 Uganda,Alibaba,External,4
UG,🇺🇬 Uganda,Amazon,Regional,98
UG,🇺🇬 Uganda,Amazon,External,3
UG,🇺🇬 Uganda,Amazon,Regional,98
UG,🇺🇬 Uganda,Amazon,External,3
UG,🇺🇬 Uganda,Amazon,Regional,98
UG,🇺🇬 Uganda,Amazon,External,3
UG,🇺🇬 Uganda,Cloudflare,Local,237
UG,🇺🇬 Uganda,Cloudflare,Regional,183
UG,🇺🇬 Uganda,Cloudflare,Local,237
UG,🇺🇬 Uganda,Cloudflare,Regional,183
UG,🇺🇬 Uganda,Cloudflare,Local,237
UG,🇺🇬 Uganda,Cloudflare,Regional,183
UG,🇺🇬 Uganda,Facebook,External,6
UG,🇺🇬 Uganda,Facebook,External,6
UG,🇺🇬 Uganda,Fastly,Regional,26
UG,🇺🇬 Uganda,Fastly,Regional,26
UG,🇺🇬 Uganda,Fastly,Regional,26
UG,🇺🇬 Uganda,Microsoft,External,18
UG,🇺🇬 Uganda,Microsoft,External,18
UG,🇺🇬 Uganda,Microsoft,External,18
UG,🇺🇬 Uganda,Other,Local,68
UG,🇺🇬 Uganda,Other,External,304
UA,🇺🇦 Ukraine,Akamai,Local,40
UA,🇺🇦 Ukraine,Akamai,Local,40
UA,🇺🇦 Ukraine,Akamai,Local,40
UA,🇺🇦 Ukraine,Akamai,Local,40
UA,🇺🇦 Ukraine,Akamai,Local,40
UA,🇺🇦 Ukraine,Akamai,Local,40
UA,🇺🇦 Ukraine,Akamai,Local,40
UA,🇺🇦 Ukraine,Akamai,Local,40
UA,🇺🇦 Ukraine,Akamai,Local,40
UA,🇺🇦 Ukraine,Amazon,Regional,7
UA,🇺🇦 Ukraine,Amazon,External,27
UA,🇺🇦 Ukraine,Amazon,Regional,7
UA,🇺🇦 Ukraine,Amazon,External,27
UA,🇺🇦 Ukraine,Amazon,Regional,7
UA,🇺🇦 Ukraine,Amazon,External,27
UA,🇺🇦 Ukraine,Amazon,Regional,7
UA,🇺🇦 Ukraine,Amazon,External,27
UA,🇺🇦 Ukraine,Amazon,Regional,7
UA,🇺🇦 Ukraine,Amazon,External,27
UA,🇺🇦 Ukraine,Amazon,Regional,7
UA,🇺🇦 Ukraine,Amazon,External,27
UA,🇺🇦 Ukraine,Amazon,Regional,7
UA,🇺🇦 Ukraine,Amazon,External,27
UA,🇺🇦 Ukraine,Amazon,Regional,7
UA,🇺🇦 Ukraine,Amazon,External,27
UA,🇺🇦 Ukraine,Amazon,Regional,7
UA,🇺🇦 Ukraine,Amazon,External,27
UA,🇺🇦 Ukraine,Bunnycdn,External,1
UA,🇺🇦 Ukraine,Bunnycdn,External,1
UA,🇺🇦 Ukraine,Bunnycdn,External,1
UA,🇺🇦 Ukraine,Bunnycdn,External,1
UA,🇺🇦 Ukraine,Bunnycdn,External,1
UA,🇺🇦 Ukraine,Bunnycdn,External,1
UA,🇺🇦 Ukraine,Bunnycdn,External,1
UA,🇺🇦 Ukraine,Bunnycdn,External,1
UA,🇺🇦 Ukraine,Bunnycdn,External,1
UA,🇺🇦 Ukraine,Cloudflare,Regional,470
UA,🇺🇦 Ukraine,Cloudflare,External,17
UA,🇺🇦 Ukraine,Cloudflare,Regional,470
UA,🇺🇦 Ukraine,Cloudflare,External,17
UA,🇺🇦 Ukraine,Cloudflare,Regional,470
UA,🇺🇦 Ukraine,Cloudflare,External,17
UA,🇺🇦 Ukraine,Cloudflare,Regional,470
UA,🇺🇦 Ukraine,Cloudflare,External,17
UA,🇺🇦 Ukraine,Cloudflare,Regional,470
UA,🇺🇦 Ukraine,Cloudflare,External,17
UA,🇺🇦 Ukraine,Cloudflare,Regional,470
UA,🇺🇦 Ukraine,Cloudflare,External,17
UA,🇺🇦 Ukraine,Cloudflare,Regional,470
UA,🇺🇦 Ukraine,Cloudflare,External,17
UA,🇺🇦 Ukraine,Cloudflare,Regional,470
UA,🇺🇦 Ukraine,Cloudflare,External,17
UA,🇺🇦 Ukraine,Facebook,External,6
UA,🇺🇦 Ukraine,Facebook,External,6
UA,🇺🇦 Ukraine,Facebook,External,6
UA,🇺🇦 Ukraine,Facebook,External,6
UA,🇺🇦 Ukraine,Facebook,External,6
UA,🇺🇦 Ukraine,Facebook,External,6
UA,🇺🇦 Ukraine,Facebook,External,6
UA,🇺🇦 Ukraine,Facebook,External,6
UA,🇺🇦 Ukraine,Facebook,External,6
UA,🇺🇦 Ukraine,Fastly,Regional,1
UA,🇺🇦 Ukraine,Fastly,External,9
UA,🇺🇦 Ukraine,Fastly,Regional,1
UA,🇺🇦 Ukraine,Fastly,External,9
UA,🇺🇦 Ukraine,Fastly,Regional,1
UA,🇺🇦 Ukraine,Fastly,External,9
UA,🇺🇦 Ukraine,Fastly,Regional,1
UA,🇺🇦 Ukraine,Fastly,External,9
UA,🇺🇦 Ukraine,Fastly,Regional,1
UA,🇺🇦 Ukraine,Fastly,External,9
UA,🇺🇦 Ukraine,Fastly,Regional,1
UA,🇺🇦 Ukraine,Fastly,External,9
UA,🇺🇦 Ukraine,Fastly,Regional,1
UA,🇺🇦 Ukraine,Fastly,External,9
UA,🇺🇦 Ukraine,Fastly,Regional,1
UA,🇺🇦 Ukraine,Fastly,External,9
UA,🇺🇦 Ukraine,Fastly,Regional,1
UA,🇺🇦 Ukraine,Fastly,External,9
UA,🇺🇦 Ukraine,Microsoft,External,10
UA,🇺🇦 Ukraine,Microsoft,External,10
UA,🇺🇦 Ukraine,Microsoft,External,10
UA,🇺🇦 Ukraine,Microsoft,External,10
UA,🇺🇦 Ukraine,Microsoft,External,10
UA,🇺🇦 Ukraine,Microsoft,External,10
UA,🇺🇦 Ukraine,Microsoft,External,10
UA,🇺🇦 Ukraine,Microsoft,External,10
UA,🇺🇦 Ukraine,Microsoft,External,10
UA,🇺🇦 Ukraine,Other,Local,80
UA,🇺🇦 Ukraine,Other,External,332
AE,🇦🇪 United Arab Emirates,Akamai,Local,104
AE,🇦🇪 United Arab Emirates,Akamai,Local,104
AE,🇦🇪 United Arab Emirates,Alibaba,External,1
AE,🇦🇪 United Arab Emirates,Alibaba,External,1
AE,🇦🇪 United Arab Emirates,Amazon,External,89
AE,🇦🇪 United Arab Emirates,Amazon,External,89
AE,🇦🇪 United Arab Emirates,Cloudflare,Local,483
AE,🇦🇪 United Arab Emirates,Cloudflare,Local,483
AE,🇦🇪 United Arab Emirates,Facebook,External,8
AE,🇦🇪 United Arab Emirates,Facebook,External,8
AE,🇦🇪 United Arab Emirates,Fastly,Local,21
AE,🇦🇪 United Arab Emirates,Fastly,Local,21
AE,🇦🇪 United Arab Emirates,Microsoft,Local,29
AE,🇦🇪 United Arab Emirates,Microsoft,Local,29
AE,🇦🇪 United Arab Emirates,Other,Local,78
AE,🇦🇪 United Arab Emirates,Other,External,187
GB,🇬🇧 United Kingdom,Akamai,Local,143
GB,🇬🇧 United Kingdom,Akamai,Local,143
GB,🇬🇧 United Kingdom,Akamai,Local,143
GB,🇬🇧 United Kingdom,Akamai,Local,143
GB,🇬🇧 United Kingdom,Akamai,Local,143
GB,🇬🇧 United Kingdom,Akamai,Local,143
GB,🇬🇧 United Kingdom,Akamai,Local,143
GB,🇬🇧 United Kingdom,Akamai,Local,143
GB,🇬🇧 United Kingdom,Akamai,Local,143
GB,🇬🇧 United Kingdom,Akamai,Local,143
GB,🇬🇧 United Kingdom,Akamai,Local,143
GB,🇬🇧 United Kingdom,Alibaba,External,1
GB,🇬🇧 United Kingdom,Alibaba,External,1
GB,🇬🇧 United Kingdom,Alibaba,External,1
GB,🇬🇧 United Kingdom,Alibaba,External,1
GB,🇬🇧 United Kingdom,Alibaba,External,1
GB,🇬🇧 United Kingdom,Alibaba,External,1
GB,🇬🇧 United Kingdom,Alibaba,External,1
GB,🇬🇧 United Kingdom,Alibaba,External,1
GB,🇬🇧 United Kingdom,Alibaba,External,1
GB,🇬🇧 United Kingdom,Alibaba,External,1
GB,🇬🇧 United Kingdom,Alibaba,External,1
GB,🇬🇧 United Kingdom,Amazon,Local,145
GB,🇬🇧 United Kingdom,Amazon,Regional,2
GB,🇬🇧 United Kingdom,Amazon,External,21
GB,🇬🇧 United Kingdom,Amazon,Local,145
GB,🇬🇧 United Kingdom,Amazon,Regional,2
GB,🇬🇧 United Kingdom,Amazon,External,21
GB,🇬🇧 United Kingdom,Amazon,Local,145
GB,🇬🇧 United Kingdom,Amazon,Regional,2
GB,🇬🇧 United Kingdom,Amazon,External,21
GB,🇬🇧 United Kingdom,Amazon,Local,145
GB,🇬🇧 United Kingdom,Amazon,Regional,2
GB,🇬🇧 United Kingdom,Amazon,External,21
GB,🇬🇧 United Kingdom,Amazon,Local,145
GB,🇬🇧 United Kingdom,Amazon,Regional,2
GB,🇬🇧 United Kingdom,Amazon,External,21
GB,🇬🇧 United Kingdom,Amazon,Local,145
GB,🇬🇧 United Kingdom,Amazon,Regional,2
GB,🇬🇧 United Kingdom,Amazon,External,21
GB,🇬🇧 United Kingdom,Amazon,Local,145
GB,🇬🇧 United Kingdom,Amazon,Regional,2
GB,🇬🇧 United Kingdom,Amazon,External,21
GB,🇬🇧 United Kingdom,Amazon,Local,145
GB,🇬🇧 United Kingdom,Amazon,Regional,2
GB,🇬🇧 United Kingdom,Amazon,External,21
GB,🇬🇧 United Kingdom,Amazon,Local,145
GB,🇬🇧 United Kingdom,Amazon,Regional,2
GB,🇬🇧 United Kingdom,Amazon,External,21
GB,🇬🇧 United Kingdom,Amazon,Local,145
GB,🇬🇧 United Kingdom,Amazon,Regional,2
GB,🇬🇧 United Kingdom,Amazon,External,21
GB,🇬🇧 United Kingdom,Amazon,Local,145
GB,🇬🇧 United Kingdom,Amazon,Regional,2
GB,🇬🇧 United Kingdom,Amazon,External,21
GB,🇬🇧 United Kingdom,Cloudflare,Local,370
GB,🇬🇧 United Kingdom,Cloudflare,External,10
GB,🇬🇧 United Kingdom,Cloudflare,Local,370
GB,🇬🇧 United Kingdom,Cloudflare,External,10
GB,🇬🇧 United Kingdom,Cloudflare,Local,370
GB,🇬🇧 United Kingdom,Cloudflare,External,10
GB,🇬🇧 United Kingdom,Cloudflare,Local,370
GB,🇬🇧 United Kingdom,Cloudflare,External,10
GB,🇬🇧 United Kingdom,Cloudflare,Local,370
GB,🇬🇧 United Kingdom,Cloudflare,External,10
GB,🇬🇧 United Kingdom,Cloudflare,Local,370
GB,🇬🇧 United Kingdom,Cloudflare,External,10
GB,🇬🇧 United Kingdom,Cloudflare,Local,370
GB,🇬🇧 United Kingdom,Cloudflare,External,10
GB,🇬🇧 United Kingdom,Cloudflare,Local,370
GB,🇬🇧 United Kingdom,Cloudflare,External,10
GB,🇬🇧 United Kingdom,Cloudflare,Local,370
GB,🇬🇧 United Kingdom,Cloudflare,External,10
GB,🇬🇧 United Kingdom,Cloudflare,Local,370
GB,🇬🇧 United Kingdom,Cloudflare,External,10
GB,🇬🇧 United Kingdom,Cloudflare,Local,370
GB,🇬🇧 United Kingdom,Cloudflare,External,10
GB,🇬🇧 United Kingdom,Facebook,External,6
GB,🇬🇧 United Kingdom,Facebook,External,6
GB,🇬🇧 United Kingdom,Facebook,External,6
GB,🇬🇧 United Kingdom,Facebook,External,6
GB,🇬🇧 United Kingdom,Facebook,External,6
GB,🇬🇧 United Kingdom,Facebook,External,6
GB,🇬🇧 United Kingdom,Facebook,External,6
GB,🇬🇧 United Kingdom,Facebook,External,6
GB,🇬🇧 United Kingdom,Facebook,External,6
GB,🇬🇧 United Kingdom,Facebook,External,6
GB,🇬🇧 United Kingdom,Facebook,External,6
GB,🇬🇧 United Kingdom,Fastly,Local,73
GB,🇬🇧 United Kingdom,Fastly,External,2
GB,🇬🇧 United Kingdom,Fastly,Local,73
GB,🇬🇧 United Kingdom,Fastly,External,2
GB,🇬🇧 United Kingdom,Fastly,Local,73
GB,🇬🇧 United Kingdom,Fastly,External,2
GB,🇬🇧 United Kingdom,Fastly,Local,73
GB,🇬🇧 United Kingdom,Fastly,External,2
GB,🇬🇧 United Kingdom,Fastly,Local,73
GB,🇬🇧 United Kingdom,Fastly,External,2
GB,🇬🇧 United Kingdom,Fastly,Local,73
GB,🇬🇧 United Kingdom,Fastly,External,2
GB,🇬🇧 United Kingdom,Fastly,Local,73
GB,🇬🇧 United Kingdom,Fastly,External,2
GB,🇬🇧 United Kingdom,Fastly,Local,73
GB,🇬🇧 United Kingdom,Fastly,External,2
GB,🇬🇧 United Kingdom,Fastly,Local,73
GB,🇬🇧 United Kingdom,Fastly,External,2
GB,🇬🇧 United Kingdom,Fastly,Local,73
GB,🇬🇧 United Kingdom,Fastly,External,2
GB,🇬🇧 United Kingdom,Fastly,Local,73
GB,🇬🇧 United Kingdom,Fastly,External,2
GB,🇬🇧 United Kingdom,Microsoft,Local,30
GB,🇬🇧 United Kingdom,Microsoft,Local,30
GB,🇬🇧 United Kingdom,Microsoft,Local,30
GB,🇬🇧 United Kingdom,Microsoft,Local,30
GB,🇬🇧 United Kingdom,Microsoft,Local,30
GB,🇬🇧 United Kingdom,Microsoft,Local,30
GB,🇬🇧 United Kingdom,Microsoft,Local,30
GB,🇬🇧 United Kingdom,Microsoft,Local,30
GB,🇬🇧 United Kingdom,Microsoft,Local,30
GB,🇬🇧 United Kingdom,Microsoft,Local,30
GB,🇬🇧 United Kingdom,Microsoft,Local,30
GB,🇬🇧 United Kingdom,Other,Local,56
GB,🇬🇧 United Kingdom,Other,External,141
US,🇺🇸 United States of America,Akamai,Local,212
US,🇺🇸 United States of America,Akamai,Local,212
US,🇺🇸 United States of America,Akamai,Local,212
US,🇺🇸 United States of America,Akamai,Local,212
US,🇺🇸 United States of America,Akamai,Local,212
US,🇺🇸 United States of America,Akamai,Local,212
US,🇺🇸 United States of America,Akamai,Local,212
US,🇺🇸 United States of America,Akamai,Local,212
US,🇺🇸 United States of America,Akamai,Local,212
US,🇺🇸 United States of America,Akamai,Local,212
US,🇺🇸 United States of America,Akamai,Local,212
US,🇺🇸 United States of America,Akamai,Local,212
US,🇺🇸 United States of America,Akamai,Local,212
US,🇺🇸 United States of America,Akamai,Local,212
US,🇺🇸 United States of America,Akamai,Local,212
US,🇺🇸 United States of America,Akamai,Local,212
US,🇺🇸 United States of America,Akamai,Local,212
US,🇺🇸 United States of America,Alibaba,External,1
US,🇺🇸 United States of America,Alibaba,External,1
US,🇺🇸 United States of America,Alibaba,External,1
US,🇺🇸 United States of America,Alibaba,External,1
US,🇺🇸 United States of America,Alibaba,External,1
US,🇺🇸 United States of America,Alibaba,External,1
US,🇺🇸 United States of America,Alibaba,External,1
US,🇺🇸 United States of America,Alibaba,External,1
US,🇺🇸 United States of America,Alibaba,External,1
US,🇺🇸 United States of America,Alibaba,External,1
US,🇺🇸 United States of America,Alibaba,External,1
US,🇺🇸 United States of America,Alibaba,External,1
US,🇺🇸 United States of America,Alibaba,External,1
US,🇺🇸 United States of America,Alibaba,External,1
US,🇺🇸 United States of America,Alibaba,External,1
US,🇺🇸 United States of America,Alibaba,External,1
US,🇺🇸 United States of America,Alibaba,External,1
US,🇺🇸 United States of America,Amazon,Local,168
US,🇺🇸 United States of America,Amazon,External,30
US,🇺🇸 United States of America,Amazon,Local,168
US,🇺🇸 United States of America,Amazon,External,30
US,🇺🇸 United States of America,Amazon,Local,168
US,🇺🇸 United States of America,Amazon,External,30
US,🇺🇸 United States of America,Amazon,Local,168
US,🇺🇸 United States of America,Amazon,External,30
US,🇺🇸 United States of America,Amazon,Local,168
US,🇺🇸 United States of America,Amazon,External,30
US,🇺🇸 United States of America,Amazon,Local,168
US,🇺🇸 United States of America,Amazon,External,30
US,🇺🇸 United States of America,Amazon,Local,168
US,🇺🇸 United States of America,Amazon,External,30
US,🇺🇸 United States of America,Amazon,Local,168
US,🇺🇸 United States of America,Amazon,External,30
US,🇺🇸 United States of America,Amazon,Local,168
US,🇺🇸 United States of America,Amazon,External,30
US,🇺🇸 United States of America,Amazon,Local,168
US,🇺🇸 United States of America,Amazon,External,30
US,🇺🇸 United States of America,Amazon,Local,168
US,🇺🇸 United States of America,Amazon,External,30
US,🇺🇸 United States of America,Amazon,Local,168
US,🇺🇸 United States of America,Amazon,External,30
US,🇺🇸 United States of America,Amazon,Local,168
US,🇺🇸 United States of America,Amazon,External,30
US,🇺🇸 United States of America,Amazon,Local,168
US,🇺🇸 United States of America,Amazon,External,30
US,🇺🇸 United States of America,Amazon,Local,168
US,🇺🇸 United States of America,Amazon,External,30
US,🇺🇸 United States of America,Amazon,Local,168
US,🇺🇸 United States of America,Amazon,External,30
US,🇺🇸 United States of America,Amazon,Local,168
US,🇺🇸 United States of America,Amazon,External,30
US,🇺🇸 United States of America,Cloudflare,Local,308
US,🇺🇸 United States of America,Cloudflare,Local,308
US,🇺🇸 United States of America,Cloudflare,Local,308
US,🇺🇸 United States of America,Cloudflare,Local,308
US,🇺🇸 United States of America,Cloudflare,Local,308
US,🇺🇸 United States of America,Cloudflare,Local,308
US,🇺🇸 United States of America,Cloudflare,Local,308
US,🇺🇸 United States of America,Cloudflare,Local,308
US,🇺🇸 United States of America,Cloudflare,Local,308
US,🇺🇸 United States of America,Cloudflare,Local,308
US,🇺🇸 United States of America,Cloudflare,Local,308
US,🇺🇸 United States of America,Cloudflare,Local,308
US,🇺🇸 United States of America,Cloudflare,Local,308
US,🇺🇸 United States of America,Cloudflare,Local,308
US,🇺🇸 United States of America,Cloudflare,Local,308
US,🇺🇸 United States of America,Cloudflare,Local,308
US,🇺🇸 United States of America,Cloudflare,Local,308
US,🇺🇸 United States of America,Facebook,External,8
US,🇺🇸 United States of America,Facebook,External,8
US,🇺🇸 United States of America,Facebook,External,8
US,🇺🇸 United States of America,Facebook,External,8
US,🇺🇸 United States of America,Facebook,External,8
US,🇺🇸 United States of America,Facebook,External,8
US,🇺🇸 United States of America,Facebook,External,8
US,🇺🇸 United States of America,Facebook,External,8
US,🇺🇸 United States of America,Facebook,External,8
US,🇺🇸 United States of America,Facebook,External,8
US,🇺🇸 United States of America,Facebook,External,8
US,🇺🇸 United States of America,Facebook,External,8
US,🇺🇸 United States of America,Facebook,External,8
US,🇺🇸 United States of America,Facebook,External,8
US,🇺🇸 United States of America,Facebook,External,8
US,🇺🇸 United States of America,Facebook,External,8
US,🇺🇸 United States of America,Facebook,External,8
US,🇺🇸 United States of America,Fastly,Local,89
US,🇺🇸 United States of America,Fastly,Local,89
US,🇺🇸 United States of America,Fastly,Local,89
US,🇺🇸 United States of America,Fastly,Local,89
US,🇺🇸 United States of America,Fastly,Local,89
US,🇺🇸 United States of America,Fastly,Local,89
US,🇺🇸 United States of America,Fastly,Local,89
US,🇺🇸 United States of America,Fastly,Local,89
US,🇺🇸 United States of America,Fastly,Local,89
US,🇺🇸 United States of America,Fastly,Local,89
US,🇺🇸 United States of America,Fastly,Local,89
US,🇺🇸 United States of America,Fastly,Local,89
US,🇺🇸 United States of America,Fastly,Local,89
US,🇺🇸 United States of America,Fastly,Local,89
US,🇺🇸 United States of America,Fastly,Local,89
US,🇺🇸 United States of America,Fastly,Local,89
US,🇺🇸 United States of America,Fastly,Local,89
US,🇺🇸 United States of America,Microsoft,Local,11
US,🇺🇸 United States of America,Microsoft,Local,11
US,🇺🇸 United States of America,Microsoft,Local,11
US,🇺🇸 United States of America,Microsoft,Local,11
US,🇺🇸 United States of America,Microsoft,Local,11
US,🇺🇸 United States of America,Microsoft,Local,11
US,🇺🇸 United States of America,Microsoft,Local,11
US,🇺🇸 United States of America,Microsoft,Local,11
US,🇺🇸 United States of America,Microsoft,Local,11
US,🇺🇸 United States of America,Microsoft,Local,11
US,🇺🇸 United States of America,Microsoft,Local,11
US,🇺🇸 United States of America,Microsoft,Local,11
US,🇺🇸 United States of America,Microsoft,Local,11
US,🇺🇸 United States of America,Microsoft,Local,11
US,🇺🇸 United States of America,Microsoft,Local,11
US,🇺🇸 United States of America,Microsoft,Local,11
US,🇺🇸 United States of America,Microsoft,Local,11
US,🇺🇸 United States of America,Other,Local,130
US,🇺🇸 United States of America,Other,External,43
UY,🇺🇾 Uruguay,Akamai,Local,131
UY,🇺🇾 Uruguay,Akamai,Local,131
UY,🇺🇾 Uruguay,Amazon,External,121
UY,🇺🇾 Uruguay,Amazon,External,121
UY,🇺🇾 Uruguay,Cdn77,External,6
UY,🇺🇾 Uruguay,Cdn77,External,6
UY,🇺🇾 Uruguay,Cloudflare,Regional,284
UY,🇺🇾 Uruguay,Cloudflare,Regional,284
UY,🇺🇾 Uruguay,Facebook,External,10
UY,🇺🇾 Uruguay,Facebook,External,10
UY,🇺🇾 Uruguay,Fastly,Regional,37
UY,🇺🇾 Uruguay,Fastly,Regional,37
UY,🇺🇾 Uruguay,Microsoft,External,24
UY,🇺🇾 Uruguay,Microsoft,External,24
UY,🇺🇾 Uruguay,Other,Local,190
UY,🇺🇾 Uruguay,Other,External,197
UZ,🇺🇿 Uzbekistan,Akamai,External,25
UZ,🇺🇿 Uzbekistan,Akamai,External,25
UZ,🇺🇿 Uzbekistan,Akamai,External,25
UZ,🇺🇿 Uzbekistan,Akamai,External,25
UZ,🇺🇿 Uzbekistan,Akamai,External,25
UZ,🇺🇿 Uzbekistan,Akamai,External,25
UZ,🇺🇿 Uzbekistan,Alibaba,External,2
UZ,🇺🇿 Uzbekistan,Alibaba,External,2
UZ,🇺🇿 Uzbekistan,Alibaba,External,2
UZ,🇺🇿 Uzbekistan,Alibaba,External,2
UZ,🇺🇿 Uzbekistan,Alibaba,External,2
UZ,🇺🇿 Uzbekistan,Alibaba,External,2
UZ,🇺🇿 Uzbekistan,Amazon,External,46
UZ,🇺🇿 Uzbekistan,Amazon,External,46
UZ,🇺🇿 Uzbekistan,Amazon,External,46
UZ,🇺🇿 Uzbekistan,Amazon,External,46
UZ,🇺🇿 Uzbekistan,Amazon,External,46
UZ,🇺🇿 Uzbekistan,Amazon,External,46
UZ,🇺🇿 Uzbekistan,Cdn77,External,1
UZ,🇺🇿 Uzbekistan,Cdn77,External,1
UZ,🇺🇿 Uzbekistan,Cdn77,External,1
UZ,🇺🇿 Uzbekistan,Cdn77,External,1
UZ,🇺🇿 Uzbekistan,Cdn77,External,1
UZ,🇺🇿 Uzbekistan,Cdn77,External,1
UZ,🇺🇿 Uzbekistan,Cloudflare,External,230
UZ,🇺🇿 Uzbekistan,Cloudflare,External,230
UZ,🇺🇿 Uzbekistan,Cloudflare,External,230
UZ,🇺🇿 Uzbekistan,Cloudflare,External,230
UZ,🇺🇿 Uzbekistan,Cloudflare,External,230
UZ,🇺🇿 Uzbekistan,Cloudflare,External,230
UZ,🇺🇿 Uzbekistan,Facebook,External,5
UZ,🇺🇿 Uzbekistan,Facebook,External,5
UZ,🇺🇿 Uzbekistan,Facebook,External,5
UZ,🇺🇿 Uzbekistan,Facebook,External,5
UZ,🇺🇿 Uzbekistan,Facebook,External,5
UZ,🇺🇿 Uzbekistan,Facebook,External,5
UZ,🇺🇿 Uzbekistan,Fastly,External,11
UZ,🇺🇿 Uzbekistan,Fastly,External,11
UZ,🇺🇿 Uzbekistan,Fastly,External,11
UZ,🇺🇿 Uzbekistan,Fastly,External,11
UZ,🇺🇿 Uzbekistan,Fastly,External,11
UZ,🇺🇿 Uzbekistan,Fastly,External,11
UZ,🇺🇿 Uzbekistan,Microsoft,External,5
UZ,🇺🇿 Uzbekistan,Microsoft,External,5
UZ,🇺🇿 Uzbekistan,Microsoft,External,5
UZ,🇺🇿 Uzbekistan,Microsoft,External,5
UZ,🇺🇿 Uzbekistan,Microsoft,External,5
UZ,🇺🇿 Uzbekistan,Microsoft,External,5
UZ,🇺🇿 Uzbekistan,Other,Local,230
UZ,🇺🇿 Uzbekistan,Other,External,444
VU,🇻🇺 Vanuatu,Akamai,External,99
VU,🇻🇺 Vanuatu,Akamai,External,99
VU,🇻🇺 Vanuatu,Alibaba,External,4
VU,🇻🇺 Vanuatu,Alibaba,External,4
VU,🇻🇺 Vanuatu,Amazon,External,123
VU,🇻🇺 Vanuatu,Amazon,External,123
VU,🇻🇺 Vanuatu,Cdn77,External,3
VU,🇻🇺 Vanuatu,Cdn77,External,3
VU,🇻🇺 Vanuatu,Cloudflare,External,400
VU,🇻🇺 Vanuatu,Cloudflare,External,400
VU,🇻🇺 Vanuatu,Facebook,External,12
VU,🇻🇺 Vanuatu,Facebook,External,12
VU,🇻🇺 Vanuatu,Fastly,External,48
VU,🇻🇺 Vanuatu,Fastly,External,48
VU,🇻🇺 Vanuatu,Microsoft,External,19
VU,🇻🇺 Vanuatu,Microsoft,External,19
VU,🇻🇺 Vanuatu,Other,Local,9
VU,🇻🇺 Vanuatu,Other,External,281
VE,🇻🇪 Venezuela,Akamai,Local,60
VE,🇻🇪 Venezuela,Akamai,Local,60
VE,🇻🇪 Venezuela,Akamai,Local,60
VE,🇻🇪 Venezuela,Akamai,Local,60
VE,🇻🇪 Venezuela,Akamai,Local,60
VE,🇻🇪 Venezuela,Akamai,Local,60
VE,🇻🇪 Venezuela,Akamai,Local,60
VE,🇻🇪 Venezuela,Akamai,Local,60
VE,🇻🇪 Venezuela,Akamai,Local,60
VE,🇻🇪 Venezuela,Akamai,Local,60
VE,🇻🇪 Venezuela,Akamai,Local,60
VE,🇻🇪 Venezuela,Akamai,Local,60
VE,🇻🇪 Venezuela,Akamai,Local,60
VE,🇻🇪 Venezuela,Akamai,Local,60
VE,🇻🇪 Venezuela,Akamai,Local,60
VE,🇻🇪 Venezuela,Akamai,Local,60
VE,🇻🇪 Venezuela,Akamai,Local,60
VE,🇻🇪 Venezuela,Akamai,Local,60
VE,🇻🇪 Venezuela,Akamai,Local,60
VE,🇻🇪 Venezuela,Akamai,Local,60
VE,🇻🇪 Venezuela,Akamai,Local,60
VE,🇻🇪 Venezuela,Akamai,Local,60
VE,🇻🇪 Venezuela,Amazon,Regional,7
VE,🇻🇪 Venezuela,Amazon,External,97
VE,🇻🇪 Venezuela,Amazon,Regional,7
VE,🇻🇪 Venezuela,Amazon,External,97
VE,🇻🇪 Venezuela,Amazon,Regional,7
VE,🇻🇪 Venezuela,Amazon,External,97
VE,🇻🇪 Venezuela,Amazon,Regional,7
VE,🇻🇪 Venezuela,Amazon,External,97
VE,🇻🇪 Venezuela,Amazon,Regional,7
VE,🇻🇪 Venezuela,Amazon,External,97
VE,🇻🇪 Venezuela,Amazon,Regional,7
VE,🇻🇪 Venezuela,Amazon,External,97
VE,🇻🇪 Venezuela,Amazon,Regional,7
VE,🇻🇪 Venezuela,Amazon,External,97
VE,🇻🇪 Venezuela,Amazon,Regional,7
VE,🇻🇪 Venezuela,Amazon,External,97
VE,🇻🇪 Venezuela,Amazon,Regional,7
VE,🇻🇪 Venezuela,Amazon,External,97
VE,🇻🇪 Venezuela,Amazon,Regional,7
VE,🇻🇪 Venezuela,Amazon,External,97
VE,🇻🇪 Venezuela,Amazon,Regional,7
VE,🇻🇪 Venezuela,Amazon,External,97
VE,🇻🇪 Venezuela,Amazon,Regional,7
VE,🇻🇪 Venezuela,Amazon,External,97
VE,🇻🇪 Venezuela,Amazon,Regional,7
VE,🇻🇪 Venezuela,Amazon,External,97
VE,🇻🇪 Venezuela,Amazon,Regional,7
VE,🇻🇪 Venezuela,Amazon,External,97
VE,🇻🇪 Venezuela,Amazon,Regional,7
VE,🇻🇪 Venezuela,Amazon,External,97
VE,🇻🇪 Venezuela,Amazon,Regional,7
VE,🇻🇪 Venezuela,Amazon,External,97
VE,🇻🇪 Venezuela,Amazon,Regional,7
VE,🇻🇪 Venezuela,Amazon,External,97
VE,🇻🇪 Venezuela,Amazon,Regional,7
VE,🇻🇪 Venezuela,Amazon,External,97
VE,🇻🇪 Venezuela,Amazon,Regional,7
VE,🇻🇪 Venezuela,Amazon,External,97
VE,🇻🇪 Venezuela,Amazon,Regional,7
VE,🇻🇪 Venezuela,Amazon,External,97
VE,🇻🇪 Venezuela,Amazon,Regional,7
VE,🇻🇪 Venezuela,Amazon,External,97
VE,🇻🇪 Venezuela,Amazon,Regional,7
VE,🇻🇪 Venezuela,Amazon,External,97
VE,🇻🇪 Venezuela,Cdn77,External,2
VE,🇻🇪 Venezuela,Cdn77,External,2
VE,🇻🇪 Venezuela,Cdn77,External,2
VE,🇻🇪 Venezuela,Cdn77,External,2
VE,🇻🇪 Venezuela,Cdn77,External,2
VE,🇻🇪 Venezuela,Cdn77,External,2
VE,🇻🇪 Venezuela,Cdn77,External,2
VE,🇻🇪 Venezuela,Cdn77,External,2
VE,🇻🇪 Venezuela,Cdn77,External,2
VE,🇻🇪 Venezuela,Cdn77,External,2
VE,🇻🇪 Venezuela,Cdn77,External,2
VE,🇻🇪 Venezuela,Cdn77,External,2
VE,🇻🇪 Venezuela,Cdn77,External,2
VE,🇻🇪 Venezuela,Cdn77,External,2
VE,🇻🇪 Venezuela,Cdn77,External,2
VE,🇻🇪 Venezuela,Cdn77,External,2
VE,🇻🇪 Venezuela,Cdn77,External,2
VE,🇻🇪 Venezuela,Cdn77,External,2
VE,🇻🇪 Venezuela,Cdn77,External,2
VE,🇻🇪 Venezuela,Cdn77,External,2
VE,🇻🇪 Venezuela,Cdn77,External,2
VE,🇻🇪 Venezuela,Cdn77,External,2
VE,🇻🇪 Venezuela,Cloudflare,Regional,153
VE,🇻🇪 Venezuela,Cloudflare,External,248
VE,🇻🇪 Venezuela,Cloudflare,Regional,153
VE,🇻🇪 Venezuela,Cloudflare,External,248
VE,🇻🇪 Venezuela,Cloudflare,Regional,153
VE,🇻🇪 Venezuela,Cloudflare,External,248
VE,🇻🇪 Venezuela,Cloudflare,Regional,153
VE,🇻🇪 Venezuela,Cloudflare,External,248
VE,🇻🇪 Venezuela,Cloudflare,Regional,153
VE,🇻🇪 Venezuela,Cloudflare,External,248
VE,🇻🇪 Venezuela,Cloudflare,Regional,153
VE,🇻🇪 Venezuela,Cloudflare,External,248
VE,🇻🇪 Venezuela,Cloudflare,Regional,153
VE,🇻🇪 Venezuela,Cloudflare,External,248
VE,🇻🇪 Venezuela,Cloudflare,Regional,153
VE,🇻🇪 Venezuela,Cloudflare,External,248
VE,🇻🇪 Venezuela,Cloudflare,Regional,153
VE,🇻🇪 Venezuela,Cloudflare,External,248
VE,🇻🇪 Venezuela,Cloudflare,Regional,153
VE,🇻🇪 Venezuela,Cloudflare,External,248
VE,🇻🇪 Venezuela,Cloudflare,Regional,153
VE,🇻🇪 Venezuela,Cloudflare,External,248
VE,🇻🇪 Venezuela,Cloudflare,Regional,153
VE,🇻🇪 Venezuela,Cloudflare,External,248
VE,🇻🇪 Venezuela,Cloudflare,Regional,153
VE,🇻🇪 Venezuela,Cloudflare,External,248
VE,🇻🇪 Venezuela,Cloudflare,Regional,153
VE,🇻🇪 Venezuela,Cloudflare,External,248
VE,🇻🇪 Venezuela,Cloudflare,Regional,153
VE,🇻🇪 Venezuela,Cloudflare,External,248
VE,🇻🇪 Venezuela,Cloudflare,Regional,153
VE,🇻🇪 Venezuela,Cloudflare,External,248
VE,🇻🇪 Venezuela,Cloudflare,Regional,153
VE,🇻🇪 Venezuela,Cloudflare,External,248
VE,🇻🇪 Venezuela,Cloudflare,Regional,153
VE,🇻🇪 Venezuela,Cloudflare,External,248
VE,🇻🇪 Venezuela,Cloudflare,Regional,153
VE,🇻🇪 Venezuela,Cloudflare,External,248
VE,🇻🇪 Venezuela,Cloudflare,Regional,153
VE,🇻🇪 Venezuela,Cloudflare,External,248
VE,🇻🇪 Venezuela,Cloudflare,Regional,153
VE,🇻🇪 Venezuela,Cloudflare,External,248
VE,🇻🇪 Venezuela,Cloudflare,Regional,153
VE,🇻🇪 Venezuela,Cloudflare,External,248
VE,🇻🇪 Venezuela,Facebook,External,9
VE,🇻🇪 Venezuela,Facebook,External,9
VE,🇻🇪 Venezuela,Facebook,External,9
VE,🇻🇪 Venezuela,Facebook,External,9
VE,🇻🇪 Venezuela,Facebook,External,9
VE,🇻🇪 Venezuela,Facebook,External,9
VE,🇻🇪 Venezuela,Facebook,External,9
VE,🇻🇪 Venezuela,Facebook,External,9
VE,🇻🇪 Venezuela,Facebook,External,9
VE,🇻🇪 Venezuela,Facebook,External,9
VE,🇻🇪 Venezuela,Facebook,External,9
VE,🇻🇪 Venezuela,Facebook,External,9
VE,🇻🇪 Venezuela,Facebook,External,9
VE,🇻🇪 Venezuela,Facebook,External,9
VE,🇻🇪 Venezuela,Facebook,External,9
VE,🇻🇪 Venezuela,Facebook,External,9
VE,🇻🇪 Venezuela,Facebook,External,9
VE,🇻🇪 Venezuela,Facebook,External,9
VE,🇻🇪 Venezuela,Facebook,External,9
VE,🇻🇪 Venezuela,Facebook,External,9
VE,🇻🇪 Venezuela,Facebook,External,9
VE,🇻🇪 Venezuela,Facebook,External,9
VE,🇻🇪 Venezuela,Fastly,Regional,8
VE,🇻🇪 Venezuela,Fastly,External,28
VE,🇻🇪 Venezuela,Fastly,Regional,8
VE,🇻🇪 Venezuela,Fastly,External,28
VE,🇻🇪 Venezuela,Fastly,Regional,8
VE,🇻🇪 Venezuela,Fastly,External,28
VE,🇻🇪 Venezuela,Fastly,Regional,8
VE,🇻🇪 Venezuela,Fastly,External,28
VE,🇻🇪 Venezuela,Fastly,Regional,8
VE,🇻🇪 Venezuela,Fastly,External,28
VE,🇻🇪 Venezuela,Fastly,Regional,8
VE,🇻🇪 Venezuela,Fastly,External,28
VE,🇻🇪 Venezuela,Fastly,Regional,8
VE,🇻🇪 Venezuela,Fastly,External,28
VE,🇻🇪 Venezuela,Fastly,Regional,8
VE,🇻🇪 Venezuela,Fastly,External,28
VE,🇻🇪 Venezuela,Fastly,Regional,8
VE,🇻🇪 Venezuela,Fastly,External,28
VE,🇻🇪 Venezuela,Fastly,Regional,8
VE,🇻🇪 Venezuela,Fastly,External,28
VE,🇻🇪 Venezuela,Fastly,Regional,8
VE,🇻🇪 Venezuela,Fastly,External,28
VE,🇻🇪 Venezuela,Fastly,Regional,8
VE,🇻🇪 Venezuela,Fastly,External,28
VE,🇻🇪 Venezuela,Fastly,Regional,8
VE,🇻🇪 Venezuela,Fastly,External,28
VE,🇻🇪 Venezuela,Fastly,Regional,8
VE,🇻🇪 Venezuela,Fastly,External,28
VE,🇻🇪 Venezuela,Fastly,Regional,8
VE,🇻🇪 Venezuela,Fastly,External,28
VE,🇻🇪 Venezuela,Fastly,Regional,8
VE,🇻🇪 Venezuela,Fastly,External,28
VE,🇻🇪 Venezuela,Fastly,Regional,8
VE,🇻🇪 Venezuela,Fastly,External,28
VE,🇻🇪 Venezuela,Fastly,Regional,8
VE,🇻🇪 Venezuela,Fastly,External,28
VE,🇻🇪 Venezuela,Fastly,Regional,8
VE,🇻🇪 Venezuela,Fastly,External,28
VE,🇻🇪 Venezuela,Fastly,Regional,8
VE,🇻🇪 Venezuela,Fastly,External,28
VE,🇻🇪 Venezuela,Fastly,Regional,8
VE,🇻🇪 Venezuela,Fastly,External,28
VE,🇻🇪 Venezuela,Fastly,Regional,8
VE,🇻🇪 Venezuela,Fastly,External,28
VE,🇻🇪 Venezuela,Microsoft,External,17
VE,🇻🇪 Venezuela,Microsoft,External,17
VE,🇻🇪 Venezuela,Microsoft,External,17
VE,🇻🇪 Venezuela,Microsoft,External,17
VE,🇻🇪 Venezuela,Microsoft,External,17
VE,🇻🇪 Venezuela,Microsoft,External,17
VE,🇻🇪 Venezuela,Microsoft,External,17
VE,🇻🇪 Venezuela,Microsoft,External,17
VE,🇻🇪 Venezuela,Microsoft,External,17
VE,🇻🇪 Venezuela,Microsoft,External,17
VE,🇻🇪 Venezuela,Microsoft,External,17
VE,🇻🇪 Venezuela,Microsoft,External,17
VE,🇻🇪 Venezuela,Microsoft,External,17
VE,🇻🇪 Venezuela,Microsoft,External,17
VE,🇻🇪 Venezuela,Microsoft,External,17
VE,🇻🇪 Venezuela,Microsoft,External,17
VE,🇻🇪 Venezuela,Microsoft,External,17
VE,🇻🇪 Venezuela,Microsoft,External,17
VE,🇻🇪 Venezuela,Microsoft,External,17
VE,🇻🇪 Venezuela,Microsoft,External,17
VE,🇻🇪 Venezuela,Microsoft,External,17
VE,🇻🇪 Venezuela,Microsoft,External,17
VE,🇻🇪 Venezuela,Other,Local,68
VE,🇻🇪 Venezuela,Other,External,302
VN,🇻🇳 Vietnam,Akamai,Local,22
VN,🇻🇳 Vietnam,Akamai,Local,22
VN,🇻🇳 Vietnam,Akamai,Local,22
VN,🇻🇳 Vietnam,Akamai,Local,22
VN,🇻🇳 Vietnam,Akamai,Local,22
VN,🇻🇳 Vietnam,Alibaba,External,20
VN,🇻🇳 Vietnam,Alibaba,External,20
VN,🇻🇳 Vietnam,Alibaba,External,20
VN,🇻🇳 Vietnam,Alibaba,External,20
VN,🇻🇳 Vietnam,Alibaba,External,20
VN,🇻🇳 Vietnam,Amazon,Regional,88
VN,🇻🇳 Vietnam,Amazon,Regional,88
VN,🇻🇳 Vietnam,Amazon,Regional,88
VN,🇻🇳 Vietnam,Amazon,Regional,88
VN,🇻🇳 Vietnam,Cloudflare,Local,8
VN,🇻🇳 Vietnam,Cloudflare,Regional,12
VN,🇻🇳 Vietnam,Cloudflare,External,531
VN,🇻🇳 Vietnam,Cloudflare,Local,8
VN,🇻🇳 Vietnam,Cloudflare,Regional,12
VN,🇻🇳 Vietnam,Cloudflare,External,531
VN,🇻🇳 Vietnam,Cloudflare,Local,8
VN,🇻🇳 Vietnam,Cloudflare,Regional,12
VN,🇻🇳 Vietnam,Cloudflare,External,531
VN,🇻🇳 Vietnam,Cloudflare,Local,8
VN,🇻🇳 Vietnam,Cloudflare,Regional,12
VN,🇻🇳 Vietnam,Cloudflare,External,531
VN,🇻🇳 Vietnam,Cloudflare,Local,8
VN,🇻🇳 Vietnam,Cloudflare,Regional,12
VN,🇻🇳 Vietnam,Cloudflare,External,531
VN,🇻🇳 Vietnam,Facebook,External,8
VN,🇻🇳 Vietnam,Facebook,External,8
VN,🇻🇳 Vietnam,Facebook,External,8
VN,🇻🇳 Vietnam,Facebook,External,8
VN,🇻🇳 Vietnam,Facebook,External,8
VN,🇻🇳 Vietnam,Fastly,Regional,4
VN,🇻🇳 Vietnam,Fastly,External,2
VN,🇻🇳 Vietnam,Fastly,Regional,4
VN,🇻🇳 Vietnam,Fastly,External,2
VN,🇻🇳 Vietnam,Fastly,Regional,4
VN,🇻🇳 Vietnam,Fastly,External,2
VN,🇻🇳 Vietnam,Fastly,Regional,4
VN,🇻🇳 Vietnam,Fastly,External,2
VN,🇻🇳 Vietnam,Fastly,Regional,4
VN,🇻🇳 Vietnam,Fastly,External,2
VN,🇻🇳 Vietnam,Microsoft,Local,2
VN,🇻🇳 Vietnam,Microsoft,Local,2
VN,🇻🇳 Vietnam,Microsoft,Local,2
VN,🇻🇳 Vietnam,Microsoft,Local,2
VN,🇻🇳 Vietnam,Microsoft,Local,2
VN,🇻🇳 Vietnam,Other,Local,182
VN,🇻🇳 Vietnam,Other,External,121
VG,🇻🇬 Virgin Islands (British),Akamai,External,124
VG,🇻🇬 Virgin Islands (British),Akamai,External,124
VG,🇻🇬 Virgin Islands (British),Akamai,External,124
VG,🇻🇬 Virgin Islands (British),Akamai,External,124
VG,🇻🇬 Virgin Islands (British),Amazon,External,120
VG,🇻🇬 Virgin Islands (British),Amazon,External,120
VG,🇻🇬 Virgin Islands (British),Amazon,External,120
VG,🇻🇬 Virgin Islands (British),Amazon,External,120
VG,🇻🇬 Virgin Islands (British),Cdn77,External,3
VG,🇻🇬 Virgin Islands (British),Cdn77,External,3
VG,🇻🇬 Virgin Islands (British),Cdn77,External,3
VG,🇻🇬 Virgin Islands (British),Cdn77,External,3
VG,🇻🇬 Virgin Islands (British),Cloudflare,External,260
VG,🇻🇬 Virgin Islands (British),Cloudflare,External,260
VG,🇻🇬 Virgin Islands (British),Cloudflare,External,260
VG,🇻🇬 Virgin Islands (British),Cloudflare,External,260
VG,🇻🇬 Virgin Islands (British),Facebook,External,8
VG,🇻🇬 Virgin Islands (British),Facebook,External,8
VG,🇻🇬 Virgin Islands (British),Facebook,External,8
VG,🇻🇬 Virgin Islands (British),Facebook,External,8
VG,🇻🇬 Virgin Islands (British),Fastly,External,81
VG,🇻🇬 Virgin Islands (British),Fastly,External,81
VG,🇻🇬 Virgin Islands (British),Fastly,External,81
VG,🇻🇬 Virgin Islands (British),Fastly,External,81
VG,🇻🇬 Virgin Islands (British),Microsoft,External,23
VG,🇻🇬 Virgin Islands (British),Microsoft,External,23
VG,🇻🇬 Virgin Islands (British),Microsoft,External,23
VG,🇻🇬 Virgin Islands (British),Microsoft,External,23
VG,🇻🇬 Virgin Islands (British),Other,Local,4
VG,🇻🇬 Virgin Islands (British),Other,External,227
VI,🇻🇮 Virgin Islands (U.S.),Akamai,External,188
VI,🇻🇮 Virgin Islands (U.S.),Akamai,External,188
VI,🇻🇮 Virgin Islands (U.S.),Akamai,External,188
VI,🇻🇮 Virgin Islands (U.S.),Amazon,External,153
VI,🇻🇮 Virgin Islands (U.S.),Amazon,External,153
VI,🇻🇮 Virgin Islands (U.S.),Amazon,External,153
VI,🇻🇮 Virgin Islands (U.S.),Cdn77,External,2
VI,🇻🇮 Virgin Islands (U.S.),Cdn77,External,2
VI,🇻🇮 Virgin Islands (U.S.),Cdn77,External,2
VI,🇻🇮 Virgin Islands (U.S.),Cloudflare,External,288
VI,🇻🇮 Virgin Islands (U.S.),Cloudflare,External,288
VI,🇻🇮 Virgin Islands (U.S.),Cloudflare,External,288
VI,🇻🇮 Virgin Islands (U.S.),Facebook,External,7
VI,🇻🇮 Virgin Islands (U.S.),Facebook,External,7
VI,🇻🇮 Virgin Islands (U.S.),Facebook,External,7
VI,🇻🇮 Virgin Islands (U.S.),Fastly,External,80
VI,🇻🇮 Virgin Islands (U.S.),Fastly,External,80
VI,🇻🇮 Virgin Islands (U.S.),Fastly,External,80
VI,🇻🇮 Virgin Islands (U.S.),Microsoft,External,28
VI,🇻🇮 Virgin Islands (U.S.),Microsoft,External,28
VI,🇻🇮 Virgin Islands (U.S.),Microsoft,External,28
VI,🇻🇮 Virgin Islands (U.S.),Other,Local,4
VI,🇻🇮 Virgin Islands (U.S.),Other,External,250
EH,🇪🇭 Western Sahara,Other,Local,0
EH,🇪🇭 Western Sahara,Other,External,1000
YE,🇾🇪 Yemen,Akamai,External,31
YE,🇾🇪 Yemen,Akamai,External,31
YE,🇾🇪 Yemen,Alibaba,External,1
YE,🇾🇪 Yemen,Alibaba,External,1
YE,🇾🇪 Yemen,Amazon,External,48
YE,🇾🇪 Yemen,Amazon,External,48
YE,🇾🇪 Yemen,Cdn77,External,1
YE,🇾🇪 Yemen,Cdn77,External,1
YE,🇾🇪 Yemen,Cloudflare,Regional,392
YE,🇾🇪 Yemen,Cloudflare,External,135
YE,🇾🇪 Yemen,Cloudflare,Regional,392
YE,🇾🇪 Yemen,Cloudflare,External,135
YE,🇾🇪 Yemen,Facebook,External,9
YE,🇾🇪 Yemen,Facebook,External,9
YE,🇾🇪 Yemen,Fastly,External,13
YE,🇾🇪 Yemen,Fastly,External,13
YE,🇾🇪 Yemen,Microsoft,External,8
YE,🇾🇪 Yemen,Microsoft,External,8
YE,🇾🇪 Yemen,Other,Local,15
YE,🇾🇪 Yemen,Other,External,347
ZM,🇿🇲 Zambia,Akamai,Local,50
ZM,🇿🇲 Zambia,Akamai,Local,50
ZM,🇿🇲 Zambia,Akamai,Local,50
ZM,🇿🇲 Zambia,Akamai,Local,50
ZM,🇿🇲 Zambia,Akamai,Local,50
ZM,🇿🇲 Zambia,Alibaba,External,6
ZM,🇿🇲 Zambia,Alibaba,External,6
ZM,🇿🇲 Zambia,Alibaba,External,6
ZM,🇿🇲 Zambia,Alibaba,External,6
ZM,🇿🇲 Zambia,Alibaba,External,6
ZM,🇿🇲 Zambia,Amazon,Regional,6
ZM,🇿🇲 Zambia,Amazon,External,103
ZM,🇿🇲 Zambia,Amazon,Regional,6
ZM,🇿🇲 Zambia,Amazon,External,103
ZM,🇿🇲 Zambia,Amazon,Regional,6
ZM,🇿🇲 Zambia,Amazon,External,103
ZM,🇿🇲 Zambia,Amazon,Regional,6
ZM,🇿🇲 Zambia,Amazon,External,103
ZM,🇿🇲 Zambia,Amazon,Regional,6
ZM,🇿🇲 Zambia,Amazon,External,103
ZM,🇿🇲 Zambia,Cloudflare,Local,144
ZM,🇿🇲 Zambia,Cloudflare,Regional,262
ZM,🇿🇲 Zambia,Cloudflare,Local,144
ZM,🇿🇲 Zambia,Cloudflare,Regional,262
ZM,🇿🇲 Zambia,Cloudflare,Local,144
ZM,🇿🇲 Zambia,Cloudflare,Regional,262
ZM,🇿🇲 Zambia,Cloudflare,Local,144
ZM,🇿🇲 Zambia,Cloudflare,Regional,262
ZM,🇿🇲 Zambia,Cloudflare,Local,144
ZM,🇿🇲 Zambia,Cloudflare,Regional,262
ZM,🇿🇲 Zambia,Facebook,External,9
ZM,🇿🇲 Zambia,Facebook,External,9
ZM,🇿🇲 Zambia,Facebook,External,9
ZM,🇿🇲 Zambia,Facebook,External,9
ZM,🇿🇲 Zambia,Facebook,External,9
ZM,🇿🇲 Zambia,Fastly,Regional,12
ZM,🇿🇲 Zambia,Fastly,External,14
ZM,🇿🇲 Zambia,Fastly,Regional,12
ZM,🇿🇲 Zambia,Fastly,External,14
ZM,🇿🇲 Zambia,Fastly,Regional,12
ZM,🇿🇲 Zambia,Fastly,External,14
ZM,🇿🇲 Zambia,Fastly,Regional,12
ZM,🇿🇲 Zambia,Fastly,External,14
ZM,🇿🇲 Zambia,Fastly,Regional,12
ZM,🇿🇲 Zambia,Fastly,External,14
ZM,🇿🇲 Zambia,Microsoft,External,22
ZM,🇿🇲 Zambia,Microsoft,External,22
ZM,🇿🇲 Zambia,Microsoft,External,22
ZM,🇿🇲 Zambia,Microsoft,External,22
ZM,🇿🇲 Zambia,Microsoft,External,22
ZM,🇿🇲 Zambia,Other,Local,84
ZM,🇿🇲 Zambia,Other,External,287
ZW,🇿🇼 Zimbabwe,Akamai,External,81
ZW,🇿🇼 Zimbabwe,Akamai,External,81
ZW,🇿🇼 Zimbabwe,Akamai,External,81
ZW,🇿🇼 Zimbabwe,Akamai,External,81
ZW,🇿🇼 Zimbabwe,Alibaba,External,4
ZW,🇿🇼 Zimbabwe,Alibaba,External,4
ZW,🇿🇼 Zimbabwe,Alibaba,External,4
ZW,🇿🇼 Zimbabwe,Alibaba,External,4
ZW,🇿🇼 Zimbabwe,Amazon,External,108
ZW,🇿🇼 Zimbabwe,Amazon,External,108
ZW,🇿🇼 Zimbabwe,Amazon,External,108
ZW,🇿🇼 Zimbabwe,Amazon,External,108
ZW,🇿🇼 Zimbabwe,Cloudflare,Local,89
ZW,🇿🇼 Zimbabwe,Cloudflare,Regional,322
ZW,🇿🇼 Zimbabwe,Cloudflare,Local,89
ZW,🇿🇼 Zimbabwe,Cloudflare,Regional,322
ZW,🇿🇼 Zimbabwe,Cloudflare,Local,89
ZW,🇿🇼 Zimbabwe,Cloudflare,Regional,322
ZW,🇿🇼 Zimbabwe,Cloudflare,Local,89
ZW,🇿🇼 Zimbabwe,Cloudflare,Regional,322
ZW,🇿🇼 Zimbabwe,Facebook,External,8
ZW,🇿🇼 Zimbabwe,Facebook,External,8
ZW,🇿🇼 Zimbabwe,Facebook,External,8
ZW,🇿🇼 Zimbabwe,Facebook,External,8
ZW,🇿🇼 Zimbabwe,Fastly,Regional,24
ZW,🇿🇼 Zimbabwe,Fastly,External,8
ZW,🇿🇼 Zimbabwe,Fastly,Regional,24
ZW,🇿🇼 Zimbabwe,Fastly,External,8
ZW,🇿🇼 Zimbabwe,Fastly,Regional,24
ZW,🇿🇼 Zimbabwe,Fastly,External,8
ZW,🇿🇼 Zimbabwe,Microsoft,External,25
ZW,🇿🇼 Zimbabwe,Microsoft,External,25
ZW,🇿🇼 Zimbabwe,Microsoft,External,25
ZW,🇿🇼 Zimbabwe,Microsoft,External,25
ZW,🇿🇼 Zimbabwe,Other,Local,52
ZW,🇿🇼 Zimbabwe,Other,External,278
