country_code,country_name,source,destination,value
AF,🇦🇫 Afghanistan,Akamai,External,41
AF,🇦🇫 Afghanistan,Alibaba,External,1
AF,🇦🇫 Afghanistan,Amazon,External,44
AF,🇦🇫 Afghanistan,Bunnycdn,External,2
AF,🇦🇫 Afghanistan,Cdn77,External,15
AF,🇦🇫 Afghanistan,Chinanetcenter,External,1
AF,🇦🇫 Afghanistan,Cloudflare,Regional,110
AF,🇦🇫 Afghanistan,Cloudflare,External,291
AF,🇦🇫 Afghanistan,Facebook,External,8
AF,🇦🇫 Afghanistan,Fastly,External,18
AF,🇦🇫 Afghanistan,Microsoft,External,7
AF,🇦🇫 Afghanistan,Netflix,External,1
AF,🇦🇫 Afghanistan,Other,Local,25
AF,🇦🇫 Afghanistan,Other,External,386
AF,🇦🇫 Afghanistan,Reflectednetworks,External,21
AX,🇦🇽 Åland Islands,Akamai,External,40
AX,🇦🇽 Åland Islands,Amazon,External,117
AX,🇦🇽 Åland Islands,Cdn77,External,2
AX,🇦🇽 Åland Islands,Cloudflare,Regional,155
AX,🇦🇽 Åland Islands,Facebook,External,7
AX,🇦🇽 Åland Islands,Fastly,Regional,46
AX,🇦🇽 Åland Islands,Microsoft,External,29
AX,🇦🇽 Åland Islands,Netflix,Local,1
AX,🇦🇽 Åland Islands,Other,Local,48
AX,🇦🇽 Åland Islands,Other,External,169
AX,🇦🇽 Åland Islands,Reflectednetworks,External,1
AL,🇦🇱 Albania,Akamai,Local,65
AL,🇦🇱 Albania,Amazon,External,65
AL,🇦🇱 Albania,Bunnycdn,External,2
AL,🇦🇱 Albania,Cdn77,External,19
AL,🇦🇱 Albania,Cloudflare,Local,24
AL,🇦🇱 Albania,Cloudflare,Regional,112
AL,🇦🇱 Albania,Cloudflare,External,392
AL,🇦🇱 Albania,Facebook,External,9
AL,🇦🇱 Albania,Fastly,Regional,15
AL,🇦🇱 Albania,Fastly,External,17
AL,🇦🇱 Albania,Microsoft,External,11
AL,🇦🇱 Albania,Other,Local,26
AL,🇦🇱 Albania,Other,External,226
AL,🇦🇱 Albania,Reflectednetworks,External,14
AL,🇦🇱 Albania,Wordpress,External,2
DZ,🇩🇿 Algeria,Akamai,External,47
DZ,🇩🇿 Algeria,Amazon,External,62
DZ,🇩🇿 Algeria,Bunnycdn,External,3
DZ,🇩🇿 Algeria,Cdn77,External,11
DZ,🇩🇿 Algeria,Cloudflare,External,514
DZ,🇩🇿 Algeria,Facebook,External,11
DZ,🇩🇿 Algeria,Fastly,External,18
DZ,🇩🇿 Algeria,Microsoft,External,7
DZ,🇩🇿 Algeria,Netflix,Local,1
DZ,🇩🇿 Algeria,Other,Local,89
DZ,🇩🇿 Algeria,Other,External,221
DZ,🇩🇿 Algeria,Reflectednetworks,External,13
AS,🇦🇸 American Samoa,Akamai,Local,67
AS,🇦🇸 American Samoa,Alibaba,External,1
AS,🇦🇸 American Samoa,Amazon,External,53
AS,🇦🇸 American Samoa,Bunnycdn,External,1
AS,🇦🇸 American Samoa,Cdn77,External,7
AS,🇦🇸 American Samoa,Cloudflare,External,175
AS,🇦🇸 American Samoa,Facebook,External,11
AS,🇦🇸 American Samoa,Fastly,External,38
AS,🇦🇸 American Samoa,Microsoft,External,13
AS,🇦🇸 American Samoa,Netflix,External,1
AS,🇦🇸 American Samoa,Other,Local,0
AS,🇦🇸 American Samoa,Other,External,0
AS,🇦🇸 American Samoa,Reflectednetworks,External,7
AD,🇦🇩 Andorra,Akamai,External,121
AD,🇦🇩 Andorra,Amazon,External,129
AD,🇦🇩 Andorra,Bunnycdn,External,3
AD,🇦🇩 Andorra,Cdn77,External,19
AD,🇦🇩 Andorra,Cloudflare,Regional,292
AD,🇦🇩 Andorra,Facebook,External,8
AD,🇦🇩 Andorra,Fastly,Regional,95
AD,🇦🇩 Andorra,Microsoft,External,20
AD,🇦🇩 Andorra,Netflix,Local,1
AD,🇦🇩 Andorra,Other,Local,37
AD,🇦🇩 Andorra,Other,External,262
AD,🇦🇩 Andorra,Reflectednetworks,External,11
AO,🇦🇴 Angola,Akamai,Local,39
AO,🇦🇴 Angola,Alibaba,External,6
AO,🇦🇴 Angola,Amazon,External,72
AO,🇦🇴 Angola,Bunnycdn,External,7
AO,🇦🇴 Angola,Cdn77,External,11
AO,🇦🇴 Angola,Cloudflare,Local,142
AO,🇦🇴 Angola,Cloudflare,Regional,320
AO,🇦🇴 Angola,Facebook,External,12
AO,🇦🇴 Angola,Fastly,Regional,26
AO,🇦🇴 Angola,Microsoft,Local,9
AO,🇦🇴 Angola,Netflix,Local,1
AO,🇦🇴 Angola,Other,Local,80
AO,🇦🇴 Angola,Other,External,262
AO,🇦🇴 Angola,Reflectednetworks,External,7
AI,🇦🇮 Anguilla,Akamai,External,49
AI,🇦🇮 Anguilla,Amazon,External,45
AI,🇦🇮 Anguilla,Bunnycdn,External,1
AI,🇦🇮 Anguilla,Cdn77,Regional,3
AI,🇦🇮 Anguilla,Cdn77,External,3
AI,🇦🇮 Anguilla,Cloudflare,External,103
AI,🇦🇮 Anguilla,Facebook,External,7
AI,🇦🇮 Anguilla,Fastly,External,23
AI,🇦🇮 Anguilla,Microsoft,External,10
AI,🇦🇮 Anguilla,Netflix,External,1
AI,🇦🇮 Anguilla,Other,Local,3
AI,🇦🇮 Anguilla,Other,External,110
AI,🇦🇮 Anguilla,Reflectednetworks,External,5
AG,🇦🇬 Antigua and Barbuda,Akamai,External,121
AG,🇦🇬 Antigua and Barbuda,Alibaba,External,2
AG,🇦🇬 Antigua and Barbuda,Amazon,External,127
AG,🇦🇬 Antigua and Barbuda,Bunnycdn,External,3
AG,🇦🇬 Antigua and Barbuda,Cdn77,Regional,1
AG,🇦🇬 Antigua and Barbuda,Cdn77,External,8
AG,🇦🇬 Antigua and Barbuda,Cloudflare,Regional,67
AG,🇦🇬 Antigua and Barbuda,Cloudflare,External,296
AG,🇦🇬 Antigua and Barbuda,Facebook,External,8
AG,🇦🇬 Antigua and Barbuda,Fastly,External,51
AG,🇦🇬 Antigua and Barbuda,Microsoft,External,21
AG,🇦🇬 Antigua and Barbuda,Netflix,External,1
AG,🇦🇬 Antigua and Barbuda,Other,Local,7
AG,🇦🇬 Antigua and Barbuda,Other,External,270
AG,🇦🇬 Antigua and Barbuda,Reflectednetworks,External,11
AR,🇦🇷 Argentina,Akamai,Local,53
AR,🇦🇷 Argentina,Amazon,External,152
AR,🇦🇷 Argentina,Bunnycdn,External,5
AR,🇦🇷 Argentina,Cdn77,External,4
AR,🇦🇷 Argentina,Cloudflare,Local,307
AR,🇦🇷 Argentina,Cloudflare,Regional,84
AR,🇦🇷 Argentina,Facebook,External,10
AR,🇦🇷 Argentina,Fastly,Local,33
AR,🇦🇷 Argentina,Microsoft,Local,22
AR,🇦🇷 Argentina,Netflix,Local,1
AR,🇦🇷 Argentina,Other,Local,169
AR,🇦🇷 Argentina,Other,External,146
AR,🇦🇷 Argentina,Reflectednetworks,External,4
AM,🇦🇲 Armenia,Akamai,Local,39
AM,🇦🇲 Armenia,Alibaba,External,1
AM,🇦🇲 Armenia,Amazon,External,42
AM,🇦🇲 Armenia,Bunnycdn,External,2
AM,🇦🇲 Armenia,Cdn77,External,7
AM,🇦🇲 Armenia,Cloudflare,Local,299
AM,🇦🇲 Armenia,Cloudflare,External,79
AM,🇦🇲 Armenia,Facebook,External,9
AM,🇦🇲 Armenia,Fastly,External,14
AM,🇦🇲 Armenia,Microsoft,External,11
AM,🇦🇲 Armenia,Netflix,External,1
AM,🇦🇲 Armenia,Other,Local,100
AM,🇦🇲 Armenia,Other,External,389
AM,🇦🇲 Armenia,Reflectednetworks,External,4
AW,🇦🇼 Aruba,Akamai,External,137
AW,🇦🇼 Aruba,Alibaba,External,1
AW,🇦🇼 Aruba,Amazon,External,117
AW,🇦🇼 Aruba,Bunnycdn,External,4
AW,🇦🇼 Aruba,Cdn77,External,8
AW,🇦🇼 Aruba,Cloudflare,External,358
AW,🇦🇼 Aruba,Facebook,External,9
AW,🇦🇼 Aruba,Fastly,External,58
AW,🇦🇼 Aruba,Microsoft,External,21
AW,🇦🇼 Aruba,Netflix,External,1
AW,🇦🇼 Aruba,Other,Local,25
AW,🇦🇼 Aruba,Other,External,242
AW,🇦🇼 Aruba,Reflectednetworks,External,13
AU,🇦🇺 Australia,Akamai,Local,157
AU,🇦🇺 Australia,Alibaba,External,1
AU,🇦🇺 Australia,Amazon,Local,200
AU,🇦🇺 Australia,Bunnycdn,Local,1
AU,🇦🇺 Australia,Cdn77,Local,4
AU,🇦🇺 Australia,Cloudflare,Local,347
AU,🇦🇺 Australia,Facebook,External,9
AU,🇦🇺 Australia,Fastly,Local,60
AU,🇦🇺 Australia,Microsoft,Local,36
AU,🇦🇺 Australia,Netflix,Local,1
AU,🇦🇺 Australia,Other,Local,50
AU,🇦🇺 Australia,Other,External,126
AU,🇦🇺 Australia,Reflectednetworks,Local,2
AU,🇦🇺 Australia,Reflectednetworks,External,3
AT,🇦🇹 Austria,Akamai,Local,105
AT,🇦🇹 Austria,Amazon,Local,3
AT,🇦🇹 Austria,Amazon,Regional,98
AT,🇦🇹 Austria,Amazon,External,3
AT,🇦🇹 Austria,Bunnycdn,Regional,2
AT,🇦🇹 Austria,Cdn77,Regional,5
AT,🇦🇹 Austria,Cloudflare,Local,279
AT,🇦🇹 Austria,Cloudflare,Regional,9
AT,🇦🇹 Austria,Cloudflare,External,7
AT,🇦🇹 Austria,Facebook,External,5
AT,🇦🇹 Austria,Fastly,Local,26
AT,🇦🇹 Austria,Fastly,External,1
AT,🇦🇹 Austria,Microsoft,Local,22
AT,🇦🇹 Austria,Netflix,Local,1
AT,🇦🇹 Austria,Other,Local,163
AT,🇦🇹 Austria,Other,External,261
AT,🇦🇹 Austria,Reflectednetworks,Regional,9
AT,🇦🇹 Austria,Reflectednetworks,External,1
AZ,🇦🇿 Azerbaijan,Akamai,Local,23
AZ,🇦🇿 Azerbaijan,Alibaba,External,1
AZ,🇦🇿 Azerbaijan,Amazon,External,33
AZ,🇦🇿 Azerbaijan,Bunnycdn,External,3
AZ,🇦🇿 Azerbaijan,Cdn77,External,4
AZ,🇦🇿 Azerbaijan,Cloudflare,Local,425
AZ,🇦🇿 Azerbaijan,Cloudflare,External,87
AZ,🇦🇿 Azerbaijan,Facebook,External,8
AZ,🇦🇿 Azerbaijan,Fastly,External,13
AZ,🇦🇿 Azerbaijan,Medianova,External,1
AZ,🇦🇿 Azerbaijan,Microsoft,External,6
AZ,🇦🇿 Azerbaijan,Netflix,Local,1
AZ,🇦🇿 Azerbaijan,Other,Local,11
AZ,🇦🇿 Azerbaijan,Other,External,51
AZ,🇦🇿 Azerbaijan,Reflectednetworks,External,11
BS,🇧🇸 Bahamas (The),Akamai,Local,133
BS,🇧🇸 Bahamas (The),Amazon,External,121
BS,🇧🇸 Bahamas (The),Bunnycdn,External,4
BS,🇧🇸 Bahamas (The),Cdn77,External,9
BS,🇧🇸 Bahamas (The),Cloudflare,External,373
BS,🇧🇸 Bahamas (The),Facebook,External,9
BS,🇧🇸 Bahamas (The),Fastly,External,51
BS,🇧🇸 Bahamas (The),Microsoft,External,25
BS,🇧🇸 Bahamas (The),Netflix,Local,1
BS,🇧🇸 Bahamas (The),Other,Local,49
BS,🇧🇸 Bahamas (The),Other,External,203
BS,🇧🇸 Bahamas (The),Reflectednetworks,External,10
BH,🇧🇭 Bahrain,Akamai,Local,70
BH,🇧🇭 Bahrain,Alibaba,External,1
BH,🇧🇭 Bahrain,Amazon,External,102
BH,🇧🇭 Bahrain,Bunnycdn,External,4
BH,🇧🇭 Bahrain,Cdn77,External,10
BH,🇧🇭 Bahrain,Cloudflare,Local,388
BH,🇧🇭 Bahrain,Cloudflare,External,172
BH,🇧🇭 Bahrain,Facebook,External,9
BH,🇧🇭 Bahrain,Fastly,Regional,26
BH,🇧🇭 Bahrain,Microsoft,External,19
BH,🇧🇭 Bahrain,Netflix,Local,1
BH,🇧🇭 Bahrain,Other,Local,8
BH,🇧🇭 Bahrain,Other,External,176
BH,🇧🇭 Bahrain,Reflectednetworks,External,9
BD,🇧🇩 Bangladesh,Akamai,Local,31
BD,🇧🇩 Bangladesh,Alibaba,External,10
BD,🇧🇩 Bangladesh,Amazon,Regional,4
BD,🇧🇩 Bangladesh,Amazon,External,49
BD,🇧🇩 Bangladesh,Bunnycdn,External,1
BD,🇧🇩 Bangladesh,Cdn77,External,9
BD,🇧🇩 Bangladesh,Cloudflare,Local,568
BD,🇧🇩 Bangladesh,Facebook,External,10
BD,🇧🇩 Bangladesh,Fastly,Regional,4
BD,🇧🇩 Bangladesh,Fastly,External,10
BD,🇧🇩 Bangladesh,Microsoft,External,4
BD,🇧🇩 Bangladesh,Netflix,Local,1
BD,🇧🇩 Bangladesh,Other,Local,100
BD,🇧🇩 Bangladesh,Other,External,189
BD,🇧🇩 Bangladesh,Reflectednetworks,External,3
BB,🇧🇧 Barbados,Akamai,Local,117
BB,🇧🇧 Barbados,Amazon,External,121
BB,🇧🇧 Barbados,Bunnycdn,External,5
BB,🇧🇧 Barbados,Cdn77,External,9
BB,🇧🇧 Barbados,Cloudflare,Local,120
BB,🇧🇧 Barbados,Cloudflare,External,274
BB,🇧🇧 Barbados,Facebook,External,9
BB,🇧🇧 Barbados,Fastly,External,50
BB,🇧🇧 Barbados,Microsoft,External,23
BB,🇧🇧 Barbados,Netflix,Local,1
BB,🇧🇧 Barbados,Other,Local,16
BB,🇧🇧 Barbados,Other,External,244
BB,🇧🇧 Barbados,Reflectednetworks,External,10
BY,🇧🇾 Belarus,Akamai,Local,13
BY,🇧🇾 Belarus,Alibaba,External,1
BY,🇧🇾 Belarus,Amazon,Regional,3
BY,🇧🇾 Belarus,Amazon,External,7
BY,🇧🇾 Belarus,Bunnycdn,Regional,2
BY,🇧🇾 Belarus,Cdn77,Regional,2
BY,🇧🇾 Belarus,Cloudflare,Regional,132
BY,🇧🇾 Belarus,Cloudflare,External,47
BY,🇧🇾 Belarus,Facebook,External,5
BY,🇧🇾 Belarus,Fastly,External,6
BY,🇧🇾 Belarus,Microsoft,External,1
BY,🇧🇾 Belarus,Other,Local,336
BY,🇧🇾 Belarus,Other,External,438
BY,🇧🇾 Belarus,Reflectednetworks,Regional,1
BY,🇧🇾 Belarus,Reflectednetworks,External,3
BE,🇧🇪 Belgium,Akamai,Local,156
BE,🇧🇪 Belgium,Amazon,Regional,114
BE,🇧🇪 Belgium,Bunnycdn,Regional,3
BE,🇧🇪 Belgium,Cdn77,Regional,2
BE,🇧🇪 Belgium,Cdn77,External,1
BE,🇧🇪 Belgium,Cloudflare,Local,293
BE,🇧🇪 Belgium,Cloudflare,Regional,25
BE,🇧🇪 Belgium,Facebook,External,7
BE,🇧🇪 Belgium,Fastly,Local,44
BE,🇧🇪 Belgium,Microsoft,Local,37
BE,🇧🇪 Belgium,Netflix,Local,1
BE,🇧🇪 Belgium,Other,Local,101
BE,🇧🇪 Belgium,Other,External,204
BE,🇧🇪 Belgium,Reflectednetworks,Regional,10
BE,🇧🇪 Belgium,Reflectednetworks,External,1
BZ,🇧🇿 Belize,Akamai,Local,83
BZ,🇧🇿 Belize,Amazon,External,92
BZ,🇧🇿 Belize,Bunnycdn,External,8
BZ,🇧🇿 Belize,Cdn77,External,10
BZ,🇧🇿 Belize,Cloudflare,External,436
BZ,🇧🇿 Belize,Facebook,External,10
BZ,🇧🇿 Belize,Fastly,External,40
BZ,🇧🇿 Belize,Microsoft,External,31
BZ,🇧🇿 Belize,Netflix,Local,1
BZ,🇧🇿 Belize,Other,Local,27
BZ,🇧🇿 Belize,Other,External,247
BZ,🇧🇿 Belize,Reflectednetworks,External,13
BJ,🇧🇯 Benin,Akamai,External,65
BJ,🇧🇯 Benin,Alibaba,Local,1
BJ,🇧🇯 Benin,Alibaba,External,2
BJ,🇧🇯 Benin,Amazon,External,85
BJ,🇧🇯 Benin,Bunnycdn,External,3
BJ,🇧🇯 Benin,Cdn77,External,7
BJ,🇧🇯 Benin,Cloudflare,External,398
BJ,🇧🇯 Benin,Facebook,External,12
BJ,🇧🇯 Benin,Fastly,External,29
BJ,🇧🇯 Benin,Microsoft,External,18
BJ,🇧🇯 Benin,Netflix,External,1
BJ,🇧🇯 Benin,Other,Local,34
BJ,🇧🇯 Benin,Other,External,131
BJ,🇧🇯 Benin,Reflectednetworks,External,4
BM,🇧🇲 Bermuda,Akamai,External,161
BM,🇧🇲 Bermuda,Alibaba,External,1
BM,🇧🇲 Bermuda,Amazon,Regional,172
BM,🇧🇲 Bermuda,Bunnycdn,Regional,1
BM,🇧🇲 Bermuda,Cdn77,Regional,5
BM,🇧🇲 Bermuda,Cloudflare,Regional,290
BM,🇧🇲 Bermuda,Facebook,External,8
BM,🇧🇲 Bermuda,Fastly,Regional,83
BM,🇧🇲 Bermuda,Microsoft,External,29
BM,🇧🇲 Bermuda,Netflix,Local,1
BM,🇧🇲 Bermuda,Other,Local,9
BM,🇧🇲 Bermuda,Other,External,226
BM,🇧🇲 Bermuda,Reflectednetworks,Regional,6
BT,🇧🇹 Bhutan,Akamai,Local,53
BT,🇧🇹 Bhutan,Alibaba,External,3
BT,🇧🇹 Bhutan,Amazon,External,86
BT,🇧🇹 Bhutan,Bunnycdn,External,2
BT,🇧🇹 Bhutan,Cdn77,External,13
BT,🇧🇹 Bhutan,Cloudflare,Regional,402
BT,🇧🇹 Bhutan,Cloudflare,External,15
BT,🇧🇹 Bhutan,Facebook,External,8
BT,🇧🇹 Bhutan,Fastly,Regional,22
BT,🇧🇹 Bhutan,Fastly,External,1
BT,🇧🇹 Bhutan,Microsoft,External,7
BT,🇧🇹 Bhutan,Netflix,Regional,1
BT,🇧🇹 Bhutan,Other,Local,173
BT,🇧🇹 Bhutan,Other,External,204
BT,🇧🇹 Bhutan,Reflectednetworks,External,8
BO,🇧🇴 Bolivia,Akamai,Local,63
BO,🇧🇴 Bolivia,Alibaba,External,2
BO,🇧🇴 Bolivia,Amazon,Regional,48
BO,🇧🇴 Bolivia,Amazon,External,42
BO,🇧🇴 Bolivia,Bunnycdn,Regional,4
BO,🇧🇴 Bolivia,Bunnycdn,External,3
BO,🇧🇴 Bolivia,Cdn77,Regional,5
BO,🇧🇴 Bolivia,Cdn77,External,4
BO,🇧🇴 Bolivia,Cloudflare,Regional,438
BO,🇧🇴 Bolivia,Facebook,External,9
BO,🇧🇴 Bolivia,Fastly,Regional,29
BO,🇧🇴 Bolivia,Microsoft,External,14
BO,🇧🇴 Bolivia,Netflix,Local,1
BO,🇧🇴 Bolivia,Other,Local,136
BO,🇧🇴 Bolivia,Other,External,186
BO,🇧🇴 Bolivia,Reflectednetworks,External,8
BQ,"🇧🇶 Bonaire, Sint Eustatius and Saba",Akamai,External,146
BQ,"🇧🇶 Bonaire, Sint Eustatius and Saba",Amazon,External,115
BQ,"🇧🇶 Bonaire, Sint Eustatius and Saba",Bunnycdn,External,3
BQ,"🇧🇶 Bonaire, Sint Eustatius and Saba",Cdn77,External,8
BQ,"🇧🇶 Bonaire, Sint Eustatius and Saba",Cloudflare,External,262
BQ,"🇧🇶 Bonaire, Sint Eustatius and Saba",Facebook,External,8
BQ,"🇧🇶 Bonaire, Sint Eustatius and Saba",Fastly,External,53
BQ,"🇧🇶 Bonaire, Sint Eustatius and Saba",Microsoft,External,37
BQ,"🇧🇶 Bonaire, Sint Eustatius and Saba",Netflix,External,1
BQ,"🇧🇶 Bonaire, Sint Eustatius and Saba",Other,Local,2
BQ,"🇧🇶 Bonaire, Sint Eustatius and Saba",Other,External,249
BQ,"🇧🇶 Bonaire, Sint Eustatius and Saba",Reflectednetworks,External,8
BA,🇧🇦 Bosnia and Herzegovina,Akamai,External,42
BA,🇧🇦 Bosnia and Herzegovina,Amazon,External,48
BA,🇧🇦 Bosnia and Herzegovina,Bunnycdn,External,2
BA,🇧🇦 Bosnia and Herzegovina,Cdn77,External,16
BA,🇧🇦 Bosnia and Herzegovina,Cloudflare,Regional,313
BA,🇧🇦 Bosnia and Herzegovina,Cloudflare,External,144
BA,🇧🇦 Bosnia and Herzegovina,Facebook,External,5
BA,🇧🇦 Bosnia and Herzegovina,Fastly,External,18
BA,🇧🇦 Bosnia and Herzegovina,Microsoft,External,15
BA,🇧🇦 Bosnia and Herzegovina,Netflix,Local,1
BA,🇧🇦 Bosnia and Herzegovina,Other,Local,84
BA,🇧🇦 Bosnia and Herzegovina,Other,External,304
BA,🇧🇦 Bosnia and Herzegovina,Reflectednetworks,External,7
BW,🇧🇼 Botswana,Akamai,Local,57
BW,🇧🇼 Botswana,Amazon,Regional,41
BW,🇧🇼 Botswana,Amazon,External,84
BW,🇧🇼 Botswana,Bunnycdn,External,1
BW,🇧🇼 Botswana,Cdn77,Regional,3
BW,🇧🇼 Botswana,Cdn77,External,6
BW,🇧🇼 Botswana,Cloudflare,Local,431
BW,🇧🇼 Botswana,Facebook,External,9
BW,🇧🇼 Botswana,Fastly,Regional,31
BW,🇧🇼 Botswana,Microsoft,External,38
BW,🇧🇼 Botswana,Netflix,Local,1
BW,🇧🇼 Botswana,Other,Local,56
BW,🇧🇼 Botswana,Other,External,227
BW,🇧🇼 Botswana,Reflectednetworks,External,5
BR,🇧🇷 Brazil,Akamai,Local,96
BR,🇧🇷 Brazil,Alibaba,Local,1
BR,🇧🇷 Brazil,Alibaba,External,1
BR,🇧🇷 Brazil,Amazon,Local,99
BR,🇧🇷 Brazil,Amazon,External,30
BR,🇧🇷 Brazil,Bunnycdn,Local,3
BR,🇧🇷 Brazil,Bunnycdn,External,1
BR,🇧🇷 Brazil,Cdn77,Local,5
BR,🇧🇷 Brazil,Cdn77,External,3
BR,🇧🇷 Brazil,Cloudflare,Local,397
BR,🇧🇷 Brazil,Facebook,External,9
BR,🇧🇷 Brazil,Fastly,Local,24
BR,🇧🇷 Brazil,Microsoft,Local,27
BR,🇧🇷 Brazil,Netflix,Local,1
BR,🇧🇷 Brazil,Other,Local,183
BR,🇧🇷 Brazil,Other,External,112
BR,🇧🇷 Brazil,Reflectednetworks,External,5
BN,🇧🇳 Brunei,Akamai,Local,53
BN,🇧🇳 Brunei,Alibaba,External,5
BN,🇧🇳 Brunei,Amazon,Regional,64
BN,🇧🇳 Brunei,Bunnycdn,Regional,2
BN,🇧🇳 Brunei,Cdn77,Regional,8
BN,🇧🇳 Brunei,Cloudflare,Regional,549
BN,🇧🇳 Brunei,Facebook,External,7
BN,🇧🇳 Brunei,Fastly,Regional,24
BN,🇧🇳 Brunei,Microsoft,External,28
BN,🇧🇳 Brunei,Netflix,Local,1
BN,🇧🇳 Brunei,Other,Local,43
BN,🇧🇳 Brunei,Other,External,206
BN,🇧🇳 Brunei,Reflectednetworks,Regional,5
BG,🇧🇬 Bulgaria,Akamai,Local,46
BG,🇧🇬 Bulgaria,Alibaba,External,1
BG,🇧🇬 Bulgaria,Amazon,External,44
BG,🇧🇬 Bulgaria,Bunnycdn,External,1
BG,🇧🇬 Bulgaria,Cdn77,External,3
BG,🇧🇬 Bulgaria,Cloudflare,Local,461
BG,🇧🇬 Bulgaria,Facebook,External,6
BG,🇧🇬 Bulgaria,Fastly,Local,11
BG,🇧🇬 Bulgaria,Microsoft,Local,7
BG,🇧🇬 Bulgaria,Netflix,Local,1
BG,🇧🇬 Bulgaria,Other,Local,249
BG,🇧🇬 Bulgaria,Other,External,159
BG,🇧🇬 Bulgaria,Reflectednetworks,External,9
BF,🇧🇫 Burkina Faso,Akamai,External,38
BF,🇧🇫 Burkina Faso,Alibaba,External,6
BF,🇧🇫 Burkina Faso,Amazon,External,87
BF,🇧🇫 Burkina Faso,Bunnycdn,External,2
BF,🇧🇫 Burkina Faso,Cdn77,External,9
BF,🇧🇫 Burkina Faso,Cloudflare,External,299
BF,🇧🇫 Burkina Faso,Facebook,External,11
BF,🇧🇫 Burkina Faso,Fastly,Regional,23
BF,🇧🇫 Burkina Faso,Microsoft,External,7
BF,🇧🇫 Burkina Faso,Netflix,Local,1
BF,🇧🇫 Burkina Faso,Other,Local,42
BF,🇧🇫 Burkina Faso,Other,External,452
BF,🇧🇫 Burkina Faso,Reflectednetworks,External,5
BI,🇧🇮 Burundi,Other,Local,38
BI,🇧🇮 Burundi,Other,External,943
CV,🇨🇻 Cabo Verde,Akamai,External,95
CV,🇨🇻 Cabo Verde,Alibaba,External,1
CV,🇨🇻 Cabo Verde,Amazon,External,95
CV,🇨🇻 Cabo Verde,Bunnycdn,External,9
CV,🇨🇻 Cabo Verde,Cdn77,External,11
CV,🇨🇻 Cabo Verde,Cloudflare,External,371
CV,🇨🇻 Cabo Verde,Facebook,External,11
CV,🇨🇻 Cabo Verde,Fastly,External,48
CV,🇨🇻 Cabo Verde,Microsoft,External,26
CV,🇨🇻 Cabo Verde,Netflix,Local,1
CV,🇨🇻 Cabo Verde,Other,Local,55
CV,🇨🇻 Cabo Verde,Other,External,261
CV,🇨🇻 Cabo Verde,Reflectednetworks,External,13
CV,🇨🇻 Cabo Verde,Wordpress,External,1
KH,🇰🇭 Cambodia,Akamai,Local,45
KH,🇰🇭 Cambodia,Alibaba,External,29
KH,🇰🇭 Cambodia,Amazon,Regional,72
KH,🇰🇭 Cambodia,Bunnycdn,Regional,1
KH,🇰🇭 Cambodia,Cdn77,Regional,15
KH,🇰🇭 Cambodia,Cloudflare,Regional,542
KH,🇰🇭 Cambodia,Cloudflare,External,40
KH,🇰🇭 Cambodia,Facebook,External,10
KH,🇰🇭 Cambodia,Fastly,Regional,18
KH,🇰🇭 Cambodia,Microsoft,External,10
KH,🇰🇭 Cambodia,Netflix,Local,1
KH,🇰🇭 Cambodia,Other,Local,22
KH,🇰🇭 Cambodia,Other,External,186
KH,🇰🇭 Cambodia,Reflectednetworks,Regional,5
CM,🇨🇲 Cameroon,Akamai,Local,56
CM,🇨🇲 Cameroon,Alibaba,External,4
CM,🇨🇲 Cameroon,Amazon,External,91
CM,🇨🇲 Cameroon,Bunnycdn,External,3
CM,🇨🇲 Cameroon,Cdn77,External,11
CM,🇨🇲 Cameroon,Cloudflare,Local,204
CM,🇨🇲 Cameroon,Cloudflare,External,217
CM,🇨🇲 Cameroon,Facebook,External,11
CM,🇨🇲 Cameroon,Fastly,External,27
CM,🇨🇲 Cameroon,Microsoft,External,12
CM,🇨🇲 Cameroon,Netflix,Local,1
CM,🇨🇲 Cameroon,Other,Local,61
CM,🇨🇲 Cameroon,Other,External,284
CM,🇨🇲 Cameroon,Reflectednetworks,External,7
CA,🇨🇦 Canada,Akamai,Local,176
CA,🇨🇦 Canada,Amazon,Local,99
CA,🇨🇦 Canada,Amazon,Regional,23
CA,🇨🇦 Canada,Bunnycdn,Local,2
CA,🇨🇦 Canada,Cdn77,External,3
CA,🇨🇦 Canada,Cloudflare,Local,299
CA,🇨🇦 Canada,Cloudflare,Regional,72
CA,🇨🇦 Canada,Facebook,External,9
CA,🇨🇦 Canada,Fastly,Local,57
CA,🇨🇦 Canada,Microsoft,Local,22
CA,🇨🇦 Canada,Netflix,Local,1
CA,🇨🇦 Canada,Other,Local,78
CA,🇨🇦 Canada,Other,External,149
CA,🇨🇦 Canada,Reflectednetworks,Regional,10
KY,🇰🇾 Cayman Islands,Akamai,External,148
KY,🇰🇾 Cayman Islands,Alibaba,External,2
KY,🇰🇾 Cayman Islands,Amazon,External,150
KY,🇰🇾 Cayman Islands,Bunnycdn,External,2
KY,🇰🇾 Cayman Islands,Cdn77,External,10
KY,🇰🇾 Cayman Islands,Cloudflare,External,322
KY,🇰🇾 Cayman Islands,Facebook,External,8
KY,🇰🇾 Cayman Islands,Fastly,External,56
KY,🇰🇾 Cayman Islands,Microsoft,External,33
KY,🇰🇾 Cayman Islands,Netflix,Local,1
KY,🇰🇾 Cayman Islands,Other,Local,18
KY,🇰🇾 Cayman Islands,Other,External,241
KY,🇰🇾 Cayman Islands,Reflectednetworks,External,6
CF,🇨🇫 Central African Republic,Akamai,External,83
CF,🇨🇫 Central African Republic,Alibaba,External,8
CF,🇨🇫 Central African Republic,Amazon,External,90
CF,🇨🇫 Central African Republic,Bunnycdn,External,4
CF,🇨🇫 Central African Republic,Cdn77,External,13
CF,🇨🇫 Central African Republic,Chinanetcenter,External,1
CF,🇨🇫 Central African Republic,Cloudflare,External,410
CF,🇨🇫 Central African Republic,Facebook,External,8
CF,🇨🇫 Central African Republic,Fastly,External,35
CF,🇨🇫 Central African Republic,Microsoft,External,23
CF,🇨🇫 Central African Republic,Netflix,Regional,1
CF,🇨🇫 Central African Republic,Other,Local,1
CF,🇨🇫 Central African Republic,Other,External,310
CF,🇨🇫 Central African Republic,Reflectednetworks,External,11
TD,🇹🇩 Chad,Other,Local,3
TD,🇹🇩 Chad,Other,External,832
CL,🇨🇱 Chile,Akamai,Local,75
CL,🇨🇱 Chile,Amazon,External,159
CL,🇨🇱 Chile,Bunnycdn,External,4
CL,🇨🇱 Chile,Cdn77,External,5
CL,🇨🇱 Chile,Cloudflare,Local,325
CL,🇨🇱 Chile,Cloudflare,Regional,47
CL,🇨🇱 Chile,Facebook,External,10
CL,🇨🇱 Chile,Fastly,Local,56
CL,🇨🇱 Chile,Microsoft,Local,31
CL,🇨🇱 Chile,Netflix,Local,1
CL,🇨🇱 Chile,Other,Local,141
CL,🇨🇱 Chile,Other,External,136
CL,🇨🇱 Chile,Reflectednetworks,External,5
CN,🇨🇳 China,Akamai,Local,45
CN,🇨🇳 China,Alibaba,External,102
CN,🇨🇳 China,Amazon,Regional,12
CN,🇨🇳 China,Amazon,External,29
CN,🇨🇳 China,Bunnycdn,External,4
CN,🇨🇳 China,Cdn77,External,3
CN,🇨🇳 China,Chinanetcenter,External,1
CN,🇨🇳 China,Cloudflare,External,432
CN,🇨🇳 China,Fastly,Regional,10
CN,🇨🇳 China,Fastly,External,2
CN,🇨🇳 China,Microsoft,External,13
CN,🇨🇳 China,Other,Local,0
CN,🇨🇳 China,Other,External,5
CN,🇨🇳 China,Reflectednetworks,External,7
CO,🇨🇴 Colombia,Akamai,Local,91
CO,🇨🇴 Colombia,Alibaba,External,1
CO,🇨🇴 Colombia,Amazon,External,168
CO,🇨🇴 Colombia,Bunnycdn,External,3
CO,🇨🇴 Colombia,Cdn77,External,10
CO,🇨🇴 Colombia,Cloudflare,Local,291
CO,🇨🇴 Colombia,Facebook,External,10
CO,🇨🇴 Colombia,Fastly,Local,39
CO,🇨🇴 Colombia,Microsoft,Local,59
CO,🇨🇴 Colombia,Netflix,Local,1
CO,🇨🇴 Colombia,Other,Local,108
CO,🇨🇴 Colombia,Other,External,207
CO,🇨🇴 Colombia,Reflectednetworks,External,7
KM,🇰🇲 Comoros,Akamai,External,101
KM,🇰🇲 Comoros,Alibaba,External,3
KM,🇰🇲 Comoros,Amazon,External,70
KM,🇰🇲 Comoros,Bunnycdn,External,3
KM,🇰🇲 Comoros,Cdn77,External,13
KM,🇰🇲 Comoros,Chinanetcenter,External,1
KM,🇰🇲 Comoros,Cloudflare,Regional,438
KM,🇰🇲 Comoros,Facebook,External,9
KM,🇰🇲 Comoros,Fastly,Regional,34
KM,🇰🇲 Comoros,Microsoft,External,17
KM,🇰🇲 Comoros,Netflix,Regional,1
KM,🇰🇲 Comoros,Other,Local,2
KM,🇰🇲 Comoros,Other,External,181
KM,🇰🇲 Comoros,Reflectednetworks,External,14
CG,🇨🇬 Congo,Akamai,External,81
CG,🇨🇬 Congo,Alibaba,External,2
CG,🇨🇬 Congo,Amazon,External,71
CG,🇨🇬 Congo,Bunnycdn,External,4
CG,🇨🇬 Congo,Cdn77,External,12
CG,🇨🇬 Congo,Cloudflare,Regional,179
CG,🇨🇬 Congo,Cloudflare,External,294
CG,🇨🇬 Congo,Facebook,External,10
CG,🇨🇬 Congo,Fastly,Regional,16
CG,🇨🇬 Congo,Fastly,External,6
CG,🇨🇬 Congo,Microsoft,External,23
CG,🇨🇬 Congo,Netflix,Local,1
CG,🇨🇬 Congo,Other,Local,3
CG,🇨🇬 Congo,Other,External,279
CG,🇨🇬 Congo,Reflectednetworks,External,14
CK,🇨🇰 Cook Islands,Akamai,External,65
CK,🇨🇰 Cook Islands,Alibaba,External,1
CK,🇨🇰 Cook Islands,Amazon,External,100
CK,🇨🇰 Cook Islands,Bunnycdn,External,1
CK,🇨🇰 Cook Islands,Cdn77,External,4
CK,🇨🇰 Cook Islands,Cloudflare,External,175
CK,🇨🇰 Cook Islands,Facebook,External,7
CK,🇨🇰 Cook Islands,Fastly,External,46
CK,🇨🇰 Cook Islands,Microsoft,External,18
CK,🇨🇰 Cook Islands,Netflix,External,1
CK,🇨🇰 Cook Islands,Other,Local,2
CK,🇨🇰 Cook Islands,Other,External,109
CK,🇨🇰 Cook Islands,Reflectednetworks,External,6
CR,🇨🇷 Costa Rica,Akamai,Local,79
CR,🇨🇷 Costa Rica,Amazon,External,115
CR,🇨🇷 Costa Rica,Bunnycdn,External,5
CR,🇨🇷 Costa Rica,Cdn77,External,6
CR,🇨🇷 Costa Rica,Cloudflare,Local,207
CR,🇨🇷 Costa Rica,Cloudflare,Regional,13
CR,🇨🇷 Costa Rica,Cloudflare,External,163
CR,🇨🇷 Costa Rica,Facebook,External,9
CR,🇨🇷 Costa Rica,Fastly,External,43
CR,🇨🇷 Costa Rica,Microsoft,External,55
CR,🇨🇷 Costa Rica,Netflix,Local,1
CR,🇨🇷 Costa Rica,Other,Local,86
CR,🇨🇷 Costa Rica,Other,External,206
CR,🇨🇷 Costa Rica,Reflectednetworks,External,8
CI,🇨🇮 Côte d'Ivoire,Akamai,External,59
CI,🇨🇮 Côte d'Ivoire,Alibaba,External,2
CI,🇨🇮 Côte d'Ivoire,Amazon,External,84
CI,🇨🇮 Côte d'Ivoire,Bunnycdn,External,3
CI,🇨🇮 Côte d'Ivoire,Cdn77,External,13
CI,🇨🇮 Côte d'Ivoire,Cloudflare,Local,325
CI,🇨🇮 Côte d'Ivoire,Cloudflare,External,85
CI,🇨🇮 Côte d'Ivoire,Facebook,External,11
CI,🇨🇮 Côte d'Ivoire,Fastly,Regional,5
CI,🇨🇮 Côte d'Ivoire,Fastly,External,17
CI,🇨🇮 Côte d'Ivoire,Microsoft,External,15
CI,🇨🇮 Côte d'Ivoire,Netflix,Local,1
CI,🇨🇮 Côte d'Ivoire,Other,Local,35
CI,🇨🇮 Côte d'Ivoire,Other,External,321
CI,🇨🇮 Côte d'Ivoire,Reflectednetworks,External,6
HR,🇭🇷 Croatia,Akamai,Local,55
HR,🇭🇷 Croatia,Amazon,Local,10
HR,🇭🇷 Croatia,Amazon,External,51
HR,🇭🇷 Croatia,Bunnycdn,External,1
HR,🇭🇷 Croatia,Cdn77,Local,1
HR,🇭🇷 Croatia,Cdn77,External,7
HR,🇭🇷 Croatia,Cloudflare,Local,234
HR,🇭🇷 Croatia,Cloudflare,Regional,85
HR,🇭🇷 Croatia,Cloudflare,External,148
HR,🇭🇷 Croatia,Facebook,External,6
HR,🇭🇷 Croatia,Fastly,External,21
HR,🇭🇷 Croatia,Microsoft,Local,15
HR,🇭🇷 Croatia,Netflix,Local,1
HR,🇭🇷 Croatia,Other,Local,148
HR,🇭🇷 Croatia,Other,External,209
HR,🇭🇷 Croatia,Reflectednetworks,Local,1
HR,🇭🇷 Croatia,Reflectednetworks,External,7
HR,🇭🇷 Croatia,Wordpress,Regional,1
CU,🇨🇺 Cuba,Akamai,External,49
CU,🇨🇺 Cuba,Alibaba,External,3
CU,🇨🇺 Cuba,Amazon,External,61
CU,🇨🇺 Cuba,Bunnycdn,External,6
CU,🇨🇺 Cuba,Cdn77,External,17
CU,🇨🇺 Cuba,Cloudflare,External,469
CU,🇨🇺 Cuba,Facebook,External,7
CU,🇨🇺 Cuba,Fastly,External,37
CU,🇨🇺 Cuba,Microsoft,External,8
CU,🇨🇺 Cuba,Netflix,External,1
CU,🇨🇺 Cuba,Other,Local,69
CU,🇨🇺 Cuba,Other,External,250
CU,🇨🇺 Cuba,Reflectednetworks,External,10
CW,🇨🇼 Curaçao,Akamai,Local,131
CW,🇨🇼 Curaçao,Alibaba,External,1
CW,🇨🇼 Curaçao,Amazon,External,117
CW,🇨🇼 Curaçao,Bunnycdn,External,4
CW,🇨🇼 Curaçao,Cdn77,External,10
CW,🇨🇼 Curaçao,Cloudflare,External,325
CW,🇨🇼 Curaçao,Facebook,External,10
CW,🇨🇼 Curaçao,Fastly,External,44
CW,🇨🇼 Curaçao,Microsoft,External,25
CW,🇨🇼 Curaçao,Netflix,Local,1
CW,🇨🇼 Curaçao,Other,Local,20
CW,🇨🇼 Curaçao,Other,External,298
CW,🇨🇼 Curaçao,Reflectednetworks,External,12
CY,🇨🇾 Cyprus,Akamai,Local,94
CY,🇨🇾 Cyprus,Alibaba,External,1
CY,🇨🇾 Cyprus,Amazon,External,57
CY,🇨🇾 Cyprus,Bunnycdn,External,1
CY,🇨🇾 Cyprus,Cdn77,External,7
CY,🇨🇾 Cyprus,Cloudflare,Local,313
CY,🇨🇾 Cyprus,Cloudflare,Regional,29
CY,🇨🇾 Cyprus,Cloudflare,External,97
CY,🇨🇾 Cyprus,Facebook,External,9
CY,🇨🇾 Cyprus,Fastly,External,30
CY,🇨🇾 Cyprus,Medianova,External,1
CY,🇨🇾 Cyprus,Microsoft,External,18
CY,🇨🇾 Cyprus,Netflix,Local,1
CY,🇨🇾 Cyprus,Other,Local,74
CY,🇨🇾 Cyprus,Other,External,244
CY,🇨🇾 Cyprus,Reflectednetworks,External,11
CZ,🇨🇿 Czechia,Akamai,Local,42
CZ,🇨🇿 Czechia,Amazon,External,45
CZ,🇨🇿 Czechia,Bunnycdn,Local,1
CZ,🇨🇿 Czechia,Bunnycdn,External,1
CZ,🇨🇿 Czechia,Cdn77,Local,1
CZ,🇨🇿 Czechia,Cdn77,External,2
CZ,🇨🇿 Czechia,Cloudflare,Local,322
CZ,🇨🇿 Czechia,Facebook,External,5
CZ,🇨🇿 Czechia,Fastly,External,11
CZ,🇨🇿 Czechia,Microsoft,Local,27
CZ,🇨🇿 Czechia,Netflix,Local,1
CZ,🇨🇿 Czechia,Other,Local,412
CZ,🇨🇿 Czechia,Other,External,120
CZ,🇨🇿 Czechia,Reflectednetworks,External,6
CD,🇨🇩 Democratic Republic of the Congo,Akamai,External,64
CD,🇨🇩 Democratic Republic of the Congo,Alibaba,Local,2
CD,🇨🇩 Democratic Republic of the Congo,Alibaba,External,2
CD,🇨🇩 Democratic Republic of the Congo,Amazon,Regional,21
CD,🇨🇩 Democratic Republic of the Congo,Amazon,External,63
CD,🇨🇩 Democratic Republic of the Congo,Bunnycdn,Regional,1
CD,🇨🇩 Democratic Republic of the Congo,Bunnycdn,External,2
CD,🇨🇩 Democratic Republic of the Congo,Cdn77,External,14
CD,🇨🇩 Democratic Republic of the Congo,Cloudflare,Regional,444
CD,🇨🇩 Democratic Republic of the Congo,Facebook,External,10
CD,🇨🇩 Democratic Republic of the Congo,Fastly,Regional,16
CD,🇨🇩 Democratic Republic of the Congo,Fastly,External,9
CD,🇨🇩 Democratic Republic of the Congo,Microsoft,External,15
CD,🇨🇩 Democratic Republic of the Congo,Netflix,Local,1
CD,🇨🇩 Democratic Republic of the Congo,Other,Local,11
CD,🇨🇩 Democratic Republic of the Congo,Other,External,310
CD,🇨🇩 Democratic Republic of the Congo,Reflectednetworks,External,10
DK,🇩🇰 Denmark,Akamai,Local,74
DK,🇩🇰 Denmark,Alibaba,External,1
DK,🇩🇰 Denmark,Amazon,External,104
DK,🇩🇰 Denmark,Bunnycdn,External,2
DK,🇩🇰 Denmark,Cdn77,External,3
DK,🇩🇰 Denmark,Cloudflare,Local,312
DK,🇩🇰 Denmark,Cloudflare,Regional,29
DK,🇩🇰 Denmark,Cloudflare,External,7
DK,🇩🇰 Denmark,Facebook,External,9
DK,🇩🇰 Denmark,Fastly,Local,49
DK,🇩🇰 Denmark,Microsoft,Local,71
DK,🇩🇰 Denmark,Netflix,Local,1
DK,🇩🇰 Denmark,Other,Local,160
DK,🇩🇰 Denmark,Other,External,170
DK,🇩🇰 Denmark,Reflectednetworks,External,7
DJ,🇩🇯 Djibouti,Akamai,External,86
DJ,🇩🇯 Djibouti,Alibaba,Local,2
DJ,🇩🇯 Djibouti,Amazon,External,64
DJ,🇩🇯 Djibouti,Bunnycdn,External,4
DJ,🇩🇯 Djibouti,Cdn77,External,16
DJ,🇩🇯 Djibouti,Chinanetcenter,External,1
DJ,🇩🇯 Djibouti,Cloudflare,External,469
DJ,🇩🇯 Djibouti,Fastly,External,35
DJ,🇩🇯 Djibouti,Microsoft,External,17
DJ,🇩🇯 Djibouti,Netflix,External,1
DJ,🇩🇯 Djibouti,Other,Local,23
DJ,🇩🇯 Djibouti,Other,External,262
DJ,🇩🇯 Djibouti,Reflectednetworks,External,18
DM,🇩🇲 Dominica,Akamai,External,119
DM,🇩🇲 Dominica,Alibaba,External,4
DM,🇩🇲 Dominica,Amazon,External,146
DM,🇩🇲 Dominica,Bunnycdn,External,2
DM,🇩🇲 Dominica,Cdn77,Regional,2
DM,🇩🇲 Dominica,Cdn77,External,8
DM,🇩🇲 Dominica,Cloudflare,External,366
DM,🇩🇲 Dominica,Facebook,External,10
DM,🇩🇲 Dominica,Fastly,External,63
DM,🇩🇲 Dominica,Microsoft,External,24
DM,🇩🇲 Dominica,Other,Local,5
DM,🇩🇲 Dominica,Other,External,237
DM,🇩🇲 Dominica,Reflectednetworks,External,10
DO,🇩🇴 Dominican Republic,Akamai,Local,77
DO,🇩🇴 Dominican Republic,Amazon,External,97
DO,🇩🇴 Dominican Republic,Bunnycdn,External,5
DO,🇩🇴 Dominican Republic,Cdn77,External,12
DO,🇩🇴 Dominican Republic,Cloudflare,Local,112
DO,🇩🇴 Dominican Republic,Cloudflare,External,310
DO,🇩🇴 Dominican Republic,Facebook,External,10
DO,🇩🇴 Dominican Republic,Fastly,External,44
DO,🇩🇴 Dominican Republic,Microsoft,External,50
DO,🇩🇴 Dominican Republic,Netflix,Local,1
DO,🇩🇴 Dominican Republic,Other,Local,49
DO,🇩🇴 Dominican Republic,Other,External,220
DO,🇩🇴 Dominican Republic,Reflectednetworks,External,10
EC,🇪🇨 Ecuador,Akamai,Local,66
EC,🇪🇨 Ecuador,Alibaba,External,1
EC,🇪🇨 Ecuador,Amazon,External,106
EC,🇪🇨 Ecuador,Bunnycdn,Local,1
EC,🇪🇨 Ecuador,Bunnycdn,External,5
EC,🇪🇨 Ecuador,Cdn77,External,5
EC,🇪🇨 Ecuador,Cloudflare,Local,215
EC,🇪🇨 Ecuador,Cloudflare,Regional,5
EC,🇪🇨 Ecuador,Cloudflare,External,67
EC,🇪🇨 Ecuador,Facebook,External,9
EC,🇪🇨 Ecuador,Fastly,Regional,33
EC,🇪🇨 Ecuador,Microsoft,External,44
EC,🇪🇨 Ecuador,Netflix,Local,1
EC,🇪🇨 Ecuador,Other,Local,222
EC,🇪🇨 Ecuador,Other,External,208
EC,🇪🇨 Ecuador,Reflectednetworks,External,4
EG,🇪🇬 Egypt,Akamai,Local,34
EG,🇪🇬 Egypt,Amazon,External,56
EG,🇪🇬 Egypt,Bunnycdn,External,2
EG,🇪🇬 Egypt,Cdn77,External,7
EG,🇪🇬 Egypt,Cloudflare,Local,59
EG,🇪🇬 Egypt,Cloudflare,External,505
EG,🇪🇬 Egypt,Facebook,External,10
EG,🇪🇬 Egypt,Fastly,External,16
EG,🇪🇬 Egypt,Microsoft,Local,18
EG,🇪🇬 Egypt,Netflix,Local,1
EG,🇪🇬 Egypt,Other,Local,109
EG,🇪🇬 Egypt,Other,External,168
EG,🇪🇬 Egypt,Reflectednetworks,External,9
SV,🇸🇻 El Salvador,Akamai,Local,69
SV,🇸🇻 El Salvador,Amazon,External,113
SV,🇸🇻 El Salvador,Bunnycdn,External,6
SV,🇸🇻 El Salvador,Cdn77,External,7
SV,🇸🇻 El Salvador,Cloudflare,Regional,42
SV,🇸🇻 El Salvador,Cloudflare,External,399
SV,🇸🇻 El Salvador,Facebook,External,10
SV,🇸🇻 El Salvador,Fastly,Regional,4
SV,🇸🇻 El Salvador,Fastly,External,34
SV,🇸🇻 El Salvador,Microsoft,External,31
SV,🇸🇻 El Salvador,Netflix,Local,1
SV,🇸🇻 El Salvador,Other,Local,35
SV,🇸🇻 El Salvador,Other,External,233
SV,🇸🇻 El Salvador,Reflectednetworks,External,8
GQ,🇬🇶 Equatorial Guinea,Akamai,External,97
GQ,🇬🇶 Equatorial Guinea,Alibaba,External,8
GQ,🇬🇶 Equatorial Guinea,Amazon,External,106
GQ,🇬🇶 Equatorial Guinea,Bunnycdn,External,2
GQ,🇬🇶 Equatorial Guinea,Cdn77,Regional,9
GQ,🇬🇶 Equatorial Guinea,Cdn77,External,6
GQ,🇬🇶 Equatorial Guinea,Cloudflare,External,414
GQ,🇬🇶 Equatorial Guinea,Fastly,External,69
GQ,🇬🇶 Equatorial Guinea,Microsoft,External,20
GQ,🇬🇶 Equatorial Guinea,Netflix,Regional,1
GQ,🇬🇶 Equatorial Guinea,Other,Local,0
GQ,🇬🇶 Equatorial Guinea,Other,External,0
GQ,🇬🇶 Equatorial Guinea,Reflectednetworks,External,10
EE,🇪🇪 Estonia,Akamai,Local,33
EE,🇪🇪 Estonia,Amazon,Regional,4
EE,🇪🇪 Estonia,Amazon,External,56
EE,🇪🇪 Estonia,Bunnycdn,External,1
EE,🇪🇪 Estonia,Cdn77,External,3
EE,🇪🇪 Estonia,Cloudflare,Local,359
EE,🇪🇪 Estonia,Facebook,External,6
EE,🇪🇪 Estonia,Fastly,Regional,15
EE,🇪🇪 Estonia,Microsoft,External,17
EE,🇪🇪 Estonia,Netflix,Regional,1
EE,🇪🇪 Estonia,Other,Local,256
EE,🇪🇪 Estonia,Other,External,243
EE,🇪🇪 Estonia,Reflectednetworks,External,5
SZ,🇸🇿 Eswatini,Akamai,External,55
SZ,🇸🇿 Eswatini,Alibaba,External,2
SZ,🇸🇿 Eswatini,Amazon,Regional,104
SZ,🇸🇿 Eswatini,Bunnycdn,Regional,3
SZ,🇸🇿 Eswatini,Cdn77,Regional,13
SZ,🇸🇿 Eswatini,Cloudflare,Regional,437
SZ,🇸🇿 Eswatini,Facebook,External,9
SZ,🇸🇿 Eswatini,Fastly,Regional,33
SZ,🇸🇿 Eswatini,Microsoft,External,28
SZ,🇸🇿 Eswatini,Netflix,Regional,1
SZ,🇸🇿 Eswatini,Other,Local,35
SZ,🇸🇿 Eswatini,Other,External,266
SZ,🇸🇿 Eswatini,Reflectednetworks,External,9
ET,🇪🇹 Ethiopia,Akamai,External,37
ET,🇪🇹 Ethiopia,Alibaba,External,1
ET,🇪🇹 Ethiopia,Amazon,External,73
ET,🇪🇹 Ethiopia,Bunnycdn,External,1
ET,🇪🇹 Ethiopia,Cdn77,External,12
ET,🇪🇹 Ethiopia,Chinanetcenter,External,1
ET,🇪🇹 Ethiopia,Cloudflare,Local,431
ET,🇪🇹 Ethiopia,Facebook,External,8
ET,🇪🇹 Ethiopia,Fastly,External,24
ET,🇪🇹 Ethiopia,Microsoft,External,11
ET,🇪🇹 Ethiopia,Netflix,Local,1
ET,🇪🇹 Ethiopia,Other,Local,131
ET,🇪🇹 Ethiopia,Other,External,257
ET,🇪🇹 Ethiopia,Reflectednetworks,External,5
FK,🇫🇰 Falkland Islands (Malvinas),Other,Local,1
FK,🇫🇰 Falkland Islands (Malvinas),Other,External,94
FO,🇫🇴 Faroe Islands,Akamai,Local,68
FO,🇫🇴 Faroe Islands,Alibaba,External,1
FO,🇫🇴 Faroe Islands,Amazon,External,142
FO,🇫🇴 Faroe Islands,Bunnycdn,External,1
FO,🇫🇴 Faroe Islands,Cdn77,External,3
FO,🇫🇴 Faroe Islands,Cloudflare,Regional,294
FO,🇫🇴 Faroe Islands,Facebook,External,7
FO,🇫🇴 Faroe Islands,Fastly,Regional,43
FO,🇫🇴 Faroe Islands,Fastly,External,14
FO,🇫🇴 Faroe Islands,Microsoft,External,39
FO,🇫🇴 Faroe Islands,Netflix,Local,1
FO,🇫🇴 Faroe Islands,Other,Local,52
FO,🇫🇴 Faroe Islands,Other,External,330
FO,🇫🇴 Faroe Islands,Reflectednetworks,External,4
FJ,🇫🇯 Fiji,Akamai,Local,80
FJ,🇫🇯 Fiji,Alibaba,External,1
FJ,🇫🇯 Fiji,Amazon,External,97
FJ,🇫🇯 Fiji,Bunnycdn,External,4
FJ,🇫🇯 Fiji,Cdn77,External,12
FJ,🇫🇯 Fiji,Cloudflare,Local,313
FJ,🇫🇯 Fiji,Cloudflare,External,133
FJ,🇫🇯 Fiji,Facebook,External,10
FJ,🇫🇯 Fiji,Fastly,External,27
FJ,🇫🇯 Fiji,Microsoft,External,33
FJ,🇫🇯 Fiji,Netflix,Local,1
FJ,🇫🇯 Fiji,Other,Local,43
FJ,🇫🇯 Fiji,Other,External,223
FJ,🇫🇯 Fiji,Reflectednetworks,External,13
FI,🇫🇮 Finland,Akamai,Local,47
FI,🇫🇮 Finland,Amazon,Regional,176
FI,🇫🇮 Finland,Bunnycdn,Regional,1
FI,🇫🇮 Finland,Cdn77,Regional,2
FI,🇫🇮 Finland,Cloudflare,Local,360
FI,🇫🇮 Finland,Facebook,External,6
FI,🇫🇮 Finland,Fastly,Local,33
FI,🇫🇮 Finland,Microsoft,Local,51
FI,🇫🇮 Finland,Netflix,Local,1
FI,🇫🇮 Finland,Other,Local,169
FI,🇫🇮 Finland,Other,External,148
FI,🇫🇮 Finland,Reflectednetworks,External,6
FR,🇫🇷 France,Akamai,Local,125
FR,🇫🇷 France,Amazon,Local,96
FR,🇫🇷 France,Bunnycdn,Local,3
FR,🇫🇷 France,Cdn77,Local,6
FR,🇫🇷 France,Cloudflare,Local,387
FR,🇫🇷 France,Facebook,External,6
FR,🇫🇷 France,Fastly,Local,20
FR,🇫🇷 France,Fastly,Regional,13
FR,🇫🇷 France,Microsoft,Local,14
FR,🇫🇷 France,Netflix,Local,1
FR,🇫🇷 France,Other,Local,207
FR,🇫🇷 France,Other,External,118
FR,🇫🇷 France,Reflectednetworks,Local,4
GF,🇬🇫 French Guiana,Akamai,Local,99
GF,🇬🇫 French Guiana,Amazon,External,79
GF,🇬🇫 French Guiana,Bunnycdn,External,6
GF,🇬🇫 French Guiana,Cdn77,External,6
GF,🇬🇫 French Guiana,Cloudflare,External,410
GF,🇬🇫 French Guiana,Facebook,External,7
GF,🇬🇫 French Guiana,Fastly,External,20
GF,🇬🇫 French Guiana,Microsoft,External,8
GF,🇬🇫 French Guiana,Netflix,Local,1
GF,🇬🇫 French Guiana,Other,Local,2
GF,🇬🇫 French Guiana,Other,External,357
GF,🇬🇫 French Guiana,Reflectednetworks,External,5
PF,🇵🇫 French Polynesia,Akamai,Local,91
PF,🇵🇫 French Polynesia,Alibaba,External,2
PF,🇵🇫 French Polynesia,Amazon,External,71
PF,🇵🇫 French Polynesia,Bunnycdn,External,2
PF,🇵🇫 French Polynesia,Cdn77,External,6
PF,🇵🇫 French Polynesia,Cloudflare,Local,421
PF,🇵🇫 French Polynesia,Facebook,External,8
PF,🇵🇫 French Polynesia,Fastly,External,32
PF,🇵🇫 French Polynesia,Microsoft,External,12
PF,🇵🇫 French Polynesia,Netflix,Local,1
PF,🇵🇫 French Polynesia,Other,Local,58
PF,🇵🇫 French Polynesia,Other,External,288
PF,🇵🇫 French Polynesia,Reflectednetworks,External,5
GA,🇬🇦 Gabon,Akamai,External,58
GA,🇬🇦 Gabon,Alibaba,External,1
GA,🇬🇦 Gabon,Amazon,External,53
GA,🇬🇦 Gabon,Bunnycdn,External,5
GA,🇬🇦 Gabon,Cdn77,External,15
GA,🇬🇦 Gabon,Cloudflare,Regional,222
GA,🇬🇦 Gabon,Cloudflare,External,294
GA,🇬🇦 Gabon,Facebook,External,7
GA,🇬🇦 Gabon,Fastly,Regional,10
GA,🇬🇦 Gabon,Fastly,External,14
GA,🇬🇦 Gabon,Microsoft,External,14
GA,🇬🇦 Gabon,Netflix,External,1
GA,🇬🇦 Gabon,Other,Local,7
GA,🇬🇦 Gabon,Other,External,279
GA,🇬🇦 Gabon,Reflectednetworks,External,15
GM,🇬🇲 Gambia,Akamai,External,65
GM,🇬🇲 Gambia,Alibaba,External,4
GM,🇬🇲 Gambia,Amazon,External,97
GM,🇬🇲 Gambia,Bunnycdn,External,5
GM,🇬🇲 Gambia,Cdn77,External,20
GM,🇬🇲 Gambia,Chinanetcenter,External,1
GM,🇬🇲 Gambia,Cloudflare,External,429
GM,🇬🇲 Gambia,Facebook,External,7
GM,🇬🇲 Gambia,Fastly,External,35
GM,🇬🇲 Gambia,Microsoft,External,25
GM,🇬🇲 Gambia,Netflix,External,1
GM,🇬🇲 Gambia,Other,Local,8
GM,🇬🇲 Gambia,Other,External,284
GM,🇬🇲 Gambia,Reflectednetworks,External,12
GE,🇬🇪 Georgia,Akamai,Local,35
GE,🇬🇪 Georgia,Alibaba,External,1
GE,🇬🇪 Georgia,Amazon,External,65
GE,🇬🇪 Georgia,Bunnycdn,External,1
GE,🇬🇪 Georgia,Cdn77,Local,1
GE,🇬🇪 Georgia,Cdn77,External,8
GE,🇬🇪 Georgia,Cloudflare,Local,333
GE,🇬🇪 Georgia,Cloudflare,External,61
GE,🇬🇪 Georgia,Facebook,External,10
GE,🇬🇪 Georgia,Fastly,External,14
GE,🇬🇪 Georgia,Microsoft,External,9
GE,🇬🇪 Georgia,Netflix,Local,1
GE,🇬🇪 Georgia,Other,Local,151
GE,🇬🇪 Georgia,Other,External,293
GE,🇬🇪 Georgia,Reflectednetworks,External,11
DE,🇩🇪 Germany,Akamai,Local,139
DE,🇩🇪 Germany,Amazon,Local,126
DE,🇩🇪 Germany,Bunnycdn,Local,4
DE,🇩🇪 Germany,Cdn77,Local,8
DE,🇩🇪 Germany,Cloudflare,Local,329
DE,🇩🇪 Germany,Cloudflare,Regional,7
DE,🇩🇪 Germany,Facebook,External,5
DE,🇩🇪 Germany,Fastly,Local,27
DE,🇩🇪 Germany,Microsoft,Local,17
DE,🇩🇪 Germany,Netflix,Local,1
DE,🇩🇪 Germany,Other,Local,179
DE,🇩🇪 Germany,Other,External,143
DE,🇩🇪 Germany,Reflectednetworks,Local,12
DE,🇩🇪 Germany,Wordpress,Local,1
DE,🇩🇪 Germany,Wordpress,External,1
GH,🇬🇭 Ghana,Akamai,Local,50
GH,🇬🇭 Ghana,Alibaba,Local,1
GH,🇬🇭 Ghana,Amazon,External,119
GH,🇬🇭 Ghana,Bunnycdn,External,1
GH,🇬🇭 Ghana,Cdn77,External,12
GH,🇬🇭 Ghana,Cloudflare,Local,401
GH,🇬🇭 Ghana,Facebook,External,8
GH,🇬🇭 Ghana,Fastly,Local,31
GH,🇬🇭 Ghana,Microsoft,External,24
GH,🇬🇭 Ghana,Netflix,Local,1
GH,🇬🇭 Ghana,Other,Local,57
GH,🇬🇭 Ghana,Other,External,285
GH,🇬🇭 Ghana,Reflectednetworks,External,4
GI,🇬🇮 Gibraltar,Akamai,Local,168
GI,🇬🇮 Gibraltar,Amazon,Regional,63
GI,🇬🇮 Gibraltar,Amazon,External,117
GI,🇬🇮 Gibraltar,Bunnycdn,Regional,1
GI,🇬🇮 Gibraltar,Bunnycdn,External,1
GI,🇬🇮 Gibraltar,Cdn77,Regional,4
GI,🇬🇮 Gibraltar,Cdn77,External,7
GI,🇬🇮 Gibraltar,Cloudflare,Regional,168
GI,🇬🇮 Gibraltar,Cloudflare,External,94
GI,🇬🇮 Gibraltar,Facebook,External,9
GI,🇬🇮 Gibraltar,Fastly,Regional,98
GI,🇬🇮 Gibraltar,Microsoft,External,27
GI,🇬🇮 Gibraltar,Other,Local,20
GI,🇬🇮 Gibraltar,Other,External,213
GI,🇬🇮 Gibraltar,Reflectednetworks,Regional,1
GI,🇬🇮 Gibraltar,Reflectednetworks,External,3
GR,🇬🇷 Greece,Akamai,Local,124
GR,🇬🇷 Greece,Amazon,Local,7
GR,🇬🇷 Greece,Amazon,External,41
GR,🇬🇷 Greece,Bunnycdn,Local,1
GR,🇬🇷 Greece,Bunnycdn,External,3
GR,🇬🇷 Greece,Cdn77,Local,1
GR,🇬🇷 Greece,Cdn77,External,4
GR,🇬🇷 Greece,Cloudflare,Local,453
GR,🇬🇷 Greece,Facebook,External,4
GR,🇬🇷 Greece,Fastly,External,23
GR,🇬🇷 Greece,Microsoft,Local,22
GR,🇬🇷 Greece,Netflix,Local,1
GR,🇬🇷 Greece,Other,Local,80
GR,🇬🇷 Greece,Other,External,229
GR,🇬🇷 Greece,Reflectednetworks,External,7
GL,🇬🇱 Greenland,Akamai,Local,83
GL,🇬🇱 Greenland,Alibaba,Local,1
GL,🇬🇱 Greenland,Amazon,External,94
GL,🇬🇱 Greenland,Bunnycdn,External,1
GL,🇬🇱 Greenland,Cdn77,External,6
GL,🇬🇱 Greenland,Cloudflare,External,322
GL,🇬🇱 Greenland,Facebook,External,10
GL,🇬🇱 Greenland,Fastly,Regional,56
GL,🇬🇱 Greenland,Microsoft,External,69
GL,🇬🇱 Greenland,Netflix,Local,1
GL,🇬🇱 Greenland,Other,Local,34
GL,🇬🇱 Greenland,Other,External,313
GL,🇬🇱 Greenland,Reflectednetworks,External,6
GD,🇬🇩 Grenada,Akamai,Local,126
GD,🇬🇩 Grenada,Alibaba,External,1
GD,🇬🇩 Grenada,Amazon,External,142
GD,🇬🇩 Grenada,Bunnycdn,External,3
GD,🇬🇩 Grenada,Cdn77,External,12
GD,🇬🇩 Grenada,Cloudflare,External,377
GD,🇬🇩 Grenada,Facebook,External,9
GD,🇬🇩 Grenada,Fastly,External,50
GD,🇬🇩 Grenada,Microsoft,External,20
GD,🇬🇩 Grenada,Netflix,Local,1
GD,🇬🇩 Grenada,Other,Local,3
GD,🇬🇩 Grenada,Other,External,242
GD,🇬🇩 Grenada,Reflectednetworks,External,10
GP,🇬🇵 Guadeloupe,Akamai,Local,112
GP,🇬🇵 Guadeloupe,Amazon,External,79
GP,🇬🇵 Guadeloupe,Bunnycdn,External,5
GP,🇬🇵 Guadeloupe,Cdn77,External,4
GP,🇬🇵 Guadeloupe,Cloudflare,External,373
GP,🇬🇵 Guadeloupe,Facebook,External,6
GP,🇬🇵 Guadeloupe,Fastly,External,26
GP,🇬🇵 Guadeloupe,Microsoft,External,13
GP,🇬🇵 Guadeloupe,Netflix,Local,1
GP,🇬🇵 Guadeloupe,Other,Local,1
GP,🇬🇵 Guadeloupe,Other,External,375
GP,🇬🇵 Guadeloupe,Reflectednetworks,External,4
GU,🇬🇺 Guam,Akamai,Local,145
GU,🇬🇺 Guam,Alibaba,External,2
GU,🇬🇺 Guam,Amazon,External,143
GU,🇬🇺 Guam,Bunnycdn,External,3
GU,🇬🇺 Guam,Cdn77,External,7
GU,🇬🇺 Guam,Cloudflare,External,359
GU,🇬🇺 Guam,Facebook,External,9
GU,🇬🇺 Guam,Fastly,External,51
GU,🇬🇺 Guam,Microsoft,External,22
GU,🇬🇺 Guam,Netflix,Local,1
GU,🇬🇺 Guam,Other,Local,19
GU,🇬🇺 Guam,Other,External,230
GU,🇬🇺 Guam,Reflectednetworks,External,9
GT,🇬🇹 Guatemala,Akamai,Local,65
GT,🇬🇹 Guatemala,Alibaba,External,1
GT,🇬🇹 Guatemala,Amazon,External,127
GT,🇬🇹 Guatemala,Bunnycdn,External,7
GT,🇬🇹 Guatemala,Cdn77,External,9
GT,🇬🇹 Guatemala,Cloudflare,Local,56
GT,🇬🇹 Guatemala,Cloudflare,External,350
GT,🇬🇹 Guatemala,Facebook,External,9
GT,🇬🇹 Guatemala,Fastly,Regional,4
GT,🇬🇹 Guatemala,Fastly,External,27
GT,🇬🇹 Guatemala,Microsoft,External,32
GT,🇬🇹 Guatemala,Netflix,Local,1
GT,🇬🇹 Guatemala,Other,Local,35
GT,🇬🇹 Guatemala,Other,External,264
GT,🇬🇹 Guatemala,Reflectednetworks,External,11
GG,🇬🇬 Guernsey,Akamai,Local,142
GG,🇬🇬 Guernsey,Amazon,External,159
GG,🇬🇬 Guernsey,Bunnycdn,External,2
GG,🇬🇬 Guernsey,Cdn77,External,3
GG,🇬🇬 Guernsey,Cloudflare,Regional,258
GG,🇬🇬 Guernsey,Cloudflare,External,66
GG,🇬🇬 Guernsey,Facebook,External,7
GG,🇬🇬 Guernsey,Fastly,Regional,78
GG,🇬🇬 Guernsey,Keycdn,External,1
GG,🇬🇬 Guernsey,Microsoft,External,43
GG,🇬🇬 Guernsey,Netflix,Local,1
GG,🇬🇬 Guernsey,Other,Local,6
GG,🇬🇬 Guernsey,Other,External,229
GG,🇬🇬 Guernsey,Reflectednetworks,External,4
GN,🇬🇳 Guinea,Akamai,Local,66
GN,🇬🇳 Guinea,Alibaba,External,2
GN,🇬🇳 Guinea,Amazon,External,63
GN,🇬🇳 Guinea,Bunnycdn,External,3
GN,🇬🇳 Guinea,Cdn77,External,18
GN,🇬🇳 Guinea,Chinanetcenter,External,1
GN,🇬🇳 Guinea,Cloudflare,External,466
GN,🇬🇳 Guinea,Facebook,External,10
GN,🇬🇳 Guinea,Fastly,External,25
GN,🇬🇳 Guinea,Microsoft,External,13
GN,🇬🇳 Guinea,Netflix,External,1
GN,🇬🇳 Guinea,Other,Local,7
GN,🇬🇳 Guinea,Other,External,299
GN,🇬🇳 Guinea,Reflectednetworks,External,13
GW,🇬🇼 Guinea-Bissau,Akamai,External,80
GW,🇬🇼 Guinea-Bissau,Alibaba,Local,5
GW,🇬🇼 Guinea-Bissau,Amazon,External,82
GW,🇬🇼 Guinea-Bissau,Bunnycdn,External,5
GW,🇬🇼 Guinea-Bissau,Cdn77,External,15
GW,🇬🇼 Guinea-Bissau,Chinanetcenter,External,1
GW,🇬🇼 Guinea-Bissau,Cloudflare,External,409
GW,🇬🇼 Guinea-Bissau,Facebook,External,10
GW,🇬🇼 Guinea-Bissau,Fastly,External,46
GW,🇬🇼 Guinea-Bissau,Microsoft,External,19
GW,🇬🇼 Guinea-Bissau,Netflix,External,1
GW,🇬🇼 Guinea-Bissau,Other,Local,5
GW,🇬🇼 Guinea-Bissau,Other,External,302
GW,🇬🇼 Guinea-Bissau,Reflectednetworks,External,14
GW,🇬🇼 Guinea-Bissau,Wordpress,External,1
GY,🇬🇾 Guyana,Akamai,External,79
GY,🇬🇾 Guyana,Alibaba,External,1
GY,🇬🇾 Guyana,Amazon,External,113
GY,🇬🇾 Guyana,Bunnycdn,External,7
GY,🇬🇾 Guyana,Cdn77,External,13
GY,🇬🇾 Guyana,Cloudflare,Local,156
GY,🇬🇾 Guyana,Cloudflare,Regional,80
GY,🇬🇾 Guyana,Cloudflare,External,246
GY,🇬🇾 Guyana,Facebook,External,8
GY,🇬🇾 Guyana,Fastly,External,35
GY,🇬🇾 Guyana,Microsoft,External,15
GY,🇬🇾 Guyana,Netflix,Local,1
GY,🇬🇾 Guyana,Other,Local,8
GY,🇬🇾 Guyana,Other,External,223
GY,🇬🇾 Guyana,Reflectednetworks,External,13
HT,🇭🇹 Haiti,Akamai,Local,52
HT,🇭🇹 Haiti,Alibaba,External,1
HT,🇭🇹 Haiti,Amazon,External,98
HT,🇭🇹 Haiti,Bunnycdn,External,3
HT,🇭🇹 Haiti,Cdn77,External,9
HT,🇭🇹 Haiti,Cloudflare,External,408
HT,🇭🇹 Haiti,Facebook,External,9
HT,🇭🇹 Haiti,Fastly,External,50
HT,🇭🇹 Haiti,Microsoft,External,11
HT,🇭🇹 Haiti,Netflix,Local,1
HT,🇭🇹 Haiti,Other,Local,15
HT,🇭🇹 Haiti,Other,External,321
HT,🇭🇹 Haiti,Reflectednetworks,External,11
HN,🇭🇳 Honduras,Akamai,Local,72
HN,🇭🇳 Honduras,Alibaba,External,2
HN,🇭🇳 Honduras,Amazon,External,138
HN,🇭🇳 Honduras,Bunnycdn,External,8
HN,🇭🇳 Honduras,Cdn77,External,8
HN,🇭🇳 Honduras,Cloudflare,Local,65
HN,🇭🇳 Honduras,Cloudflare,Regional,55
HN,🇭🇳 Honduras,Cloudflare,External,258
HN,🇭🇳 Honduras,Facebook,External,10
HN,🇭🇳 Honduras,Fastly,Regional,7
HN,🇭🇳 Honduras,Fastly,External,31
HN,🇭🇳 Honduras,Microsoft,External,28
HN,🇭🇳 Honduras,Netflix,Local,1
HN,🇭🇳 Honduras,Other,Local,43
HN,🇭🇳 Honduras,Other,External,253
HN,🇭🇳 Honduras,Reflectednetworks,External,10
HN,🇭🇳 Honduras,Wordpress,External,1
HK,🇭🇰 Hong Kong,Akamai,External,73
HK,🇭🇰 Hong Kong,Alibaba,External,40
HK,🇭🇰 Hong Kong,Amazon,Local,9
HK,🇭🇰 Hong Kong,Amazon,Regional,22
HK,🇭🇰 Hong Kong,Amazon,External,62
HK,🇭🇰 Hong Kong,Bunnycdn,External,1
HK,🇭🇰 Hong Kong,Cdn77,Local,1
HK,🇭🇰 Hong Kong,Cdn77,Regional,1
HK,🇭🇰 Hong Kong,Cdn77,External,4
HK,🇭🇰 Hong Kong,Cloudflare,Local,429
HK,🇭🇰 Hong Kong,Cloudflare,External,16
HK,🇭🇰 Hong Kong,Facebook,External,9
HK,🇭🇰 Hong Kong,Fastly,Local,16
HK,🇭🇰 Hong Kong,Fastly,Regional,3
HK,🇭🇰 Hong Kong,Fastly,External,1
HK,🇭🇰 Hong Kong,Microsoft,Local,18
HK,🇭🇰 Hong Kong,Netflix,Local,1
HK,🇭🇰 Hong Kong,Other,Local,91
HK,🇭🇰 Hong Kong,Other,External,191
HK,🇭🇰 Hong Kong,Reflectednetworks,Regional,1
HK,🇭🇰 Hong Kong,Reflectednetworks,External,5
HU,🇭🇺 Hungary,Akamai,Local,56
HU,🇭🇺 Hungary,Alibaba,External,1
HU,🇭🇺 Hungary,Amazon,External,68
HU,🇭🇺 Hungary,Bunnycdn,External,2
HU,🇭🇺 Hungary,Cdn77,External,2
HU,🇭🇺 Hungary,Cloudflare,Local,303
HU,🇭🇺 Hungary,Cloudflare,External,21
HU,🇭🇺 Hungary,Facebook,External,6
HU,🇭🇺 Hungary,Fastly,Regional,2
HU,🇭🇺 Hungary,Fastly,External,13
HU,🇭🇺 Hungary,Microsoft,Local,26
HU,🇭🇺 Hungary,Netflix,Local,1
HU,🇭🇺 Hungary,Other,Local,309
HU,🇭🇺 Hungary,Other,External,182
HU,🇭🇺 Hungary,Reflectednetworks,External,6
IS,🇮🇸 Iceland,Akamai,Local,51
IS,🇮🇸 Iceland,Alibaba,External,1
IS,🇮🇸 Iceland,Amazon,Regional,85
IS,🇮🇸 Iceland,Amazon,External,85
IS,🇮🇸 Iceland,Bunnycdn,Local,1
IS,🇮🇸 Iceland,Cdn77,Regional,2
IS,🇮🇸 Iceland,Cdn77,External,1
IS,🇮🇸 Iceland,Cloudflare,Local,347
IS,🇮🇸 Iceland,Facebook,External,8
IS,🇮🇸 Iceland,Fastly,Regional,18
IS,🇮🇸 Iceland,Fastly,External,19
IS,🇮🇸 Iceland,Microsoft,External,50
IS,🇮🇸 Iceland,Netflix,Local,1
IS,🇮🇸 Iceland,Other,Local,162
IS,🇮🇸 Iceland,Other,External,151
IS,🇮🇸 Iceland,Reflectednetworks,Regional,5
IS,🇮🇸 Iceland,Reflectednetworks,External,5
IS,🇮🇸 Iceland,Wordpress,Regional,3
IN,🇮🇳 India,Akamai,Local,101
IN,🇮🇳 India,Amazon,Local,117
IN,🇮🇳 India,Bunnycdn,Local,1
IN,🇮🇳 India,Cdn77,External,5
IN,🇮🇳 India,Cloudflare,Local,425
IN,🇮🇳 India,Facebook,External,9
IN,🇮🇳 India,Fastly,Local,8
IN,🇮🇳 India,Fastly,External,10
IN,🇮🇳 India,Microsoft,Local,10
IN,🇮🇳 India,Netflix,Local,1
IN,🇮🇳 India,Other,Local,187
IN,🇮🇳 India,Other,External,110
IN,🇮🇳 India,Reflectednetworks,External,4
ID,🇮🇩 Indonesia,Akamai,Local,22
ID,🇮🇩 Indonesia,Alibaba,External,10
ID,🇮🇩 Indonesia,Amazon,Regional,104
ID,🇮🇩 Indonesia,Bunnycdn,Regional,1
ID,🇮🇩 Indonesia,Cdn77,Regional,6
ID,🇮🇩 Indonesia,Cdn77,External,2
ID,🇮🇩 Indonesia,Cloudflare,Local,142
ID,🇮🇩 Indonesia,Cloudflare,Regional,425
ID,🇮🇩 Indonesia,Facebook,External,9
ID,🇮🇩 Indonesia,Fastly,Regional,12
ID,🇮🇩 Indonesia,Microsoft,Local,6
ID,🇮🇩 Indonesia,Netflix,Local,1
ID,🇮🇩 Indonesia,Other,Local,69
ID,🇮🇩 Indonesia,Other,External,167
ID,🇮🇩 Indonesia,Reflectednetworks,Regional,3
IR,🇮🇷 Iran,Akamai,External,11
IR,🇮🇷 Iran,Alibaba,External,2
IR,🇮🇷 Iran,Amazon,External,8
IR,🇮🇷 Iran,Bunnycdn,External,1
IR,🇮🇷 Iran,Cdn77,External,10
IR,🇮🇷 Iran,Cloudflare,External,145
IR,🇮🇷 Iran,Fastly,External,7
IR,🇮🇷 Iran,Microsoft,External,1
IR,🇮🇷 Iran,Other,Local,334
IR,🇮🇷 Iran,Other,External,58
IR,🇮🇷 Iran,Reflectednetworks,External,14
IQ,🇮🇶 Iraq,Akamai,Local,35
IQ,🇮🇶 Iraq,Alibaba,External,6
IQ,🇮🇶 Iraq,Amazon,Regional,30
IQ,🇮🇶 Iraq,Amazon,External,19
IQ,🇮🇶 Iraq,Bunnycdn,Regional,1
IQ,🇮🇶 Iraq,Bunnycdn,External,2
IQ,🇮🇶 Iraq,Cdn77,Regional,1
IQ,🇮🇶 Iraq,Cdn77,External,7
IQ,🇮🇶 Iraq,Cloudflare,Local,364
IQ,🇮🇶 Iraq,Cloudflare,Regional,213
IQ,🇮🇶 Iraq,Cloudflare,External,27
IQ,🇮🇶 Iraq,Facebook,External,11
IQ,🇮🇶 Iraq,Fastly,External,22
IQ,🇮🇶 Iraq,Microsoft,External,9
IQ,🇮🇶 Iraq,Netflix,External,1
IQ,🇮🇶 Iraq,Other,Local,15
IQ,🇮🇶 Iraq,Other,External,217
IQ,🇮🇶 Iraq,Reflectednetworks,External,12
IE,🇮🇪 Ireland,Akamai,Local,110
IE,🇮🇪 Ireland,Amazon,Regional,171
IE,🇮🇪 Ireland,Bunnycdn,Regional,1
IE,🇮🇪 Ireland,Cdn77,Regional,2
IE,🇮🇪 Ireland,Cloudflare,Local,312
IE,🇮🇪 Ireland,Cloudflare,Regional,83
IE,🇮🇪 Ireland,Facebook,External,5
IE,🇮🇪 Ireland,Fastly,Local,51
IE,🇮🇪 Ireland,Fastly,External,10
IE,🇮🇪 Ireland,Microsoft,Local,35
IE,🇮🇪 Ireland,Netflix,Local,1
IE,🇮🇪 Ireland,Other,Local,48
IE,🇮🇪 Ireland,Other,External,160
IE,🇮🇪 Ireland,Reflectednetworks,Regional,8
IE,🇮🇪 Ireland,Wordpress,Regional,2
IE,🇮🇪 Ireland,Wordpress,External,1
IM,🇮🇲 Isle of Man,Akamai,Local,153
IM,🇮🇲 Isle of Man,Amazon,External,183
IM,🇮🇲 Isle of Man,Bunnycdn,External,5
IM,🇮🇲 Isle of Man,Cdn77,External,2
IM,🇮🇲 Isle of Man,Cloudflare,Regional,319
IM,🇮🇲 Isle of Man,Facebook,External,7
IM,🇮🇲 Isle of Man,Fastly,Regional,79
IM,🇮🇲 Isle of Man,Microsoft,External,26
IM,🇮🇲 Isle of Man,Netflix,Regional,1
IM,🇮🇲 Isle of Man,Other,Local,6
IM,🇮🇲 Isle of Man,Other,External,215
IM,🇮🇲 Isle of Man,Reflectednetworks,External,4
IL,🇮🇱 Israel,Akamai,Local,57
IL,🇮🇱 Israel,Alibaba,External,1
IL,🇮🇱 Israel,Amazon,External,101
IL,🇮🇱 Israel,Bunnycdn,External,4
IL,🇮🇱 Israel,Cdn77,External,4
IL,🇮🇱 Israel,Cloudflare,Local,436
IL,🇮🇱 Israel,Facebook,External,9
IL,🇮🇱 Israel,Fastly,External,18
IL,🇮🇱 Israel,Microsoft,Local,10
IL,🇮🇱 Israel,Netflix,Local,1
IL,🇮🇱 Israel,Other,Local,131
IL,🇮🇱 Israel,Other,External,222
IL,🇮🇱 Israel,Reflectednetworks,External,6
IT,🇮🇹 Italy,Akamai,Local,122
IT,🇮🇹 Italy,Amazon,Local,31
IT,🇮🇹 Italy,Amazon,External,111
IT,🇮🇹 Italy,Bunnycdn,Local,1
IT,🇮🇹 Italy,Bunnycdn,External,3
IT,🇮🇹 Italy,Cdn77,Local,1
IT,🇮🇹 Italy,Cdn77,External,4
IT,🇮🇹 Italy,Cloudflare,Local,335
IT,🇮🇹 Italy,Facebook,External,7
IT,🇮🇹 Italy,Fastly,Local,45
IT,🇮🇹 Italy,Microsoft,Local,20
IT,🇮🇹 Italy,Netflix,Local,1
IT,🇮🇹 Italy,Other,Local,164
IT,🇮🇹 Italy,Other,External,147
IT,🇮🇹 Italy,Reflectednetworks,External,8
JM,🇯🇲 Jamaica,Akamai,Local,88
JM,🇯🇲 Jamaica,Amazon,External,110
JM,🇯🇲 Jamaica,Bunnycdn,External,3
JM,🇯🇲 Jamaica,Cdn77,External,12
JM,🇯🇲 Jamaica,Cloudflare,Local,421
JM,🇯🇲 Jamaica,Cloudflare,External,26
JM,🇯🇲 Jamaica,Facebook,External,7
JM,🇯🇲 Jamaica,Fastly,External,33
JM,🇯🇲 Jamaica,Microsoft,External,34
JM,🇯🇲 Jamaica,Netflix,Local,1
JM,🇯🇲 Jamaica,Other,Local,45
JM,🇯🇲 Jamaica,Other,External,206
JM,🇯🇲 Jamaica,Reflectednetworks,External,9
JP,🇯🇵 Japan,Akamai,Local,138
JP,🇯🇵 Japan,Alibaba,External,7
JP,🇯🇵 Japan,Amazon,Local,347
JP,🇯🇵 Japan,Bunnycdn,Local,2
JP,🇯🇵 Japan,Cdn77,Local,2
JP,🇯🇵 Japan,Cloudflare,Local,147
JP,🇯🇵 Japan,Facebook,External,4
JP,🇯🇵 Japan,Fastly,Local,29
JP,🇯🇵 Japan,Microsoft,Local,5
JP,🇯🇵 Japan,Netflix,Local,1
JP,🇯🇵 Japan,Other,Local,231
JP,🇯🇵 Japan,Other,External,81
JP,🇯🇵 Japan,Reflectednetworks,External,4
JE,🇯🇪 Jersey,Akamai,Local,141
JE,🇯🇪 Jersey,Amazon,External,172
JE,🇯🇪 Jersey,Bunnycdn,External,1
JE,🇯🇪 Jersey,Cdn77,External,4
JE,🇯🇪 Jersey,Cloudflare,Regional,147
JE,🇯🇪 Jersey,Cloudflare,External,179
JE,🇯🇪 Jersey,Facebook,External,7
JE,🇯🇪 Jersey,Fastly,Regional,73
JE,🇯🇪 Jersey,Microsoft,External,54
JE,🇯🇪 Jersey,Netflix,Local,1
JE,🇯🇪 Jersey,Other,Local,5
JE,🇯🇪 Jersey,Other,External,207
JE,🇯🇪 Jersey,Reflectednetworks,External,7
JE,🇯🇪 Jersey,Wordpress,Regional,2
JO,🇯🇴 Jordan,Akamai,Local,32
JO,🇯🇴 Jordan,Alibaba,External,1
JO,🇯🇴 Jordan,Amazon,Regional,16
JO,🇯🇴 Jordan,Amazon,External,39
JO,🇯🇴 Jordan,Bunnycdn,External,2
JO,🇯🇴 Jordan,Cdn77,Regional,3
JO,🇯🇴 Jordan,Cdn77,External,6
JO,🇯🇴 Jordan,Cloudflare,Local,517
JO,🇯🇴 Jordan,Facebook,External,10
JO,🇯🇴 Jordan,Fastly,Regional,6
JO,🇯🇴 Jordan,Fastly,External,9
JO,🇯🇴 Jordan,Microsoft,External,17
JO,🇯🇴 Jordan,Netflix,Local,1
JO,🇯🇴 Jordan,Other,Local,146
JO,🇯🇴 Jordan,Other,External,176
JO,🇯🇴 Jordan,Reflectednetworks,External,12
KZ,🇰🇿 Kazakhstan,Akamai,Local,20
KZ,🇰🇿 Kazakhstan,Alibaba,External,1
KZ,🇰🇿 Kazakhstan,Amazon,External,14
KZ,🇰🇿 Kazakhstan,Bunnycdn,External,1
KZ,🇰🇿 Kazakhstan,Cdn77,External,1
KZ,🇰🇿 Kazakhstan,Cloudflare,Local,159
KZ,🇰🇿 Kazakhstan,Cloudflare,External,70
KZ,🇰🇿 Kazakhstan,Facebook,External,8
KZ,🇰🇿 Kazakhstan,Fastly,External,11
KZ,🇰🇿 Kazakhstan,Microsoft,External,3
KZ,🇰🇿 Kazakhstan,Other,Local,249
KZ,🇰🇿 Kazakhstan,Other,External,449
KZ,🇰🇿 Kazakhstan,Reflectednetworks,External,3
KE,🇰🇪 Kenya,Akamai,Local,40
KE,🇰🇪 Kenya,Alibaba,Local,1
KE,🇰🇪 Kenya,Alibaba,External,2
KE,🇰🇪 Kenya,Amazon,External,109
KE,🇰🇪 Kenya,Bunnycdn,External,1
KE,🇰🇪 Kenya,Cdn77,External,9
KE,🇰🇪 Kenya,Cloudflare,Local,149
KE,🇰🇪 Kenya,Cloudflare,Regional,19
KE,🇰🇪 Kenya,Cloudflare,External,201
KE,🇰🇪 Kenya,Facebook,External,10
KE,🇰🇪 Kenya,Fastly,Regional,10
KE,🇰🇪 Kenya,Fastly,External,15
KE,🇰🇪 Kenya,Microsoft,Local,22
KE,🇰🇪 Kenya,Netflix,Local,1
KE,🇰🇪 Kenya,Other,Local,156
KE,🇰🇪 Kenya,Other,External,245
KE,🇰🇪 Kenya,Reflectednetworks,External,3
KI,🇰🇮 Kiribati,Other,Local,0
KI,🇰🇮 Kiribati,Other,External,1
KW,🇰🇼 Kuwait,Akamai,Local,64
KW,🇰🇼 Kuwait,Amazon,External,84
KW,🇰🇼 Kuwait,Bunnycdn,External,1
KW,🇰🇼 Kuwait,Cdn77,External,9
KW,🇰🇼 Kuwait,Cloudflare,Local,305
KW,🇰🇼 Kuwait,Cloudflare,External,235
KW,🇰🇼 Kuwait,Facebook,External,9
KW,🇰🇼 Kuwait,Fastly,Regional,9
KW,🇰🇼 Kuwait,Fastly,External,11
KW,🇰🇼 Kuwait,Microsoft,External,29
KW,🇰🇼 Kuwait,Netflix,Local,1
KW,🇰🇼 Kuwait,Other,Local,60
KW,🇰🇼 Kuwait,Other,External,170
KW,🇰🇼 Kuwait,Reflectednetworks,External,6
KG,🇰🇬 Kyrgyzstan,Akamai,Local,21
KG,🇰🇬 Kyrgyzstan,Alibaba,External,2
KG,🇰🇬 Kyrgyzstan,Amazon,External,21
KG,🇰🇬 Kyrgyzstan,Bunnycdn,External,2
KG,🇰🇬 Kyrgyzstan,Cdn77,External,7
KG,🇰🇬 Kyrgyzstan,Cloudflare,Local,238
KG,🇰🇬 Kyrgyzstan,Cloudflare,External,34
KG,🇰🇬 Kyrgyzstan,Facebook,External,8
KG,🇰🇬 Kyrgyzstan,Fastly,External,11
KG,🇰🇬 Kyrgyzstan,Microsoft,External,5
KG,🇰🇬 Kyrgyzstan,Other,Local,120
KG,🇰🇬 Kyrgyzstan,Other,External,519
KG,🇰🇬 Kyrgyzstan,Reflectednetworks,External,6
LA,🇱🇦 Laos,Akamai,Local,35
LA,🇱🇦 Laos,Alibaba,External,9
LA,🇱🇦 Laos,Amazon,Regional,42
LA,🇱🇦 Laos,Bunnycdn,Regional,2
LA,🇱🇦 Laos,Bunnycdn,External,2
LA,🇱🇦 Laos,Cdn77,Regional,6
LA,🇱🇦 Laos,Cdn77,External,7
LA,🇱🇦 Laos,Cloudflare,Local,660
LA,🇱🇦 Laos,Facebook,External,10
LA,🇱🇦 Laos,Fastly,Regional,5
LA,🇱🇦 Laos,Fastly,External,4
LA,🇱🇦 Laos,Microsoft,External,4
LA,🇱🇦 Laos,Netflix,Regional,1
LA,🇱🇦 Laos,Other,Local,25
LA,🇱🇦 Laos,Other,External,173
LA,🇱🇦 Laos,Reflectednetworks,Regional,9
LV,🇱🇻 Latvia,Akamai,Local,39
LV,🇱🇻 Latvia,Alibaba,Local,1
LV,🇱🇻 Latvia,Amazon,External,42
LV,🇱🇻 Latvia,Bunnycdn,External,1
LV,🇱🇻 Latvia,Cdn77,External,4
LV,🇱🇻 Latvia,Cloudflare,Local,308
LV,🇱🇻 Latvia,Cloudflare,Regional,100
LV,🇱🇻 Latvia,Facebook,External,7
LV,🇱🇻 Latvia,Fastly,Regional,7
LV,🇱🇻 Latvia,Fastly,External,4
LV,🇱🇻 Latvia,Microsoft,External,16
LV,🇱🇻 Latvia,Netflix,Local,1
LV,🇱🇻 Latvia,Other,Local,168
LV,🇱🇻 Latvia,Other,External,293
LV,🇱🇻 Latvia,Reflectednetworks,External,8
LB,🇱🇧 Lebanon,Akamai,Local,38
LB,🇱🇧 Lebanon,Alibaba,Local,1
LB,🇱🇧 Lebanon,Alibaba,External,3
LB,🇱🇧 Lebanon,Amazon,External,64
LB,🇱🇧 Lebanon,Bunnycdn,External,3
LB,🇱🇧 Lebanon,Cdn77,Regional,1
LB,🇱🇧 Lebanon,Cdn77,External,10
LB,🇱🇧 Lebanon,Cloudflare,Local,382
LB,🇱🇧 Lebanon,Cloudflare,External,200
LB,🇱🇧 Lebanon,Facebook,External,9
LB,🇱🇧 Lebanon,Fastly,External,18
LB,🇱🇧 Lebanon,Microsoft,External,16
LB,🇱🇧 Lebanon,Netflix,Local,1
LB,🇱🇧 Lebanon,Other,Local,37
LB,🇱🇧 Lebanon,Other,External,198
LB,🇱🇧 Lebanon,Reflectednetworks,External,15
LS,🇱🇸 Lesotho,Akamai,Local,54
LS,🇱🇸 Lesotho,Alibaba,Local,3
LS,🇱🇸 Lesotho,Alibaba,External,3
LS,🇱🇸 Lesotho,Amazon,Regional,53
LS,🇱🇸 Lesotho,Amazon,External,47
LS,🇱🇸 Lesotho,Bunnycdn,Regional,1
LS,🇱🇸 Lesotho,Cdn77,Regional,4
LS,🇱🇸 Lesotho,Cdn77,External,3
LS,🇱🇸 Lesotho,Cloudflare,Regional,456
LS,🇱🇸 Lesotho,Facebook,External,10
LS,🇱🇸 Lesotho,Fastly,Regional,28
LS,🇱🇸 Lesotho,Microsoft,External,22
LS,🇱🇸 Lesotho,Netflix,Regional,1
LS,🇱🇸 Lesotho,Other,Local,21
LS,🇱🇸 Lesotho,Other,External,282
LS,🇱🇸 Lesotho,Reflectednetworks,External,3
LR,🇱🇷 Liberia,Akamai,External,72
LR,🇱🇷 Liberia,Alibaba,External,8
LR,🇱🇷 Liberia,Amazon,Regional,63
LR,🇱🇷 Liberia,Amazon,External,40
LR,🇱🇷 Liberia,Bunnycdn,External,1
LR,🇱🇷 Liberia,Cdn77,External,13
LR,🇱🇷 Liberia,Cloudflare,Regional,250
LR,🇱🇷 Liberia,Cloudflare,External,157
LR,🇱🇷 Liberia,Facebook,External,12
LR,🇱🇷 Liberia,Fastly,External,31
LR,🇱🇷 Liberia,Microsoft,External,21
LR,🇱🇷 Liberia,Netflix,External,1
LR,🇱🇷 Liberia,Other,Local,7
LR,🇱🇷 Liberia,Other,External,308
LR,🇱🇷 Liberia,Reflectednetworks,External,9
LY,🇱🇾 Libya,Akamai,External,29
LY,🇱🇾 Libya,Alibaba,External,1
LY,🇱🇾 Libya,Amazon,External,35
LY,🇱🇾 Libya,Bunnycdn,External,3
LY,🇱🇾 Libya,Cdn77,External,10
LY,🇱🇾 Libya,Cloudflare,External,631
LY,🇱🇾 Libya,Facebook,External,8
LY,🇱🇾 Libya,Fastly,External,15
LY,🇱🇾 Libya,Microsoft,External,5
LY,🇱🇾 Libya,Netflix,Local,1
LY,🇱🇾 Libya,Other,Local,26
LY,🇱🇾 Libya,Other,External,218
LY,🇱🇾 Libya,Reflectednetworks,External,14
LI,🇱🇮 Liechtenstein,Akamai,External,140
LI,🇱🇮 Liechtenstein,Amazon,Regional,143
LI,🇱🇮 Liechtenstein,Bunnycdn,Regional,1
LI,🇱🇮 Liechtenstein,Cdn77,Regional,3
LI,🇱🇮 Liechtenstein,Cloudflare,Regional,240
LI,🇱🇮 Liechtenstein,Facebook,External,7
LI,🇱🇮 Liechtenstein,Fastly,Regional,40
LI,🇱🇮 Liechtenstein,Microsoft,External,32
LI,🇱🇮 Liechtenstein,Netflix,Regional,1
LI,🇱🇮 Liechtenstein,Other,Local,13
LI,🇱🇮 Liechtenstein,Other,External,375
LI,🇱🇮 Liechtenstein,Reflectednetworks,Regional,4
LI,🇱🇮 Liechtenstein,Reflectednetworks,External,1
LT,🇱🇹 Lithuania,Akamai,Local,46
LT,🇱🇹 Lithuania,Amazon,External,52
LT,🇱🇹 Lithuania,Bunnycdn,External,1
LT,🇱🇹 Lithuania,Cdn77,External,4
LT,🇱🇹 Lithuania,Cloudflare,Local,134
LT,🇱🇹 Lithuania,Cloudflare,Regional,370
LT,🇱🇹 Lithuania,Facebook,External,7
LT,🇱🇹 Lithuania,Fastly,Regional,2
LT,🇱🇹 Lithuania,Fastly,External,11
LT,🇱🇹 Lithuania,Microsoft,External,11
LT,🇱🇹 Lithuania,Netflix,Local,1
LT,🇱🇹 Lithuania,Other,Local,170
LT,🇱🇹 Lithuania,Other,External,182
LT,🇱🇹 Lithuania,Reflectednetworks,External,8
LU,🇱🇺 Luxembourg,Akamai,Local,135
LU,🇱🇺 Luxembourg,Amazon,Regional,112
LU,🇱🇺 Luxembourg,Bunnycdn,Regional,4
LU,🇱🇺 Luxembourg,Cdn77,Regional,7
LU,🇱🇺 Luxembourg,Cloudflare,Local,85
LU,🇱🇺 Luxembourg,Cloudflare,Regional,275
LU,🇱🇺 Luxembourg,Facebook,External,7
LU,🇱🇺 Luxembourg,Fastly,Regional,47
LU,🇱🇺 Luxembourg,Microsoft,External,15
LU,🇱🇺 Luxembourg,Netflix,Local,1
LU,🇱🇺 Luxembourg,Other,Local,72
LU,🇱🇺 Luxembourg,Other,External,221
LU,🇱🇺 Luxembourg,Reflectednetworks,Regional,16
MO,🇲🇴 Macao,Akamai,Local,66
MO,🇲🇴 Macao,Alibaba,External,84
MO,🇲🇴 Macao,Amazon,External,71
MO,🇲🇴 Macao,Bunnycdn,External,1
MO,🇲🇴 Macao,Cdn77,External,5
MO,🇲🇴 Macao,Chinanetcenter,Regional,1
MO,🇲🇴 Macao,Cloudflare,Local,401
MO,🇲🇴 Macao,Facebook,External,7
MO,🇲🇴 Macao,Fastly,Regional,12
MO,🇲🇴 Macao,Microsoft,External,7
MO,🇲🇴 Macao,Netflix,Local,1
MO,🇲🇴 Macao,Other,Local,86
MO,🇲🇴 Macao,Other,External,246
MO,🇲🇴 Macao,Reflectednetworks,External,6
MG,🇲🇬 Madagascar,Akamai,Local,59
MG,🇲🇬 Madagascar,Alibaba,External,4
MG,🇲🇬 Madagascar,Amazon,External,85
MG,🇲🇬 Madagascar,Bunnycdn,External,4
MG,🇲🇬 Madagascar,Cdn77,External,8
MG,🇲🇬 Madagascar,Cloudflare,Local,310
MG,🇲🇬 Madagascar,Cloudflare,Regional,152
MG,🇲🇬 Madagascar,Facebook,External,13
MG,🇲🇬 Madagascar,Fastly,Regional,26
MG,🇲🇬 Madagascar,Microsoft,External,16
MG,🇲🇬 Madagascar,Netflix,Local,1
MG,🇲🇬 Madagascar,Other,Local,28
MG,🇲🇬 Madagascar,Other,External,270
MG,🇲🇬 Madagascar,Reflectednetworks,External,11
MW,🇲🇼 Malawi,Akamai,Local,43
MW,🇲🇼 Malawi,Alibaba,External,9
MW,🇲🇼 Malawi,Amazon,External,105
MW,🇲🇼 Malawi,Bunnycdn,External,1
MW,🇲🇼 Malawi,Cdn77,External,11
MW,🇲🇼 Malawi,Cloudflare,Regional,400
MW,🇲🇼 Malawi,Facebook,External,10
MW,🇲🇼 Malawi,Fastly,Regional,26
MW,🇲🇼 Malawi,Microsoft,External,15
MW,🇲🇼 Malawi,Netflix,Regional,1
MW,🇲🇼 Malawi,Other,Local,79
MW,🇲🇼 Malawi,Other,External,291
MW,🇲🇼 Malawi,Reflectednetworks,External,4
MY,🇲🇾 Malaysia,Akamai,Local,43
MY,🇲🇾 Malaysia,Alibaba,External,42
MY,🇲🇾 Malaysia,Amazon,Regional,82
MY,🇲🇾 Malaysia,Bunnycdn,Regional,5
MY,🇲🇾 Malaysia,Cdn77,Regional,8
MY,🇲🇾 Malaysia,Cloudflare,Local,251
MY,🇲🇾 Malaysia,Cloudflare,Regional,229
MY,🇲🇾 Malaysia,Facebook,External,10
MY,🇲🇾 Malaysia,Fastly,Local,10
MY,🇲🇾 Malaysia,Fastly,Regional,5
MY,🇲🇾 Malaysia,Microsoft,Local,23
MY,🇲🇾 Malaysia,Netflix,Local,1
MY,🇲🇾 Malaysia,Other,Local,95
MY,🇲🇾 Malaysia,Other,External,182
MY,🇲🇾 Malaysia,Reflectednetworks,Regional,6
MV,🇲🇻 Maldives,Akamai,Local,46
MV,🇲🇻 Maldives,Alibaba,External,3
MV,🇲🇻 Maldives,Amazon,External,66
MV,🇲🇻 Maldives,Bunnycdn,External,3
MV,🇲🇻 Maldives,Cdn77,External,9
MV,🇲🇻 Maldives,Cloudflare,Local,604
MV,🇲🇻 Maldives,Facebook,External,9
MV,🇲🇻 Maldives,Fastly,Regional,10
MV,🇲🇻 Maldives,Fastly,External,7
MV,🇲🇻 Maldives,Microsoft,External,15
MV,🇲🇻 Maldives,Netflix,Local,1
MV,🇲🇻 Maldives,Other,Local,22
MV,🇲🇻 Maldives,Other,External,183
MV,🇲🇻 Maldives,Reflectednetworks,External,6
ML,🇲🇱 Mali,Akamai,External,42
ML,🇲🇱 Mali,Alibaba,External,5
ML,🇲🇱 Mali,Amazon,External,70
ML,🇲🇱 Mali,Bunnycdn,External,3
ML,🇲🇱 Mali,Cdn77,External,14
ML,🇲🇱 Mali,Chinanetcenter,External,1
ML,🇲🇱 Mali,Cloudflare,External,309
ML,🇲🇱 Mali,Facebook,External,10
ML,🇲🇱 Mali,Fastly,External,23
ML,🇲🇱 Mali,Microsoft,External,11
ML,🇲🇱 Mali,Netflix,Local,1
ML,🇲🇱 Mali,Other,Local,14
ML,🇲🇱 Mali,Other,External,465
ML,🇲🇱 Mali,Reflectednetworks,External,10
MT,🇲🇹 Malta,Akamai,Local,88
MT,🇲🇹 Malta,Alibaba,External,1
MT,🇲🇹 Malta,Amazon,External,112
MT,🇲🇹 Malta,Bunnycdn,External,2
MT,🇲🇹 Malta,Cdn77,External,9
MT,🇲🇹 Malta,Cloudflare,Regional,219
MT,🇲🇹 Malta,Cloudflare,External,262
MT,🇲🇹 Malta,Facebook,External,10
MT,🇲🇹 Malta,Fastly,Regional,19
MT,🇲🇹 Malta,Fastly,External,22
MT,🇲🇹 Malta,Microsoft,External,31
MT,🇲🇹 Malta,Netflix,Local,1
MT,🇲🇹 Malta,Other,Local,17
MT,🇲🇹 Malta,Other,External,196
MT,🇲🇹 Malta,Reflectednetworks,External,8
MH,🇲🇭 Marshall Islands,Akamai,External,29
MH,🇲🇭 Marshall Islands,Amazon,External,35
MH,🇲🇭 Marshall Islands,Bunnycdn,External,1
MH,🇲🇭 Marshall Islands,Cdn77,External,10
MH,🇲🇭 Marshall Islands,Cloudflare,External,114
MH,🇲🇭 Marshall Islands,Facebook,External,7
MH,🇲🇭 Marshall Islands,Fastly,External,13
MH,🇲🇭 Marshall Islands,Microsoft,External,11
MH,🇲🇭 Marshall Islands,Netflix,External,1
MH,🇲🇭 Marshall Islands,Other,Local,2
MH,🇲🇭 Marshall Islands,Other,External,81
MH,🇲🇭 Marshall Islands,Reflectednetworks,External,6
MQ,🇲🇶 Martinique,Akamai,Local,110
MQ,🇲🇶 Martinique,Amazon,External,76
MQ,🇲🇶 Martinique,Bunnycdn,External,3
MQ,🇲🇶 Martinique,Cdn77,External,5
MQ,🇲🇶 Martinique,Cloudflare,External,366
MQ,🇲🇶 Martinique,Facebook,External,7
MQ,🇲🇶 Martinique,Fastly,External,22
MQ,🇲🇶 Martinique,Microsoft,External,12
MQ,🇲🇶 Martinique,Netflix,Local,1
MQ,🇲🇶 Martinique,Other,Local,5
MQ,🇲🇶 Martinique,Other,External,389
MQ,🇲🇶 Martinique,Reflectednetworks,External,4
MR,🇲🇷 Mauritania,Akamai,External,42
MR,🇲🇷 Mauritania,Alibaba,External,1
MR,🇲🇷 Mauritania,Amazon,External,49
MR,🇲🇷 Mauritania,Bunnycdn,External,7
MR,🇲🇷 Mauritania,Cdn77,External,15
MR,🇲🇷 Mauritania,Chinanetcenter,External,1
MR,🇲🇷 Mauritania,Cloudflare,External,547
MR,🇲🇷 Mauritania,Facebook,External,9
MR,🇲🇷 Mauritania,Fastly,External,29
MR,🇲🇷 Mauritania,Microsoft,External,10
MR,🇲🇷 Mauritania,Netflix,External,1
MR,🇲🇷 Mauritania,Other,Local,33
MR,🇲🇷 Mauritania,Other,External,239
MR,🇲🇷 Mauritania,Reflectednetworks,External,10
MU,🇲🇺 Mauritius,Akamai,Local,63
MU,🇲🇺 Mauritius,Alibaba,External,2
MU,🇲🇺 Mauritius,Amazon,External,79
MU,🇲🇺 Mauritius,Bunnycdn,External,3
MU,🇲🇺 Mauritius,Cdn77,External,12
MU,🇲🇺 Mauritius,Cloudflare,Local,466
MU,🇲🇺 Mauritius,Facebook,External,9
MU,🇲🇺 Mauritius,Fastly,Regional,27
MU,🇲🇺 Mauritius,Microsoft,External,18
MU,🇲🇺 Mauritius,Netflix,Local,1
MU,🇲🇺 Mauritius,Other,Local,86
MU,🇲🇺 Mauritius,Other,External,213
MU,🇲🇺 Mauritius,Reflectednetworks,External,11
YT,🇾🇹 Mayotte,Akamai,External,90
YT,🇾🇹 Mayotte,Amazon,Regional,62
YT,🇾🇹 Mayotte,Bunnycdn,Regional,1
YT,🇾🇹 Mayotte,Bunnycdn,External,2
YT,🇾🇹 Mayotte,Cdn77,Regional,7
YT,🇾🇹 Mayotte,Cloudflare,Regional,368
YT,🇾🇹 Mayotte,Facebook,External,7
YT,🇾🇹 Mayotte,Fastly,Regional,24
YT,🇾🇹 Mayotte,Microsoft,External,15
YT,🇾🇹 Mayotte,Netflix,Regional,1
YT,🇾🇹 Mayotte,Other,Local,11
YT,🇾🇹 Mayotte,Other,External,407
YT,🇾🇹 Mayotte,Reflectednetworks,External,4
MX,🇲🇽 Mexico,Akamai,Local,122
MX,🇲🇽 Mexico,Amazon,External,136
MX,🇲🇽 Mexico,Bunnycdn,External,7
MX,🇲🇽 Mexico,Cdn77,External,6
MX,🇲🇽 Mexico,Cloudflare,Local,236
MX,🇲🇽 Mexico,Cloudflare,External,123
MX,🇲🇽 Mexico,Facebook,External,10
MX,🇲🇽 Mexico,Fastly,Local,20
MX,🇲🇽 Mexico,Fastly,Regional,1
MX,🇲🇽 Mexico,Fastly,External,25
MX,🇲🇽 Mexico,Microsoft,Local,32
MX,🇲🇽 Mexico,Netflix,Local,1
MX,🇲🇽 Mexico,Other,Local,90
MX,🇲🇽 Mexico,Other,External,180
MX,🇲🇽 Mexico,Reflectednetworks,External,8
FM,🇫🇲 Micronesia,Akamai,External,43
FM,🇫🇲 Micronesia,Alibaba,External,1
FM,🇫🇲 Micronesia,Amazon,External,59
FM,🇫🇲 Micronesia,Bunnycdn,External,2
FM,🇫🇲 Micronesia,Cdn77,External,12
FM,🇫🇲 Micronesia,Cloudflare,External,229
FM,🇫🇲 Micronesia,Facebook,External,8
FM,🇫🇲 Micronesia,Fastly,External,20
FM,🇫🇲 Micronesia,Microsoft,External,12
FM,🇫🇲 Micronesia,Netflix,Regional,1
FM,🇫🇲 Micronesia,Other,Local,8
FM,🇫🇲 Micronesia,Other,External,140
FM,🇫🇲 Micronesia,Reflectednetworks,External,9
MD,🇲🇩 Moldova,Akamai,Local,26
MD,🇲🇩 Moldova,Alibaba,External,1
MD,🇲🇩 Moldova,Amazon,External,33
MD,🇲🇩 Moldova,Bunnycdn,External,2
MD,🇲🇩 Moldova,Cdn77,External,5
MD,🇲🇩 Moldova,Cloudflare,Regional,169
MD,🇲🇩 Moldova,Cloudflare,External,180
MD,🇲🇩 Moldova,Facebook,External,6
MD,🇲🇩 Moldova,Fastly,Regional,5
MD,🇲🇩 Moldova,Fastly,External,9
MD,🇲🇩 Moldova,Microsoft,External,5
MD,🇲🇩 Moldova,Other,Local,150
MD,🇲🇩 Moldova,Other,External,399
MD,🇲🇩 Moldova,Reflectednetworks,External,8
MC,🇲🇨 Monaco,Akamai,Local,190
MC,🇲🇨 Monaco,Amazon,External,139
MC,🇲🇨 Monaco,Bunnycdn,External,1
MC,🇲🇨 Monaco,Cdn77,Regional,6
MC,🇲🇨 Monaco,Cloudflare,Regional,279
MC,🇲🇨 Monaco,Cloudflare,External,9
MC,🇲🇨 Monaco,Facebook,External,8
MC,🇲🇨 Monaco,Fastly,Regional,63
MC,🇲🇨 Monaco,Fastly,External,2
MC,🇲🇨 Monaco,Microsoft,External,24
MC,🇲🇨 Monaco,Netflix,Local,1
MC,🇲🇨 Monaco,Other,Local,28
MC,🇲🇨 Monaco,Other,External,242
MC,🇲🇨 Monaco,Reflectednetworks,External,6
MN,🇲🇳 Mongolia,Akamai,Local,36
MN,🇲🇳 Mongolia,Alibaba,External,4
MN,🇲🇳 Mongolia,Amazon,Regional,37
MN,🇲🇳 Mongolia,Amazon,External,17
MN,🇲🇳 Mongolia,Bunnycdn,External,1
MN,🇲🇳 Mongolia,Cdn77,External,4
MN,🇲🇳 Mongolia,Cloudflare,Local,417
MN,🇲🇳 Mongolia,Facebook,External,7
MN,🇲🇳 Mongolia,Fastly,Regional,17
MN,🇲🇳 Mongolia,Microsoft,External,13
MN,🇲🇳 Mongolia,Netflix,Local,1
MN,🇲🇳 Mongolia,Other,Local,231
MN,🇲🇳 Mongolia,Other,External,202
MN,🇲🇳 Mongolia,Reflectednetworks,External,8
ME,🇲🇪 Montenegro,Akamai,External,44
ME,🇲🇪 Montenegro,Amazon,External,54
ME,🇲🇪 Montenegro,Bunnycdn,External,2
ME,🇲🇪 Montenegro,Cdn77,External,18
ME,🇲🇪 Montenegro,Cloudflare,Regional,439
ME,🇲🇪 Montenegro,Facebook,External,6
ME,🇲🇪 Montenegro,Fastly,External,22
ME,🇲🇪 Montenegro,Microsoft,External,9
ME,🇲🇪 Montenegro,Netflix,Regional,1
ME,🇲🇪 Montenegro,Other,Local,27
ME,🇲🇪 Montenegro,Other,External,365
ME,🇲🇪 Montenegro,Reflectednetworks,Regional,1
ME,🇲🇪 Montenegro,Reflectednetworks,External,8
ME,🇲🇪 Montenegro,Wordpress,Regional,1
ME,🇲🇪 Montenegro,Wordpress,External,1
MS,🇲🇸 Montserrat,Other,Local,1
MS,🇲🇸 Montserrat,Other,External,112
MA,🇲🇦 Morocco,Akamai,Local,62
MA,🇲🇦 Morocco,Amazon,External,65
MA,🇲🇦 Morocco,Bunnycdn,External,3
MA,🇲🇦 Morocco,Cdn77,External,10
MA,🇲🇦 Morocco,Cloudflare,External,458
MA,🇲🇦 Morocco,Facebook,External,10
MA,🇲🇦 Morocco,Fastly,External,28
MA,🇲🇦 Morocco,Microsoft,Local,17
MA,🇲🇦 Morocco,Netflix,External,1
MA,🇲🇦 Morocco,Other,Local,119
MA,🇲🇦 Morocco,Other,External,204
MA,🇲🇦 Morocco,Reflectednetworks,External,16
MZ,🇲🇿 Mozambique,Akamai,Local,43
MZ,🇲🇿 Mozambique,Alibaba,External,1
MZ,🇲🇿 Mozambique,Amazon,External,86
MZ,🇲🇿 Mozambique,Bunnycdn,External,5
MZ,🇲🇿 Mozambique,Cdn77,External,12
MZ,🇲🇿 Mozambique,Cloudflare,Regional,429
MZ,🇲🇿 Mozambique,Facebook,External,11
MZ,🇲🇿 Mozambique,Fastly,Regional,32
MZ,🇲🇿 Mozambique,Microsoft,External,11
MZ,🇲🇿 Mozambique,Netflix,Local,1
MZ,🇲🇿 Mozambique,Other,Local,69
MZ,🇲🇿 Mozambique,Other,External,285
MZ,🇲🇿 Mozambique,Reflectednetworks,External,6
MM,🇲🇲 Myanmar,Akamai,Local,27
MM,🇲🇲 Myanmar,Alibaba,External,43
MM,🇲🇲 Myanmar,Amazon,Regional,12
MM,🇲🇲 Myanmar,Amazon,External,32
MM,🇲🇲 Myanmar,Bunnycdn,External,1
MM,🇲🇲 Myanmar,Cdn77,Regional,8
MM,🇲🇲 Myanmar,Cdn77,External,3
MM,🇲🇲 Myanmar,Cloudflare,Regional,585
MM,🇲🇲 Myanmar,Facebook,External,4
MM,🇲🇲 Myanmar,Fastly,Regional,23
MM,🇲🇲 Myanmar,Microsoft,External,11
MM,🇲🇲 Myanmar,Netflix,Local,1
MM,🇲🇲 Myanmar,Other,Local,32
MM,🇲🇲 Myanmar,Other,External,205
MM,🇲🇲 Myanmar,Reflectednetworks,Regional,3
MM,🇲🇲 Myanmar,Reflectednetworks,External,5
NA,🇳🇦 Namibia,Akamai,External,52
NA,🇳🇦 Namibia,Alibaba,Local,1
NA,🇳🇦 Namibia,Alibaba,External,2
NA,🇳🇦 Namibia,Amazon,External,108
NA,🇳🇦 Namibia,Bunnycdn,External,2
NA,🇳🇦 Namibia,Cdn77,External,8
NA,🇳🇦 Namibia,Cloudflare,Local,154
NA,🇳🇦 Namibia,Cloudflare,External,287
NA,🇳🇦 Namibia,Facebook,External,8
NA,🇳🇦 Namibia,Fastly,External,32
NA,🇳🇦 Namibia,Microsoft,External,26
NA,🇳🇦 Namibia,Netflix,Local,1
NA,🇳🇦 Namibia,Other,Local,60
NA,🇳🇦 Namibia,Other,External,247
NA,🇳🇦 Namibia,Reflectednetworks,External,5
NP,🇳🇵 Nepal,Akamai,Local,34
NP,🇳🇵 Nepal,Alibaba,External,12
NP,🇳🇵 Nepal,Amazon,External,32
NP,🇳🇵 Nepal,Bunnycdn,External,2
NP,🇳🇵 Nepal,Cdn77,External,7
NP,🇳🇵 Nepal,Cloudflare,Local,485
NP,🇳🇵 Nepal,Facebook,External,10
NP,🇳🇵 Nepal,Fastly,Regional,14
NP,🇳🇵 Nepal,Microsoft,External,6
NP,🇳🇵 Nepal,Netflix,Local,1
NP,🇳🇵 Nepal,Other,Local,237
NP,🇳🇵 Nepal,Other,External,142
NP,🇳🇵 Nepal,Reflectednetworks,External,5
NL,🇳🇱 Netherlands,Akamai,Local,129
NL,🇳🇱 Netherlands,Amazon,Local,111
NL,🇳🇱 Netherlands,Bunnycdn,Local,3
NL,🇳🇱 Netherlands,Cdn77,Local,7
NL,🇳🇱 Netherlands,Cloudflare,Local,388
NL,🇳🇱 Netherlands,Facebook,External,6
NL,🇳🇱 Netherlands,Fastly,Local,31
NL,🇳🇱 Netherlands,Microsoft,Local,31
NL,🇳🇱 Netherlands,Netflix,Local,1
NL,🇳🇱 Netherlands,Other,Local,133
NL,🇳🇱 Netherlands,Other,External,146
NL,🇳🇱 Netherlands,Reflectednetworks,Local,12
NL,🇳🇱 Netherlands,Wordpress,Local,1
NC,🇳🇨 New Caledonia,Akamai,Local,84
NC,🇳🇨 New Caledonia,Alibaba,External,1
NC,🇳🇨 New Caledonia,Amazon,External,80
NC,🇳🇨 New Caledonia,Bunnycdn,External,4
NC,🇳🇨 New Caledonia,Cdn77,External,4
NC,🇳🇨 New Caledonia,Cloudflare,Local,376
NC,🇳🇨 New Caledonia,Facebook,External,9
NC,🇳🇨 New Caledonia,Fastly,External,22
NC,🇳🇨 New Caledonia,Microsoft,External,12
NC,🇳🇨 New Caledonia,Netflix,Local,1
NC,🇳🇨 New Caledonia,Other,Local,118
NC,🇳🇨 New Caledonia,Other,External,280
NC,🇳🇨 New Caledonia,Reflectednetworks,External,6
NZ,🇳🇿 New Zealand,Akamai,Local,100
NZ,🇳🇿 New Zealand,Alibaba,External,1
NZ,🇳🇿 New Zealand,Amazon,Local,41
NZ,🇳🇿 New Zealand,Amazon,Regional,143
NZ,🇳🇿 New Zealand,Bunnycdn,Local,1
NZ,🇳🇿 New Zealand,Cdn77,Regional,2
NZ,🇳🇿 New Zealand,Cloudflare,Local,383
NZ,🇳🇿 New Zealand,Facebook,External,9
NZ,🇳🇿 New Zealand,Fastly,Local,76
NZ,🇳🇿 New Zealand,Microsoft,Local,48
NZ,🇳🇿 New Zealand,Netflix,Local,1
NZ,🇳🇿 New Zealand,Other,Local,50
NZ,🇳🇿 New Zealand,Other,External,140
NZ,🇳🇿 New Zealand,Reflectednetworks,Regional,3
NZ,🇳🇿 New Zealand,Reflectednetworks,External,2
NI,🇳🇮 Nicaragua,Akamai,Local,74
NI,🇳🇮 Nicaragua,Alibaba,External,3
NI,🇳🇮 Nicaragua,Amazon,External,96
NI,🇳🇮 Nicaragua,Bunnycdn,External,7
NI,🇳🇮 Nicaragua,Cdn77,External,9
NI,🇳🇮 Nicaragua,Cloudflare,Regional,41
NI,🇳🇮 Nicaragua,Cloudflare,External,393
NI,🇳🇮 Nicaragua,Facebook,External,9
NI,🇳🇮 Nicaragua,Fastly,External,39
NI,🇳🇮 Nicaragua,Microsoft,External,19
NI,🇳🇮 Nicaragua,Netflix,Local,1
NI,🇳🇮 Nicaragua,Other,Local,61
NI,🇳🇮 Nicaragua,Other,External,225
NI,🇳🇮 Nicaragua,Reflectednetworks,External,11
NE,🇳🇪 Niger,Akamai,External,56
NE,🇳🇪 Niger,Alibaba,External,5
NE,🇳🇪 Niger,Amazon,External,83
NE,🇳🇪 Niger,Bunnycdn,External,3
NE,🇳🇪 Niger,Cdn77,External,16
NE,🇳🇪 Niger,Chinanetcenter,External,1
NE,🇳🇪 Niger,Cloudflare,External,369
NE,🇳🇪 Niger,Facebook,External,10
NE,🇳🇪 Niger,Fastly,Regional,29
NE,🇳🇪 Niger,Microsoft,External,12
NE,🇳🇪 Niger,Netflix,Regional,1
NE,🇳🇪 Niger,Other,Local,0
NE,🇳🇪 Niger,Other,External,33
NE,🇳🇪 Niger,Reflectednetworks,External,6
NG,🇳🇬 Nigeria,Akamai,Local,48
NG,🇳🇬 Nigeria,Alibaba,External,5
NG,🇳🇬 Nigeria,Amazon,External,118
NG,🇳🇬 Nigeria,Bunnycdn,External,2
NG,🇳🇬 Nigeria,Cdn77,External,7
NG,🇳🇬 Nigeria,Cloudflare,External,390
NG,🇳🇬 Nigeria,Facebook,External,10
NG,🇳🇬 Nigeria,Fastly,Regional,21
NG,🇳🇬 Nigeria,Fastly,External,9
NG,🇳🇬 Nigeria,Microsoft,Local,28
NG,🇳🇬 Nigeria,Netflix,Local,1
NG,🇳🇬 Nigeria,Other,Local,42
NG,🇳🇬 Nigeria,Other,External,291
NG,🇳🇬 Nigeria,Reflectednetworks,External,3
MK,🇲🇰 North Macedonia,Akamai,Local,45
MK,🇲🇰 North Macedonia,Amazon,Regional,28
MK,🇲🇰 North Macedonia,Amazon,External,27
MK,🇲🇰 North Macedonia,Bunnycdn,External,2
MK,🇲🇰 North Macedonia,Cdn77,External,13
MK,🇲🇰 North Macedonia,Cloudflare,Local,153
MK,🇲🇰 North Macedonia,Cloudflare,External,243
MK,🇲🇰 North Macedonia,Facebook,External,8
MK,🇲🇰 North Macedonia,Fastly,External,18
MK,🇲🇰 North Macedonia,Microsoft,External,15
MK,🇲🇰 North Macedonia,Netflix,Local,1
MK,🇲🇰 North Macedonia,Other,Local,118
MK,🇲🇰 North Macedonia,Other,External,318
MK,🇲🇰 North Macedonia,Reflectednetworks,External,11
MP,🇲🇵 Northern Mariana Islands,Akamai,Local,70
MP,🇲🇵 Northern Mariana Islands,Amazon,External,52
MP,🇲🇵 Northern Mariana Islands,Bunnycdn,External,1
MP,🇲🇵 Northern Mariana Islands,Cdn77,External,4
MP,🇲🇵 Northern Mariana Islands,Cloudflare,External,105
MP,🇲🇵 Northern Mariana Islands,Facebook,External,7
MP,🇲🇵 Northern Mariana Islands,Fastly,External,21
MP,🇲🇵 Northern Mariana Islands,Microsoft,External,12
MP,🇲🇵 Northern Mariana Islands,Netflix,Regional,1
MP,🇲🇵 Northern Mariana Islands,Other,Local,0
MP,🇲🇵 Northern Mariana Islands,Other,External,89
MP,🇲🇵 Northern Mariana Islands,Reflectednetworks,External,3
NO,🇳🇴 Norway,Akamai,Local,58
NO,🇳🇴 Norway,Amazon,Regional,126
NO,🇳🇴 Norway,Bunnycdn,Regional,1
NO,🇳🇴 Norway,Cdn77,Regional,4
NO,🇳🇴 Norway,Cloudflare,Local,347
NO,🇳🇴 Norway,Cloudflare,Regional,27
NO,🇳🇴 Norway,Facebook,External,6
NO,🇳🇴 Norway,Fastly,Local,36
NO,🇳🇴 Norway,Fastly,Regional,1
NO,🇳🇴 Norway,Microsoft,Local,83
NO,🇳🇴 Norway,Netflix,Local,1
NO,🇳🇴 Norway,Other,Local,137
NO,🇳🇴 Norway,Other,External,160
NO,🇳🇴 Norway,Reflectednetworks,External,10
NO,🇳🇴 Norway,Wordpress,Regional,3
OM,🇴🇲 Oman,Akamai,Local,54
OM,🇴🇲 Oman,Alibaba,External,2
OM,🇴🇲 Oman,Amazon,External,55
OM,🇴🇲 Oman,Bunnycdn,External,2
OM,🇴🇲 Oman,Cdn77,External,9
OM,🇴🇲 Oman,Cloudflare,Local,514
OM,🇴🇲 Oman,Facebook,External,8
OM,🇴🇲 Oman,Fastly,Regional,6
OM,🇴🇲 Oman,Fastly,External,11
OM,🇴🇲 Oman,Microsoft,External,15
OM,🇴🇲 Oman,Netflix,Local,1
OM,🇴🇲 Oman,Other,Local,106
OM,🇴🇲 Oman,Other,External,203
OM,🇴🇲 Oman,Reflectednetworks,External,6
PK,🇵🇰 Pakistan,Akamai,Local,41
PK,🇵🇰 Pakistan,Alibaba,External,10
PK,🇵🇰 Pakistan,Amazon,External,83
PK,🇵🇰 Pakistan,Bunnycdn,External,3
PK,🇵🇰 Pakistan,Cdn77,External,8
PK,🇵🇰 Pakistan,Cloudflare,Local,280
PK,🇵🇰 Pakistan,Cloudflare,External,224
PK,🇵🇰 Pakistan,Facebook,External,10
PK,🇵🇰 Pakistan,Fastly,External,10
PK,🇵🇰 Pakistan,Microsoft,External,8
PK,🇵🇰 Pakistan,Netflix,Local,1
PK,🇵🇰 Pakistan,Other,Local,101
PK,🇵🇰 Pakistan,Other,External,201
PK,🇵🇰 Pakistan,Reflectednetworks,External,5
PW,🇵🇼 Palau,Akamai,External,35
PW,🇵🇼 Palau,Amazon,External,44
PW,🇵🇼 Palau,Bunnycdn,External,1
PW,🇵🇼 Palau,Cdn77,External,9
PW,🇵🇼 Palau,Cloudflare,External,113
PW,🇵🇼 Palau,Facebook,External,7
PW,🇵🇼 Palau,Fastly,External,14
PW,🇵🇼 Palau,Microsoft,External,8
PW,🇵🇼 Palau,Netflix,External,1
PW,🇵🇼 Palau,Other,Local,3
PW,🇵🇼 Palau,Other,External,97
PW,🇵🇼 Palau,Reflectednetworks,External,7
PS,🇵🇸 Palestine,Akamai,External,32
PS,🇵🇸 Palestine,Alibaba,Local,1
PS,🇵🇸 Palestine,Amazon,External,49
PS,🇵🇸 Palestine,Bunnycdn,External,2
PS,🇵🇸 Palestine,Cdn77,External,10
PS,🇵🇸 Palestine,Cloudflare,External,552
PS,🇵🇸 Palestine,Facebook,External,10
PS,🇵🇸 Palestine,Fastly,External,19
PS,🇵🇸 Palestine,Microsoft,External,23
PS,🇵🇸 Palestine,Netflix,Local,1
PS,🇵🇸 Palestine,Other,Local,50
PS,🇵🇸 Palestine,Other,External,225
PS,🇵🇸 Palestine,Reflectednetworks,External,11
PA,🇵🇦 Panama,Akamai,Local,63
PA,🇵🇦 Panama,Amazon,External,112
PA,🇵🇦 Panama,Bunnycdn,External,6
PA,🇵🇦 Panama,Cdn77,External,8
PA,🇵🇦 Panama,Cloudflare,Local,166
PA,🇵🇦 Panama,Cloudflare,External,261
PA,🇵🇦 Panama,Facebook,External,9
PA,🇵🇦 Panama,Fastly,External,40
PA,🇵🇦 Panama,Microsoft,External,39
PA,🇵🇦 Panama,Netflix,Local,1
PA,🇵🇦 Panama,Other,Local,64
PA,🇵🇦 Panama,Other,External,216
PA,🇵🇦 Panama,Reflectednetworks,External,8
PG,🇵🇬 Papua New Guinea,Akamai,External,36
PG,🇵🇬 Papua New Guinea,Alibaba,External,150
PG,🇵🇬 Papua New Guinea,Amazon,External,79
PG,🇵🇬 Papua New Guinea,Bunnycdn,External,2
PG,🇵🇬 Papua New Guinea,Cdn77,External,8
PG,🇵🇬 Papua New Guinea,Cloudflare,External,434
PG,🇵🇬 Papua New Guinea,Facebook,External,8
PG,🇵🇬 Papua New Guinea,Fastly,External,18
PG,🇵🇬 Papua New Guinea,Microsoft,External,11
PG,🇵🇬 Papua New Guinea,Netflix,Local,1
PG,🇵🇬 Papua New Guinea,Other,Local,17
PG,🇵🇬 Papua New Guinea,Other,External,213
PG,🇵🇬 Papua New Guinea,Reflectednetworks,External,9
PG,🇵🇬 Papua New Guinea,Wordpress,External,1
PY,🇵🇾 Paraguay,Akamai,Local,67
PY,🇵🇾 Paraguay,Amazon,External,99
PY,🇵🇾 Paraguay,Bunnycdn,External,9
PY,🇵🇾 Paraguay,Cdn77,External,9
PY,🇵🇾 Paraguay,Cloudflare,Local,267
PY,🇵🇾 Paraguay,Cloudflare,Regional,112
PY,🇵🇾 Paraguay,Facebook,External,9
PY,🇵🇾 Paraguay,Fastly,Regional,28
PY,🇵🇾 Paraguay,Microsoft,External,15
PY,🇵🇾 Paraguay,Netflix,Local,1
PY,🇵🇾 Paraguay,Other,Local,151
PY,🇵🇾 Paraguay,Other,External,214
PY,🇵🇾 Paraguay,Reflectednetworks,External,9
PE,🇵🇪 Peru,Akamai,Local,73
PE,🇵🇪 Peru,Amazon,External,165
PE,🇵🇪 Peru,Bunnycdn,External,6
PE,🇵🇪 Peru,Cdn77,External,8
PE,🇵🇪 Peru,Cloudflare,Local,41
PE,🇵🇪 Peru,Cloudflare,Regional,190
PE,🇵🇪 Peru,Cloudflare,External,107
PE,🇵🇪 Peru,Facebook,External,11
PE,🇵🇪 Peru,Fastly,Local,46
PE,🇵🇪 Peru,Microsoft,External,22
PE,🇵🇪 Peru,Netflix,Local,1
PE,🇵🇪 Peru,Other,Local,126
PE,🇵🇪 Peru,Other,External,195
PE,🇵🇪 Peru,Reflectednetworks,External,4
PE,🇵🇪 Peru,Wordpress,Regional,1
PH,🇵🇭 Philippines,Akamai,Local,50
PH,🇵🇭 Philippines,Alibaba,External,12
PH,🇵🇭 Philippines,Amazon,Regional,122
PH,🇵🇭 Philippines,Amazon,External,9
PH,🇵🇭 Philippines,Bunnycdn,Regional,1
PH,🇵🇭 Philippines,Cdn77,Regional,10
PH,🇵🇭 Philippines,Cloudflare,Local,116
PH,🇵🇭 Philippines,Cloudflare,External,406
PH,🇵🇭 Philippines,Facebook,External,12
PH,🇵🇭 Philippines,Fastly,Local,21
PH,🇵🇭 Philippines,Microsoft,Local,17
PH,🇵🇭 Philippines,Netflix,Local,1
PH,🇵🇭 Philippines,Other,Local,37
PH,🇵🇭 Philippines,Other,External,172
PH,🇵🇭 Philippines,Reflectednetworks,Regional,7
PL,🇵🇱 Poland,Akamai,Local,69
PL,🇵🇱 Poland,Amazon,External,80
PL,🇵🇱 Poland,Bunnycdn,External,12
PL,🇵🇱 Poland,Cdn77,External,3
PL,🇵🇱 Poland,Cloudflare,Local,267
PL,🇵🇱 Poland,Cloudflare,Regional,35
PL,🇵🇱 Poland,Cloudflare,External,73
PL,🇵🇱 Poland,Facebook,External,7
PL,🇵🇱 Poland,Fastly,External,17
PL,🇵🇱 Poland,Microsoft,Local,11
PL,🇵🇱 Poland,Netflix,Local,1
PL,🇵🇱 Poland,Other,Local,238
PL,🇵🇱 Poland,Other,External,167
PL,🇵🇱 Poland,Reflectednetworks,External,7
PL,🇵🇱 Poland,Wordpress,External,13
PT,🇵🇹 Portugal,Akamai,Local,97
PT,🇵🇹 Portugal,Amazon,External,97
PT,🇵🇹 Portugal,Bunnycdn,External,3
PT,🇵🇹 Portugal,Cdn77,External,5
PT,🇵🇹 Portugal,Cloudflare,Local,366
PT,🇵🇹 Portugal,Facebook,External,10
PT,🇵🇹 Portugal,Fastly,Local,45
PT,🇵🇹 Portugal,Microsoft,Local,36
PT,🇵🇹 Portugal,Netflix,Local,1
PT,🇵🇹 Portugal,Other,Local,165
PT,🇵🇹 Portugal,Other,External,165
PT,🇵🇹 Portugal,Reflectednetworks,External,8
PR,🇵🇷 Puerto Rico,Akamai,Local,149
PR,🇵🇷 Puerto Rico,Amazon,External,112
PR,🇵🇷 Puerto Rico,Bunnycdn,External,2
PR,🇵🇷 Puerto Rico,Cdn77,External,10
PR,🇵🇷 Puerto Rico,Cloudflare,External,345
PR,🇵🇷 Puerto Rico,Facebook,External,8
PR,🇵🇷 Puerto Rico,Fastly,External,46
PR,🇵🇷 Puerto Rico,Microsoft,External,56
PR,🇵🇷 Puerto Rico,Netflix,Local,1
PR,🇵🇷 Puerto Rico,Other,Local,56
PR,🇵🇷 Puerto Rico,Other,External,201
PR,🇵🇷 Puerto Rico,Reflectednetworks,External,12
QA,🇶🇦 Qatar,Akamai,Local,64
QA,🇶🇦 Qatar,Alibaba,External,1
QA,🇶🇦 Qatar,Amazon,External,51
QA,🇶🇦 Qatar,Bunnycdn,External,2
QA,🇶🇦 Qatar,Cdn77,External,9
QA,🇶🇦 Qatar,Cloudflare,Local,552
QA,🇶🇦 Qatar,Facebook,External,9
QA,🇶🇦 Qatar,Fastly,Regional,7
QA,🇶🇦 Qatar,Fastly,External,20
QA,🇶🇦 Qatar,Microsoft,Local,33
QA,🇶🇦 Qatar,Netflix,Local,1
QA,🇶🇦 Qatar,Other,Local,41
QA,🇶🇦 Qatar,Other,External,199
QA,🇶🇦 Qatar,Reflectednetworks,External,7
RE,🇷🇪 Réunion,Akamai,Local,92
RE,🇷🇪 Réunion,Amazon,External,61
RE,🇷🇪 Réunion,Bunnycdn,External,3
RE,🇷🇪 Réunion,Cdn77,External,4
RE,🇷🇪 Réunion,Cloudflare,Local,302
RE,🇷🇪 Réunion,Cloudflare,Regional,84
RE,🇷🇪 Réunion,Facebook,External,7
RE,🇷🇪 Réunion,Fastly,Regional,20
RE,🇷🇪 Réunion,Microsoft,External,13
RE,🇷🇪 Réunion,Netflix,Local,1
RE,🇷🇪 Réunion,Other,Local,37
RE,🇷🇪 Réunion,Other,External,372
RE,🇷🇪 Réunion,Reflectednetworks,External,3
RE,🇷🇪 Réunion,Wordpress,Regional,1
RO,🇷🇴 Romania,Akamai,Local,61
RO,🇷🇴 Romania,Amazon,External,77
RO,🇷🇴 Romania,Bunnycdn,External,2
RO,🇷🇴 Romania,Cdn77,External,5
RO,🇷🇴 Romania,Cloudflare,Local,380
RO,🇷🇴 Romania,Cloudflare,External,62
RO,🇷🇴 Romania,Facebook,External,8
RO,🇷🇴 Romania,Fastly,Regional,2
RO,🇷🇴 Romania,Fastly,External,12
RO,🇷🇴 Romania,Microsoft,Local,10
RO,🇷🇴 Romania,Netflix,Local,1
RO,🇷🇴 Romania,Other,Local,185
RO,🇷🇴 Romania,Other,External,183
RO,🇷🇴 Romania,Reflectednetworks,External,10
RU,🇷🇺 Russia,Akamai,Local,13
RU,🇷🇺 Russia,Alibaba,External,1
RU,🇷🇺 Russia,Amazon,External,12
RU,🇷🇺 Russia,Bunnycdn,Local,1
RU,🇷🇺 Russia,Bunnycdn,External,1
RU,🇷🇺 Russia,Cdn77,Local,1
RU,🇷🇺 Russia,Cloudflare,Regional,13
RU,🇷🇺 Russia,Cloudflare,External,117
RU,🇷🇺 Russia,Facebook,External,3
RU,🇷🇺 Russia,Fastly,External,4
RU,🇷🇺 Russia,Microsoft,External,1
RU,🇷🇺 Russia,Other,Local,600
RU,🇷🇺 Russia,Other,External,220
RU,🇷🇺 Russia,Reflectednetworks,External,3
RW,🇷🇼 Rwanda,Akamai,Local,32
RW,🇷🇼 Rwanda,Alibaba,External,2
RW,🇷🇼 Rwanda,Amazon,External,83
RW,🇷🇼 Rwanda,Bunnycdn,External,2
RW,🇷🇼 Rwanda,Cdn77,External,10
RW,🇷🇼 Rwanda,Cloudflare,Regional,374
RW,🇷🇼 Rwanda,Facebook,External,9
RW,🇷🇼 Rwanda,Fastly,Regional,11
RW,🇷🇼 Rwanda,Fastly,External,11
RW,🇷🇼 Rwanda,Microsoft,External,18
RW,🇷🇼 Rwanda,Netflix,Regional,1
RW,🇷🇼 Rwanda,Other,Local,174
RW,🇷🇼 Rwanda,Other,External,259
RW,🇷🇼 Rwanda,Reflectednetworks,External,4
BL,🇧🇱 Saint Barthélemy,Other,Local,0
BL,🇧🇱 Saint Barthélemy,Other,External,104
SH,🇸🇭 Saint Helena,Akamai,External,11
SH,🇸🇭 Saint Helena,Amazon,External,10
SH,🇸🇭 Saint Helena,Cdn77,External,4
SH,🇸🇭 Saint Helena,Cloudflare,External,20
SH,🇸🇭 Saint Helena,Facebook,External,3
SH,🇸🇭 Saint Helena,Fastly,Regional,10
SH,🇸🇭 Saint Helena,Microsoft,External,1
SH,🇸🇭 Saint Helena,Netflix,Regional,1
SH,🇸🇭 Saint Helena,Other,Local,0
SH,🇸🇭 Saint Helena,Other,External,0
SH,🇸🇭 Saint Helena,Reflectednetworks,External,1
KN,🇰🇳 Saint Kitts and Nevis,Akamai,External,137
KN,🇰🇳 Saint Kitts and Nevis,Alibaba,External,2
KN,🇰🇳 Saint Kitts and Nevis,Amazon,External,150
KN,🇰🇳 Saint Kitts and Nevis,Bunnycdn,External,2
KN,🇰🇳 Saint Kitts and Nevis,Cdn77,Regional,1
KN,🇰🇳 Saint Kitts and Nevis,Cdn77,External,9
KN,🇰🇳 Saint Kitts and Nevis,Cloudflare,External,338
KN,🇰🇳 Saint Kitts and Nevis,Facebook,External,8
KN,🇰🇳 Saint Kitts and Nevis,Fastly,External,67
KN,🇰🇳 Saint Kitts and Nevis,Microsoft,External,24
KN,🇰🇳 Saint Kitts and Nevis,Netflix,Local,1
KN,🇰🇳 Saint Kitts and Nevis,Other,Local,3
KN,🇰🇳 Saint Kitts and Nevis,Other,External,246
KN,🇰🇳 Saint Kitts and Nevis,Reflectednetworks,External,6
LC,🇱🇨 Saint Lucia,Akamai,Local,125
LC,🇱🇨 Saint Lucia,Alibaba,External,1
LC,🇱🇨 Saint Lucia,Amazon,External,125
LC,🇱🇨 Saint Lucia,Bunnycdn,External,7
LC,🇱🇨 Saint Lucia,Cdn77,External,10
LC,🇱🇨 Saint Lucia,Cloudflare,External,412
LC,🇱🇨 Saint Lucia,Facebook,External,8
LC,🇱🇨 Saint Lucia,Fastly,External,45
LC,🇱🇨 Saint Lucia,Microsoft,External,22
LC,🇱🇨 Saint Lucia,Netflix,Local,1
LC,🇱🇨 Saint Lucia,Other,Local,8
LC,🇱🇨 Saint Lucia,Other,External,218
LC,🇱🇨 Saint Lucia,Reflectednetworks,External,11
MF,🇲🇫 Saint Martin (French part),Akamai,External,146
MF,🇲🇫 Saint Martin (French part),Amazon,External,100
MF,🇲🇫 Saint Martin (French part),Bunnycdn,External,2
MF,🇲🇫 Saint Martin (French part),Cdn77,External,6
MF,🇲🇫 Saint Martin (French part),Cloudflare,External,316
MF,🇲🇫 Saint Martin (French part),Facebook,External,8
MF,🇲🇫 Saint Martin (French part),Fastly,External,42
MF,🇲🇫 Saint Martin (French part),Microsoft,External,20
MF,🇲🇫 Saint Martin (French part),Netflix,Regional,1
MF,🇲🇫 Saint Martin (French part),Other,Local,0
MF,🇲🇫 Saint Martin (French part),Other,External,310
MF,🇲🇫 Saint Martin (French part),Reflectednetworks,External,8
PM,🇵🇲 Saint Pierre and Miquelon,Other,Local,5
PM,🇵🇲 Saint Pierre and Miquelon,Other,External,158
VC,🇻🇨 Saint Vincent and the Grenadines,Akamai,External,122
VC,🇻🇨 Saint Vincent and the Grenadines,Amazon,External,132
VC,🇻🇨 Saint Vincent and the Grenadines,Bunnycdn,External,2
VC,🇻🇨 Saint Vincent and the Grenadines,Cdn77,External,12
VC,🇻🇨 Saint Vincent and the Grenadines,Cloudflare,Regional,297
VC,🇻🇨 Saint Vincent and the Grenadines,Cloudflare,External,94
VC,🇻🇨 Saint Vincent and the Grenadines,Facebook,External,8
VC,🇻🇨 Saint Vincent and the Grenadines,Fastly,External,43
VC,🇻🇨 Saint Vincent and the Grenadines,Microsoft,External,25
VC,🇻🇨 Saint Vincent and the Grenadines,Netflix,Local,1
VC,🇻🇨 Saint Vincent and the Grenadines,Other,Local,26
VC,🇻🇨 Saint Vincent and the Grenadines,Other,External,220
VC,🇻🇨 Saint Vincent and the Grenadines,Reflectednetworks,External,9
WS,🇼🇸 Samoa,Akamai,External,84
WS,🇼🇸 Samoa,Alibaba,External,3
WS,🇼🇸 Samoa,Amazon,External,134
WS,🇼🇸 Samoa,Bunnycdn,External,2
WS,🇼🇸 Samoa,Cdn77,External,15
WS,🇼🇸 Samoa,Chinanetcenter,External,1
WS,🇼🇸 Samoa,Cloudflare,External,412
WS,🇼🇸 Samoa,Facebook,External,17
WS,🇼🇸 Samoa,Fastly,External,44
WS,🇼🇸 Samoa,Microsoft,External,20
WS,🇼🇸 Samoa,Netflix,External,1
WS,🇼🇸 Samoa,Other,Local,0
WS,🇼🇸 Samoa,Other,External,0
WS,🇼🇸 Samoa,Reflectednetworks,External,11
WS,🇼🇸 Samoa,Wordpress,External,1
SM,🇸🇲 San Marino,Akamai,External,107
SM,🇸🇲 San Marino,Alibaba,External,1
SM,🇸🇲 San Marino,Amazon,External,164
SM,🇸🇲 San Marino,Bunnycdn,External,3
SM,🇸🇲 San Marino,Cdn77,External,3
SM,🇸🇲 San Marino,Cloudflare,Regional,255
SM,🇸🇲 San Marino,Facebook,External,9
SM,🇸🇲 San Marino,Fastly,Regional,54
SM,🇸🇲 San Marino,Microsoft,External,18
SM,🇸🇲 San Marino,Netflix,Local,1
SM,🇸🇲 San Marino,Other,Local,48
SM,🇸🇲 San Marino,Other,External,333
SM,🇸🇲 San Marino,Reflectednetworks,External,4
ST,🇸🇹 Sao Tome and Principe,Akamai,External,67
ST,🇸🇹 Sao Tome and Principe,Alibaba,Local,3
ST,🇸🇹 Sao Tome and Principe,Amazon,External,89
ST,🇸🇹 Sao Tome and Principe,Bunnycdn,External,3
ST,🇸🇹 Sao Tome and Principe,Cdn77,External,8
ST,🇸🇹 Sao Tome and Principe,Chinanetcenter,External,1
ST,🇸🇹 Sao Tome and Principe,Cloudflare,Regional,379
ST,🇸🇹 Sao Tome and Principe,Facebook,External,13
ST,🇸🇹 Sao Tome and Principe,Fastly,Regional,47
ST,🇸🇹 Sao Tome and Principe,Microsoft,External,15
ST,🇸🇹 Sao Tome and Principe,Netflix,Local,1
ST,🇸🇹 Sao Tome and Principe,Other,Local,9
ST,🇸🇹 Sao Tome and Principe,Other,External,252
ST,🇸🇹 Sao Tome and Principe,Reflectednetworks,External,9
SA,🇸🇦 Saudi Arabia,Akamai,Local,63
SA,🇸🇦 Saudi Arabia,Alibaba,External,7
SA,🇸🇦 Saudi Arabia,Amazon,External,54
SA,🇸🇦 Saudi Arabia,Bunnycdn,External,2
SA,🇸🇦 Saudi Arabia,Cdn77,External,9
SA,🇸🇦 Saudi Arabia,Cloudflare,External,523
SA,🇸🇦 Saudi Arabia,Facebook,External,7
SA,🇸🇦 Saudi Arabia,Fastly,External,14
SA,🇸🇦 Saudi Arabia,Microsoft,External,26
SA,🇸🇦 Saudi Arabia,Netflix,External,1
SA,🇸🇦 Saudi Arabia,Other,Local,145
SA,🇸🇦 Saudi Arabia,Other,External,137
SA,🇸🇦 Saudi Arabia,Reflectednetworks,External,7
SN,🇸🇳 Senegal,Akamai,Local,70
SN,🇸🇳 Senegal,Alibaba,External,4
SN,🇸🇳 Senegal,Amazon,External,108
SN,🇸🇳 Senegal,Bunnycdn,External,4
SN,🇸🇳 Senegal,Cdn77,External,11
SN,🇸🇳 Senegal,Cloudflare,Local,380
SN,🇸🇳 Senegal,Facebook,External,10
SN,🇸🇳 Senegal,Fastly,External,28
SN,🇸🇳 Senegal,Microsoft,External,25
SN,🇸🇳 Senegal,Netflix,Local,1
SN,🇸🇳 Senegal,Other,Local,66
SN,🇸🇳 Senegal,Other,External,275
SN,🇸🇳 Senegal,Reflectednetworks,External,10
RS,🇷🇸 Serbia,Akamai,Local,38
RS,🇷🇸 Serbia,Amazon,External,44
RS,🇷🇸 Serbia,Bunnycdn,External,1
RS,🇷🇸 Serbia,Cdn77,External,17
RS,🇷🇸 Serbia,Cloudflare,Local,412
RS,🇷🇸 Serbia,Cloudflare,External,9
RS,🇷🇸 Serbia,Facebook,External,6
RS,🇷🇸 Serbia,Fastly,External,19
RS,🇷🇸 Serbia,Microsoft,External,11
RS,🇷🇸 Serbia,Netflix,Local,1
RS,🇷🇸 Serbia,Other,Local,149
RS,🇷🇸 Serbia,Other,External,287
RS,🇷🇸 Serbia,Reflectednetworks,External,6
SC,🇸🇨 Seychelles,Akamai,External,89
SC,🇸🇨 Seychelles,Alibaba,External,5
SC,🇸🇨 Seychelles,Amazon,Regional,13
SC,🇸🇨 Seychelles,Amazon,External,78
SC,🇸🇨 Seychelles,Bunnycdn,Regional,1
SC,🇸🇨 Seychelles,Bunnycdn,External,3
SC,🇸🇨 Seychelles,Cdn77,Regional,2
SC,🇸🇨 Seychelles,Cdn77,External,11
SC,🇸🇨 Seychelles,Cloudflare,Regional,438
SC,🇸🇨 Seychelles,Facebook,External,8
SC,🇸🇨 Seychelles,Fastly,Regional,37
SC,🇸🇨 Seychelles,Keycdn,External,1
SC,🇸🇨 Seychelles,Microsoft,External,11
SC,🇸🇨 Seychelles,Netflix,Local,1
SC,🇸🇨 Seychelles,Other,Local,26
SC,🇸🇨 Seychelles,Other,External,258
SC,🇸🇨 Seychelles,Reflectednetworks,External,12
SL,🇸🇱 Sierra Leone,Akamai,External,65
SL,🇸🇱 Sierra Leone,Alibaba,Local,4
SL,🇸🇱 Sierra Leone,Alibaba,External,3
SL,🇸🇱 Sierra Leone,Amazon,External,116
SL,🇸🇱 Sierra Leone,Bunnycdn,External,3
SL,🇸🇱 Sierra Leone,Cdn77,External,15
SL,🇸🇱 Sierra Leone,Chinanetcenter,External,1
SL,🇸🇱 Sierra Leone,Cloudflare,External,419
SL,🇸🇱 Sierra Leone,Facebook,External,9
SL,🇸🇱 Sierra Leone,Fastly,External,38
SL,🇸🇱 Sierra Leone,Microsoft,External,22
SL,🇸🇱 Sierra Leone,Netflix,Local,1
SL,🇸🇱 Sierra Leone,Other,Local,9
SL,🇸🇱 Sierra Leone,Other,External,281
SL,🇸🇱 Sierra Leone,Reflectednetworks,External,10
SG,🇸🇬 Singapore,Akamai,Local,82
SG,🇸🇬 Singapore,Alibaba,External,17
SG,🇸🇬 Singapore,Amazon,Local,118
SG,🇸🇬 Singapore,Amazon,External,14
SG,🇸🇬 Singapore,Bunnycdn,Local,2
SG,🇸🇬 Singapore,Cdn77,Local,8
SG,🇸🇬 Singapore,Cdn77,External,1
SG,🇸🇬 Singapore,Cloudflare,Local,393
SG,🇸🇬 Singapore,Cloudflare,External,48
SG,🇸🇬 Singapore,Facebook,External,8
SG,🇸🇬 Singapore,Fastly,Local,20
SG,🇸🇬 Singapore,Fastly,External,5
SG,🇸🇬 Singapore,Microsoft,Local,21
SG,🇸🇬 Singapore,Netflix,Local,1
SG,🇸🇬 Singapore,Other,Local,57
SG,🇸🇬 Singapore,Other,External,185
SG,🇸🇬 Singapore,Reflectednetworks,Local,6
SG,🇸🇬 Singapore,Reflectednetworks,External,1
SX,🇸🇽 Sint Maarten (Dutch part),Akamai,Local,169
SX,🇸🇽 Sint Maarten (Dutch part),Alibaba,External,1
SX,🇸🇽 Sint Maarten (Dutch part),Amazon,External,142
SX,🇸🇽 Sint Maarten (Dutch part),Bunnycdn,External,3
SX,🇸🇽 Sint Maarten (Dutch part),Cdn77,External,8
SX,🇸🇽 Sint Maarten (Dutch part),Cloudflare,External,292
SX,🇸🇽 Sint Maarten (Dutch part),Facebook,External,9
SX,🇸🇽 Sint Maarten (Dutch part),Fastly,External,82
SX,🇸🇽 Sint Maarten (Dutch part),Microsoft,External,29
SX,🇸🇽 Sint Maarten (Dutch part),Netflix,Local,1
SX,🇸🇽 Sint Maarten (Dutch part),Other,Local,7
SX,🇸🇽 Sint Maarten (Dutch part),Other,External,243
SX,🇸🇽 Sint Maarten (Dutch part),Reflectednetworks,External,8
SK,🇸🇰 Slovakia,Akamai,Local,49
SK,🇸🇰 Slovakia,Alibaba,External,1
SK,🇸🇰 Slovakia,Amazon,External,45
SK,🇸🇰 Slovakia,Bunnycdn,External,2
SK,🇸🇰 Slovakia,Cdn77,External,2
SK,🇸🇰 Slovakia,Cloudflare,Local,159
SK,🇸🇰 Slovakia,Cloudflare,External,186
SK,🇸🇰 Slovakia,Facebook,External,5
SK,🇸🇰 Slovakia,Fastly,External,9
SK,🇸🇰 Slovakia,Microsoft,External,17
SK,🇸🇰 Slovakia,Netflix,Local,1
SK,🇸🇰 Slovakia,Other,Local,206
SK,🇸🇰 Slovakia,Other,External,312
SK,🇸🇰 Slovakia,Reflectednetworks,External,6
SI,🇸🇮 Slovenia,Akamai,Local,47
SI,🇸🇮 Slovenia,Alibaba,External,1
SI,🇸🇮 Slovenia,Amazon,External,37
SI,🇸🇮 Slovenia,Bunnycdn,External,3
SI,🇸🇮 Slovenia,Cdn77,External,4
SI,🇸🇮 Slovenia,Cloudflare,Local,154
SI,🇸🇮 Slovenia,Cloudflare,Regional,111
SI,🇸🇮 Slovenia,Cloudflare,External,70
SI,🇸🇮 Slovenia,Facebook,External,5
SI,🇸🇮 Slovenia,Fastly,External,32
SI,🇸🇮 Slovenia,Microsoft,External,20
SI,🇸🇮 Slovenia,Netflix,Local,1
SI,🇸🇮 Slovenia,Other,Local,299
SI,🇸🇮 Slovenia,Other,External,209
SI,🇸🇮 Slovenia,Reflectednetworks,External,7
SB,🇸🇧 Solomon Islands,Akamai,External,63
SB,🇸🇧 Solomon Islands,Alibaba,External,5
SB,🇸🇧 Solomon Islands,Amazon,External,115
SB,🇸🇧 Solomon Islands,Bunnycdn,External,3
SB,🇸🇧 Solomon Islands,Cdn77,External,12
SB,🇸🇧 Solomon Islands,Chinanetcenter,External,1
SB,🇸🇧 Solomon Islands,Cloudflare,External,457
SB,🇸🇧 Solomon Islands,Facebook,External,16
SB,🇸🇧 Solomon Islands,Fastly,External,47
SB,🇸🇧 Solomon Islands,Microsoft,External,17
SB,🇸🇧 Solomon Islands,Netflix,External,1
SB,🇸🇧 Solomon Islands,Other,Local,14
SB,🇸🇧 Solomon Islands,Other,External,233
SB,🇸🇧 Solomon Islands,Reflectednetworks,External,9
SB,🇸🇧 Solomon Islands,Wordpress,External,1
SO,🇸🇴 Somalia,Akamai,External,39
SO,🇸🇴 Somalia,Alibaba,External,2
SO,🇸🇴 Somalia,Amazon,External,57
SO,🇸🇴 Somalia,Bunnycdn,External,4
SO,🇸🇴 Somalia,Cdn77,External,12
SO,🇸🇴 Somalia,Chinanetcenter,External,1
SO,🇸🇴 Somalia,Cloudflare,External,517
SO,🇸🇴 Somalia,Facebook,External,8
SO,🇸🇴 Somalia,Fastly,External,27
SO,🇸🇴 Somalia,Microsoft,External,12
SO,🇸🇴 Somalia,Netflix,Regional,1
SO,🇸🇴 Somalia,Other,Local,20
SO,🇸🇴 Somalia,Other,External,287
SO,🇸🇴 Somalia,Reflectednetworks,External,10
ZA,🇿🇦 South Africa,Akamai,Local,58
ZA,🇿🇦 South Africa,Alibaba,External,1
ZA,🇿🇦 South Africa,Amazon,External,129
ZA,🇿🇦 South Africa,Bunnycdn,External,1
ZA,🇿🇦 South Africa,Cdn77,External,6
ZA,🇿🇦 South Africa,Cloudflare,Local,430
ZA,🇿🇦 South Africa,Facebook,External,8
ZA,🇿🇦 South Africa,Fastly,Local,23
ZA,🇿🇦 South Africa,Microsoft,Local,54
ZA,🇿🇦 South Africa,Netflix,Local,1
ZA,🇿🇦 South Africa,Other,Local,148
ZA,🇿🇦 South Africa,Other,External,136
ZA,🇿🇦 South Africa,Reflectednetworks,External,4
KR,🇰🇷 South Korea,Akamai,Local,66
KR,🇰🇷 South Korea,Alibaba,External,1
KR,🇰🇷 South Korea,Amazon,Local,107
KR,🇰🇷 South Korea,Bunnycdn,Local,14
KR,🇰🇷 South Korea,Cdn77,Local,5
KR,🇰🇷 South Korea,Chinanetcenter,External,1
KR,🇰🇷 South Korea,Cloudflare,Local,325
KR,🇰🇷 South Korea,Facebook,External,5
KR,🇰🇷 South Korea,Fastly,Local,2
KR,🇰🇷 South Korea,Microsoft,Local,3
KR,🇰🇷 South Korea,Netflix,Regional,1
KR,🇰🇷 South Korea,Other,Local,354
KR,🇰🇷 South Korea,Other,External,102
KR,🇰🇷 South Korea,Reflectednetworks,External,1
SS,🇸🇸 South Sudan,Other,Local,2
SS,🇸🇸 South Sudan,Other,External,990
ES,🇪🇸 Spain,Akamai,Local,129
ES,🇪🇸 Spain,Alibaba,External,1
ES,🇪🇸 Spain,Amazon,External,132
ES,🇪🇸 Spain,Bunnycdn,External,4
ES,🇪🇸 Spain,Cdn77,External,27
ES,🇪🇸 Spain,Cloudflare,Local,324
ES,🇪🇸 Spain,Facebook,External,6
ES,🇪🇸 Spain,Fastly,Local,115
ES,🇪🇸 Spain,Microsoft,Local,14
ES,🇪🇸 Spain,Netflix,Local,1
ES,🇪🇸 Spain,Other,Local,99
ES,🇪🇸 Spain,Other,External,142
ES,🇪🇸 Spain,Reflectednetworks,External,6
LK,🇱🇰 Sri Lanka,Akamai,Local,39
LK,🇱🇰 Sri Lanka,Alibaba,External,5
LK,🇱🇰 Sri Lanka,Amazon,External,79
LK,🇱🇰 Sri Lanka,Bunnycdn,External,3
LK,🇱🇰 Sri Lanka,Cdn77,External,9
LK,🇱🇰 Sri Lanka,Cloudflare,Local,460
LK,🇱🇰 Sri Lanka,Facebook,External,10
LK,🇱🇰 Sri Lanka,Fastly,External,14
LK,🇱🇰 Sri Lanka,Microsoft,External,14
LK,🇱🇰 Sri Lanka,Netflix,Local,1
LK,🇱🇰 Sri Lanka,Other,Local,99
LK,🇱🇰 Sri Lanka,Other,External,251
LK,🇱🇰 Sri Lanka,Reflectednetworks,External,8
SD,🇸🇩 Sudan,Akamai,External,28
SD,🇸🇩 Sudan,Alibaba,Local,1
SD,🇸🇩 Sudan,Amazon,External,44
SD,🇸🇩 Sudan,Bunnycdn,External,2
SD,🇸🇩 Sudan,Cdn77,External,13
SD,🇸🇩 Sudan,Chinanetcenter,External,1
SD,🇸🇩 Sudan,Cloudflare,External,529
SD,🇸🇩 Sudan,Facebook,External,11
SD,🇸🇩 Sudan,Fastly,External,16
SD,🇸🇩 Sudan,Microsoft,External,9
SD,🇸🇩 Sudan,Netflix,External,1
SD,🇸🇩 Sudan,Other,Local,20
SD,🇸🇩 Sudan,Other,External,285
SD,🇸🇩 Sudan,Reflectednetworks,External,11
SR,🇸🇷 Suriname,Akamai,Local,79
SR,🇸🇷 Suriname,Alibaba,External,1
SR,🇸🇷 Suriname,Amazon,External,71
SR,🇸🇷 Suriname,Bunnycdn,External,8
SR,🇸🇷 Suriname,Cdn77,External,13
SR,🇸🇷 Suriname,Cloudflare,Local,487
SR,🇸🇷 Suriname,Facebook,External,8
SR,🇸🇷 Suriname,Fastly,External,32
SR,🇸🇷 Suriname,Microsoft,External,17
SR,🇸🇷 Suriname,Netflix,Local,1
SR,🇸🇷 Suriname,Other,Local,19
SR,🇸🇷 Suriname,Other,External,244
SR,🇸🇷 Suriname,Reflectednetworks,External,15
SE,🇸🇪 Sweden,Akamai,Local,66
SE,🇸🇪 Sweden,Amazon,Local,130
SE,🇸🇪 Sweden,Bunnycdn,Local,1
SE,🇸🇪 Sweden,Cdn77,Local,4
SE,🇸🇪 Sweden,Cloudflare,Local,250
SE,🇸🇪 Sweden,Cloudflare,Regional,49
SE,🇸🇪 Sweden,Cloudflare,External,21
SE,🇸🇪 Sweden,Facebook,External,5
SE,🇸🇪 Sweden,Fastly,Local,33
SE,🇸🇪 Sweden,Fastly,Regional,58
SE,🇸🇪 Sweden,Microsoft,Local,49
SE,🇸🇪 Sweden,Netflix,Local,1
SE,🇸🇪 Sweden,Other,Local,187
SE,🇸🇪 Sweden,Other,External,139
SE,🇸🇪 Sweden,Reflectednetworks,External,7
CH,🇨🇭 Switzerland,Akamai,Local,126
CH,🇨🇭 Switzerland,Amazon,Regional,100
CH,🇨🇭 Switzerland,Amazon,External,3
CH,🇨🇭 Switzerland,Bunnycdn,Regional,2
CH,🇨🇭 Switzerland,Cdn77,Regional,7
CH,🇨🇭 Switzerland,Cloudflare,Local,360
CH,🇨🇭 Switzerland,Cloudflare,External,9
CH,🇨🇭 Switzerland,Facebook,External,6
CH,🇨🇭 Switzerland,Fastly,Regional,18
CH,🇨🇭 Switzerland,Fastly,External,23
CH,🇨🇭 Switzerland,Microsoft,Local,28
CH,🇨🇭 Switzerland,Netflix,Local,1
CH,🇨🇭 Switzerland,Other,Local,121
CH,🇨🇭 Switzerland,Other,External,184
CH,🇨🇭 Switzerland,Reflectednetworks,Regional,12
SY,🇸🇾 Syria,Akamai,External,19
SY,🇸🇾 Syria,Alibaba,External,4
SY,🇸🇾 Syria,Amazon,External,31
SY,🇸🇾 Syria,Bunnycdn,External,2
SY,🇸🇾 Syria,Cdn77,External,11
SY,🇸🇾 Syria,Cloudflare,Regional,132
SY,🇸🇾 Syria,Cloudflare,External,462
SY,🇸🇾 Syria,Facebook,External,8
SY,🇸🇾 Syria,Fastly,External,31
SY,🇸🇾 Syria,Microsoft,External,7
SY,🇸🇾 Syria,Other,Local,31
SY,🇸🇾 Syria,Other,External,229
SY,🇸🇾 Syria,Reflectednetworks,External,14
TW,🇹🇼 Taiwan,Akamai,Local,77
TW,🇹🇼 Taiwan,Alibaba,External,9
TW,🇹🇼 Taiwan,Amazon,Local,18
TW,🇹🇼 Taiwan,Amazon,Regional,98
TW,🇹🇼 Taiwan,Bunnycdn,Regional,1
TW,🇹🇼 Taiwan,Cdn77,Regional,4
TW,🇹🇼 Taiwan,Cloudflare,Local,361
TW,🇹🇼 Taiwan,Facebook,External,7
TW,🇹🇼 Taiwan,Fastly,Regional,19
TW,🇹🇼 Taiwan,Microsoft,Local,13
TW,🇹🇼 Taiwan,Netflix,Local,1
TW,🇹🇼 Taiwan,Other,Local,210
TW,🇹🇼 Taiwan,Other,External,170
TW,🇹🇼 Taiwan,Reflectednetworks,External,3
TJ,🇹🇯 Tajikistan,Akamai,External,27
TJ,🇹🇯 Tajikistan,Alibaba,External,2
TJ,🇹🇯 Tajikistan,Amazon,External,25
TJ,🇹🇯 Tajikistan,Bunnycdn,External,3
TJ,🇹🇯 Tajikistan,Cdn77,External,7
TJ,🇹🇯 Tajikistan,Cloudflare,Local,62
TJ,🇹🇯 Tajikistan,Cloudflare,External,185
TJ,🇹🇯 Tajikistan,Facebook,External,9
TJ,🇹🇯 Tajikistan,Fastly,External,16
TJ,🇹🇯 Tajikistan,Microsoft,External,3
TJ,🇹🇯 Tajikistan,Netflix,External,1
TJ,🇹🇯 Tajikistan,Other,Local,76
TJ,🇹🇯 Tajikistan,Other,External,566
TJ,🇹🇯 Tajikistan,Reflectednetworks,External,6
TZ,🇹🇿 Tanzania,Akamai,Local,34
TZ,🇹🇿 Tanzania,Amazon,Regional,12
TZ,🇹🇿 Tanzania,Amazon,External,48
TZ,🇹🇿 Tanzania,Bunnycdn,External,1
TZ,🇹🇿 Tanzania,Cdn77,Local,2
TZ,🇹🇿 Tanzania,Cdn77,External,9
TZ,🇹🇿 Tanzania,Cloudflare,Local,275
TZ,🇹🇿 Tanzania,Cloudflare,Regional,105
TZ,🇹🇿 Tanzania,Facebook,External,8
TZ,🇹🇿 Tanzania,Fastly,Regional,21
TZ,🇹🇿 Tanzania,Microsoft,External,6
TZ,🇹🇿 Tanzania,Netflix,Regional,1
TZ,🇹🇿 Tanzania,Other,Local,205
TZ,🇹🇿 Tanzania,Other,External,266
TZ,🇹🇿 Tanzania,Reflectednetworks,External,3
TH,🇹🇭 Thailand,Akamai,Local,87
TH,🇹🇭 Thailand,Alibaba,External,10
TH,🇹🇭 Thailand,Amazon,Regional,74
TH,🇹🇭 Thailand,Bunnycdn,Regional,4
TH,🇹🇭 Thailand,Cdn77,Regional,7
TH,🇹🇭 Thailand,Cdn77,External,1
TH,🇹🇭 Thailand,Cloudflare,Local,599
TH,🇹🇭 Thailand,Facebook,External,6
TH,🇹🇭 Thailand,Fastly,Local,12
TH,🇹🇭 Thailand,Microsoft,Local,12
TH,🇹🇭 Thailand,Netflix,Local,1
TH,🇹🇭 Thailand,Other,Local,63
TH,🇹🇭 Thailand,Other,External,116
TH,🇹🇭 Thailand,Reflectednetworks,Regional,5
TL,🇹🇱 Timor-Leste,Akamai,External,43
TL,🇹🇱 Timor-Leste,Alibaba,Local,4
TL,🇹🇱 Timor-Leste,Alibaba,External,3
TL,🇹🇱 Timor-Leste,Amazon,Regional,59
TL,🇹🇱 Timor-Leste,Bunnycdn,Regional,5
TL,🇹🇱 Timor-Leste,Cdn77,Regional,20
TL,🇹🇱 Timor-Leste,Cloudflare,Regional,513
TL,🇹🇱 Timor-Leste,Facebook,External,11
TL,🇹🇱 Timor-Leste,Fastly,Regional,22
TL,🇹🇱 Timor-Leste,Microsoft,External,7
TL,🇹🇱 Timor-Leste,Netflix,Regional,1
TL,🇹🇱 Timor-Leste,Other,Local,30
TL,🇹🇱 Timor-Leste,Other,External,263
TL,🇹🇱 Timor-Leste,Reflectednetworks,External,13
TL,🇹🇱 Timor-Leste,Wordpress,Regional,1
TG,🇹🇬 Togo,Akamai,Local,71
TG,🇹🇬 Togo,Alibaba,External,4
TG,🇹🇬 Togo,Amazon,External,82
TG,🇹🇬 Togo,Bunnycdn,External,3
TG,🇹🇬 Togo,Cdn77,External,9
TG,🇹🇬 Togo,Cloudflare,Regional,189
TG,🇹🇬 Togo,Cloudflare,External,252
TG,🇹🇬 Togo,Facebook,External,10
TG,🇹🇬 Togo,Fastly,Regional,12
TG,🇹🇬 Togo,Fastly,External,15
TG,🇹🇬 Togo,Microsoft,External,16
TG,🇹🇬 Togo,Netflix,Local,1
TG,🇹🇬 Togo,Other,Local,21
TG,🇹🇬 Togo,Other,External,292
TG,🇹🇬 Togo,Reflectednetworks,External,10
TT,🇹🇹 Trinidad and Tobago,Akamai,Local,82
TT,🇹🇹 Trinidad and Tobago,Amazon,External,98
TT,🇹🇹 Trinidad and Tobago,Bunnycdn,External,3
TT,🇹🇹 Trinidad and Tobago,Cdn77,External,9
TT,🇹🇹 Trinidad and Tobago,Cloudflare,Local,377
TT,🇹🇹 Trinidad and Tobago,Cloudflare,External,58
TT,🇹🇹 Trinidad and Tobago,Facebook,External,8
TT,🇹🇹 Trinidad and Tobago,Fastly,Regional,8
TT,🇹🇹 Trinidad and Tobago,Fastly,External,36
TT,🇹🇹 Trinidad and Tobago,Microsoft,External,28
TT,🇹🇹 Trinidad and Tobago,Netflix,Local,1
TT,🇹🇹 Trinidad and Tobago,Other,Local,41
TT,🇹🇹 Trinidad and Tobago,Other,External,234
TT,🇹🇹 Trinidad and Tobago,Reflectednetworks,External,9
TN,🇹🇳 Tunisia,Akamai,Local,47
TN,🇹🇳 Tunisia,Amazon,External,73
TN,🇹🇳 Tunisia,Bunnycdn,External,3
TN,🇹🇳 Tunisia,Cdn77,External,17
TN,🇹🇳 Tunisia,Cloudflare,External,466
TN,🇹🇳 Tunisia,Facebook,External,10
TN,🇹🇳 Tunisia,Fastly,External,17
TN,🇹🇳 Tunisia,Microsoft,External,11
TN,🇹🇳 Tunisia,Netflix,Local,1
TN,🇹🇳 Tunisia,Other,Local,128
TN,🇹🇳 Tunisia,Other,External,212
TN,🇹🇳 Tunisia,Reflectednetworks,External,10
TR,🇹🇷 Türkiye,Akamai,Local,56
TR,🇹🇷 Türkiye,Amazon,External,76
TR,🇹🇷 Türkiye,Bunnycdn,External,1
TR,🇹🇷 Türkiye,Cdn77,External,5
TR,🇹🇷 Türkiye,Cloudflare,Local,352
TR,🇹🇷 Türkiye,Cloudflare,External,107
TR,🇹🇷 Türkiye,Facebook,External,9
TR,🇹🇷 Türkiye,Fastly,External,15
TR,🇹🇷 Türkiye,Medianova,External,4
TR,🇹🇷 Türkiye,Microsoft,Local,11
TR,🇹🇷 Türkiye,Netflix,Local,1
TR,🇹🇷 Türkiye,Other,Local,224
TR,🇹🇷 Türkiye,Other,External,111
TR,🇹🇷 Türkiye,Reflectednetworks,External,2
TM,🇹🇲 Turkmenistan,Akamai,External,20
TM,🇹🇲 Turkmenistan,Alibaba,External,1
TM,🇹🇲 Turkmenistan,Amazon,External,17
TM,🇹🇲 Turkmenistan,Bunnycdn,External,2
TM,🇹🇲 Turkmenistan,Cdn77,External,12
TM,🇹🇲 Turkmenistan,Cloudflare,External,288
TM,🇹🇲 Turkmenistan,Facebook,External,4
TM,🇹🇲 Turkmenistan,Fastly,External,9
TM,🇹🇲 Turkmenistan,Microsoft,External,2
TM,🇹🇲 Turkmenistan,Other,Local,56
TM,🇹🇲 Turkmenistan,Other,External,551
TM,🇹🇲 Turkmenistan,Reflectednetworks,External,14
TC,🇹🇨 Turks and Caicos Islands,Akamai,External,161
TC,🇹🇨 Turks and Caicos Islands,Alibaba,External,2
TC,🇹🇨 Turks and Caicos Islands,Amazon,External,136
TC,🇹🇨 Turks and Caicos Islands,Bunnycdn,External,2
TC,🇹🇨 Turks and Caicos Islands,Cdn77,External,12
TC,🇹🇨 Turks and Caicos Islands,Cloudflare,External,344
TC,🇹🇨 Turks and Caicos Islands,Facebook,External,9
TC,🇹🇨 Turks and Caicos Islands,Fastly,External,67
TC,🇹🇨 Turks and Caicos Islands,Microsoft,External,35
TC,🇹🇨 Turks and Caicos Islands,Netflix,Local,1
TC,🇹🇨 Turks and Caicos Islands,Other,Local,1
TC,🇹🇨 Turks and Caicos Islands,Other,External,213
TC,🇹🇨 Turks and Caicos Islands,Reflectednetworks,External,10
UG,🇺🇬 Uganda,Akamai,Local,37
UG,🇺🇬 Uganda,Alibaba,External,1
UG,🇺🇬 Uganda,Amazon,External,97
UG,🇺🇬 Uganda,Bunnycdn,External,2
UG,🇺🇬 Uganda,Cdn77,External,11
UG,🇺🇬 Uganda,Cloudflare,Local,251
UG,🇺🇬 Uganda,Cloudflare,Regional,171
UG,🇺🇬 Uganda,Facebook,External,7
UG,🇺🇬 Uganda,Fastly,Regional,22
UG,🇺🇬 Uganda,Microsoft,External,16
UG,🇺🇬 Uganda,Netflix,Local,1
UG,🇺🇬 Uganda,Other,Local,77
UG,🇺🇬 Uganda,Other,External,290
UG,🇺🇬 Uganda,Reflectednetworks,External,3
UA,🇺🇦 Ukraine,Akamai,Local,36
UA,🇺🇦 Ukraine,Amazon,External,39
UA,🇺🇦 Ukraine,Bunnycdn,External,3
UA,🇺🇦 Ukraine,Cdn77,External,3
UA,🇺🇦 Ukraine,Cloudflare,Local,480
UA,🇺🇦 Ukraine,Cloudflare,Regional,17
UA,🇺🇦 Ukraine,Facebook,External,6
UA,🇺🇦 Ukraine,Fastly,External,12
UA,🇺🇦 Ukraine,Microsoft,External,8
UA,🇺🇦 Ukraine,Netflix,Local,1
UA,🇺🇦 Ukraine,Other,Local,78
UA,🇺🇦 Ukraine,Other,External,311
UA,🇺🇦 Ukraine,Reflectednetworks,External,4
AE,🇦🇪 United Arab Emirates,Akamai,Local,90
AE,🇦🇪 United Arab Emirates,Amazon,External,74
AE,🇦🇪 United Arab Emirates,Bunnycdn,External,3
AE,🇦🇪 United Arab Emirates,Cdn77,External,9
AE,🇦🇪 United Arab Emirates,Cloudflare,Local,494
AE,🇦🇪 United Arab Emirates,Facebook,External,9
AE,🇦🇪 United Arab Emirates,Fastly,Local,24
AE,🇦🇪 United Arab Emirates,Microsoft,Local,27
AE,🇦🇪 United Arab Emirates,Netflix,Local,1
AE,🇦🇪 United Arab Emirates,Other,Local,88
AE,🇦🇪 United Arab Emirates,Other,External,166
AE,🇦🇪 United Arab Emirates,Reflectednetworks,External,9
GB,🇬🇧 United Kingdom,Akamai,Local,132
GB,🇬🇧 United Kingdom,Amazon,Local,156
GB,🇬🇧 United Kingdom,Amazon,External,12
GB,🇬🇧 United Kingdom,Bunnycdn,Local,1
GB,🇬🇧 United Kingdom,Cdn77,Local,5
GB,🇬🇧 United Kingdom,Cloudflare,Local,396
GB,🇬🇧 United Kingdom,Facebook,External,6
GB,🇬🇧 United Kingdom,Fastly,Local,67
GB,🇬🇧 United Kingdom,Microsoft,Local,47
GB,🇬🇧 United Kingdom,Netflix,Local,1
GB,🇬🇧 United Kingdom,Other,Local,40
GB,🇬🇧 United Kingdom,Other,External,128
GB,🇬🇧 United Kingdom,Reflectednetworks,Local,6
GB,🇬🇧 United Kingdom,Wordpress,Local,2
US,🇺🇸 United States of America,Akamai,Local,208
US,🇺🇸 United States of America,Amazon,Local,180
US,🇺🇸 United States of America,Bunnycdn,Local,2
US,🇺🇸 United States of America,Cdn77,Local,5
US,🇺🇸 United States of America,Cloudflare,Local,305
US,🇺🇸 United States of America,Facebook,External,8
US,🇺🇸 United States of America,Fastly,Local,78
US,🇺🇸 United States of America,Microsoft,Local,19
US,🇺🇸 United States of America,Netflix,Local,1
US,🇺🇸 United States of America,Other,Local,141
US,🇺🇸 United States of America,Other,External,44
US,🇺🇸 United States of America,Reflectednetworks,Local,8
UY,🇺🇾 Uruguay,Akamai,Local,115
UY,🇺🇾 Uruguay,Amazon,External,111
UY,🇺🇾 Uruguay,Bunnycdn,External,3
UY,🇺🇾 Uruguay,Cdn77,External,8
UY,🇺🇾 Uruguay,Cloudflare,Regional,306
UY,🇺🇾 Uruguay,Facebook,External,10
UY,🇺🇾 Uruguay,Fastly,Regional,41
UY,🇺🇾 Uruguay,Microsoft,External,25
UY,🇺🇾 Uruguay,Netflix,Local,1
UY,🇺🇾 Uruguay,Other,Local,196
UY,🇺🇾 Uruguay,Other,External,176
UY,🇺🇾 Uruguay,Reflectednetworks,External,4
UZ,🇺🇿 Uzbekistan,Akamai,External,21
UZ,🇺🇿 Uzbekistan,Alibaba,External,1
UZ,🇺🇿 Uzbekistan,Amazon,External,26
UZ,🇺🇿 Uzbekistan,Bunnycdn,External,3
UZ,🇺🇿 Uzbekistan,Cdn77,External,5
UZ,🇺🇿 Uzbekistan,Cloudflare,External,253
UZ,🇺🇿 Uzbekistan,Facebook,External,7
UZ,🇺🇿 Uzbekistan,Fastly,External,12
UZ,🇺🇿 Uzbekistan,Microsoft,External,4
UZ,🇺🇿 Uzbekistan,Netflix,Local,1
UZ,🇺🇿 Uzbekistan,Other,Local,222
UZ,🇺🇿 Uzbekistan,Other,External,431
UZ,🇺🇿 Uzbekistan,Reflectednetworks,External,5
VU,🇻🇺 Vanuatu,Akamai,External,80
VU,🇻🇺 Vanuatu,Alibaba,External,4
VU,🇻🇺 Vanuatu,Amazon,External,115
VU,🇻🇺 Vanuatu,Bunnycdn,External,4
VU,🇻🇺 Vanuatu,Cdn77,External,12
VU,🇻🇺 Vanuatu,Cloudflare,Regional,253
VU,🇻🇺 Vanuatu,Cloudflare,External,175
VU,🇻🇺 Vanuatu,Facebook,External,13
VU,🇻🇺 Vanuatu,Fastly,External,46
VU,🇻🇺 Vanuatu,Microsoft,External,24
VU,🇻🇺 Vanuatu,Netflix,Regional,1
VU,🇻🇺 Vanuatu,Other,Local,15
VU,🇻🇺 Vanuatu,Other,External,237
VU,🇻🇺 Vanuatu,Reflectednetworks,External,12
VE,🇻🇪 Venezuela,Akamai,Local,61
VE,🇻🇪 Venezuela,Alibaba,External,2
VE,🇻🇪 Venezuela,Amazon,External,93
VE,🇻🇪 Venezuela,Bunnycdn,External,6
VE,🇻🇪 Venezuela,Cdn77,External,10
VE,🇻🇪 Venezuela,Cloudflare,Regional,163
VE,🇻🇪 Venezuela,Cloudflare,External,270
VE,🇻🇪 Venezuela,Facebook,External,10
VE,🇻🇪 Venezuela,Fastly,Regional,11
VE,🇻🇪 Venezuela,Fastly,External,25
VE,🇻🇪 Venezuela,Microsoft,External,15
VE,🇻🇪 Venezuela,Netflix,Local,1
VE,🇻🇪 Venezuela,Other,Local,66
VE,🇻🇪 Venezuela,Other,External,250
VE,🇻🇪 Venezuela,Reflectednetworks,External,10
VN,🇻🇳 Vietnam,Akamai,Local,26
VN,🇻🇳 Vietnam,Alibaba,External,7
VN,🇻🇳 Vietnam,Amazon,Regional,77
VN,🇻🇳 Vietnam,Bunnycdn,Regional,1
VN,🇻🇳 Vietnam,Cdn77,Regional,7
VN,🇻🇳 Vietnam,Cloudflare,Regional,236
VN,🇻🇳 Vietnam,Cloudflare,External,302
VN,🇻🇳 Vietnam,Facebook,External,8
VN,🇻🇳 Vietnam,Fastly,Regional,9
VN,🇻🇳 Vietnam,Microsoft,Local,3
VN,🇻🇳 Vietnam,Netflix,External,1
VN,🇻🇳 Vietnam,Other,Local,183
VN,🇻🇳 Vietnam,Other,External,124
VN,🇻🇳 Vietnam,Reflectednetworks,Regional,3
VG,🇻🇬 Virgin Islands (British),Akamai,External,94
VG,🇻🇬 Virgin Islands (British),Amazon,External,102
VG,🇻🇬 Virgin Islands (British),Bunnycdn,External,1
VG,🇻🇬 Virgin Islands (British),Cdn77,External,6
VG,🇻🇬 Virgin Islands (British),Cloudflare,External,226
VG,🇻🇬 Virgin Islands (British),Facebook,External,8
VG,🇻🇬 Virgin Islands (British),Fastly,External,51
VG,🇻🇬 Virgin Islands (British),Microsoft,External,24
VG,🇻🇬 Virgin Islands (British),Netflix,External,1
VG,🇻🇬 Virgin Islands (British),Other,Local,13
VG,🇻🇬 Virgin Islands (British),Other,External,161
VG,🇻🇬 Virgin Islands (British),Reflectednetworks,External,7
VI,🇻🇮 Virgin Islands (U.S.),Akamai,External,189
VI,🇻🇮 Virgin Islands (U.S.),Amazon,External,154
VI,🇻🇮 Virgin Islands (U.S.),Bunnycdn,External,3
VI,🇻🇮 Virgin Islands (U.S.),Cdn77,External,8
VI,🇻🇮 Virgin Islands (U.S.),Cloudflare,External,290
VI,🇻🇮 Virgin Islands (U.S.),Facebook,External,8
VI,🇻🇮 Virgin Islands (U.S.),Fastly,External,76
VI,🇻🇮 Virgin Islands (U.S.),Microsoft,External,30
VI,🇻🇮 Virgin Islands (U.S.),Netflix,Local,1
VI,🇻🇮 Virgin Islands (U.S.),Other,Local,7
VI,🇻🇮 Virgin Islands (U.S.),Other,External,222
VI,🇻🇮 Virgin Islands (U.S.),Reflectednetworks,External,7
EH,🇪🇭 Western Sahara,Akamai,External,47
EH,🇪🇭 Western Sahara,Alibaba,External,1
EH,🇪🇭 Western Sahara,Amazon,External,65
EH,🇪🇭 Western Sahara,Bunnycdn,External,3
EH,🇪🇭 Western Sahara,Cdn77,External,13
EH,🇪🇭 Western Sahara,Cloudflare,Regional,498
EH,🇪🇭 Western Sahara,Facebook,External,11
EH,🇪🇭 Western Sahara,Fastly,External,23
EH,🇪🇭 Western Sahara,Microsoft,External,14
EH,🇪🇭 Western Sahara,Netflix,Regional,1
EH,🇪🇭 Western Sahara,Other,Local,0
EH,🇪🇭 Western Sahara,Other,External,0
EH,🇪🇭 Western Sahara,Reflectednetworks,External,17
YE,🇾🇪 Yemen,Akamai,External,31
YE,🇾🇪 Yemen,Alibaba,External,7
YE,🇾🇪 Yemen,Amazon,External,37
YE,🇾🇪 Yemen,Bunnycdn,External,1
YE,🇾🇪 Yemen,Cdn77,External,9
YE,🇾🇪 Yemen,Cloudflare,External,533
YE,🇾🇪 Yemen,Facebook,External,10
YE,🇾🇪 Yemen,Fastly,External,15
YE,🇾🇪 Yemen,Microsoft,External,6
YE,🇾🇪 Yemen,Netflix,External,1
YE,🇾🇪 Yemen,Other,Local,35
YE,🇾🇪 Yemen,Other,External,215
YE,🇾🇪 Yemen,Reflectednetworks,External,10
ZM,🇿🇲 Zambia,Akamai,Local,42
ZM,🇿🇲 Zambia,Alibaba,Local,2
ZM,🇿🇲 Zambia,Alibaba,External,4
ZM,🇿🇲 Zambia,Amazon,External,107
ZM,🇿🇲 Zambia,Bunnycdn,External,1
ZM,🇿🇲 Zambia,Cdn77,External,11
ZM,🇿🇲 Zambia,Cloudflare,Local,168
ZM,🇿🇲 Zambia,Cloudflare,Regional,258
ZM,🇿🇲 Zambia,Facebook,External,10
ZM,🇿🇲 Zambia,Fastly,Regional,30
ZM,🇿🇲 Zambia,Microsoft,External,17
ZM,🇿🇲 Zambia,Netflix,Local,1
ZM,🇿🇲 Zambia,Other,Local,83
ZM,🇿🇲 Zambia,Other,External,250
ZM,🇿🇲 Zambia,Reflectednetworks,External,5
ZW,🇿🇼 Zimbabwe,Akamai,External,64
ZW,🇿🇼 Zimbabwe,Alibaba,External,2
ZW,🇿🇼 Zimbabwe,Amazon,Regional,35
ZW,🇿🇼 Zimbabwe,Amazon,External,70
ZW,🇿🇼 Zimbabwe,Bunnycdn,External,1
ZW,🇿🇼 Zimbabwe,Cdn77,Regional,3
ZW,🇿🇼 Zimbabwe,Cdn77,External,7
ZW,🇿🇼 Zimbabwe,Cloudflare,Regional,432
ZW,🇿🇼 Zimbabwe,Facebook,External,8
ZW,🇿🇼 Zimbabwe,Fastly,Regional,30
ZW,🇿🇼 Zimbabwe,Microsoft,External,23
ZW,🇿🇼 Zimbabwe,Netflix,Local,1
ZW,🇿🇼 Zimbabwe,Other,Local,64
ZW,🇿🇼 Zimbabwe,Other,External,242
ZW,🇿🇼 Zimbabwe,Reflectednetworks,External,5
