country_code,country_name,measurement_date,Local,Regional,External
AF,🇦🇫 Afghanistan,2024-06-02,29,161,807
AF,🇦🇫 Afghanistan,2024-06-19,37,45,915
AF,🇦🇫 Afghanistan,2024-08-09,32,232,734
AF,🇦🇫 Afghanistan,2024-08-19,36,269,691
AF,🇦🇫 Afghanistan,2024-09-16,32,101,863
AF,🇦🇫 Afghanistan,2024-10-17,36,0,960
AF,🇦🇫 Afghanistan,2024-11-17,27,84,888
AF,🇦🇫 Afghanistan,2024-12-18,23,28,948
AF,🇦🇫 Afghanistan,2025-01-17,26,180,792
AF,🇦🇫 Afghanistan,2025-02-17,25,164,811
AF,🇦🇫 Afghanistan,2025-03-17,24,129,847
AF,🇦🇫 Afghanistan,2025-04-17,25,93,880
AF,🇦🇫 Afghanistan,2025-05-17,26,14,958
AF,🇦🇫 Afghanistan,2025-06-17,23,7,967
AF,🇦🇫 Afghanistan,2025-07-17,21,279,699
AF,🇦🇫 Afghanistan,2025-08-17,25,40,935
AF,🇦🇫 Afghanistan,2025-09-17,24,298,678
AF,🇦🇫 Afghanistan,2025-10-17,21,0,978
AF,🇦🇫 Afghanistan,2025-11-17,19,0,981
AF,🇦🇫 Afghanistan,2025-12-17,24,186,789
AF,🇦🇫 Afghanistan,2026-01-17,22,67,911
AF,🇦🇫 Afghanistan,2026-02-17,25,0,975
AF,🇦🇫 Afghanistan,2026-03-17,23,170,777
AX,🇦🇽 Åland Islands,2024-06-02,62,0,559
AX,🇦🇽 Åland Islands,2024-06-19,60,0,608
AX,🇦🇽 Åland Islands,2024-08-09,58,305,321
AX,🇦🇽 Åland Islands,2024-08-19,54,0,689
AX,🇦🇽 Åland Islands,2024-09-16,57,202,495
AX,🇦🇽 Åland Islands,2024-10-17,53,201,439
AX,🇦🇽 Åland Islands,2024-11-17,49,57,581
AX,🇦🇽 Åland Islands,2024-12-18,49,207,428
AX,🇦🇽 Åland Islands,2025-01-17,50,210,425
AX,🇦🇽 Åland Islands,2025-02-17,50,318,295
AX,🇦🇽 Åland Islands,2025-03-17,49,198,430
AX,🇦🇽 Åland Islands,2025-04-17,54,199,391
AX,🇦🇽 Åland Islands,2025-05-17,54,201,413
AX,🇦🇽 Åland Islands,2025-06-17,51,184,423
AX,🇦🇽 Åland Islands,2025-07-17,2,209,454
AX,🇦🇽 Åland Islands,2025-08-17,0,203,454
AX,🇦🇽 Åland Islands,2025-09-17,54,218,429
AX,🇦🇽 Åland Islands,2025-10-17,43,317,285
AX,🇦🇽 Åland Islands,2025-11-17,0,312,325
AX,🇦🇽 Åland Islands,2025-12-17,42,195,375
AX,🇦🇽 Åland Islands,2026-01-17,42,191,370
AX,🇦🇽 Åland Islands,2026-02-17,46,306,270
AX,🇦🇽 Åland Islands,2026-03-17,44,167,355
AL,🇦🇱 Albania,2024-06-07,110,74,813
AL,🇦🇱 Albania,2024-06-20,108,248,641
AL,🇦🇱 Albania,2024-08-09,126,411,460
AL,🇦🇱 Albania,2024-08-21,114,81,802
AL,🇦🇱 Albania,2024-09-16,119,12,866
AL,🇦🇱 Albania,2024-10-17,117,75,803
AL,🇦🇱 Albania,2024-11-17,114,64,819
AL,🇦🇱 Albania,2024-12-18,117,144,739
AL,🇦🇱 Albania,2025-01-17,108,186,704
AL,🇦🇱 Albania,2025-02-17,105,54,840
AL,🇦🇱 Albania,2025-03-17,111,128,760
AL,🇦🇱 Albania,2025-04-17,107,157,735
AL,🇦🇱 Albania,2025-05-17,106,111,782
AL,🇦🇱 Albania,2025-06-17,107,196,696
AL,🇦🇱 Albania,2025-07-17,119,70,811
AL,🇦🇱 Albania,2025-08-17,110,172,717
AL,🇦🇱 Albania,2025-09-17,108,69,822
AL,🇦🇱 Albania,2025-10-17,118,95,787
AL,🇦🇱 Albania,2025-11-17,105,58,837
AL,🇦🇱 Albania,2025-12-17,109,41,850
AL,🇦🇱 Albania,2026-01-17,136,59,805
AL,🇦🇱 Albania,2026-02-17,107,76,817
AL,🇦🇱 Albania,2026-03-17,107,91,799
DZ,🇩🇿 Algeria,2024-06-04,582,0,413
DZ,🇩🇿 Algeria,2024-06-21,606,10,379
DZ,🇩🇿 Algeria,2024-08-08,598,0,398
DZ,🇩🇿 Algeria,2024-08-21,597,0,401
DZ,🇩🇿 Algeria,2024-09-16,586,0,411
DZ,🇩🇿 Algeria,2024-10-17,598,0,397
DZ,🇩🇿 Algeria,2024-11-17,621,0,374
DZ,🇩🇿 Algeria,2024-12-18,617,0,380
DZ,🇩🇿 Algeria,2025-01-17,282,0,716
DZ,🇩🇿 Algeria,2025-02-17,443,0,553
DZ,🇩🇿 Algeria,2025-03-17,614,0,383
DZ,🇩🇿 Algeria,2025-04-17,500,0,498
DZ,🇩🇿 Algeria,2025-05-17,613,0,384
DZ,🇩🇿 Algeria,2025-06-17,598,0,400
DZ,🇩🇿 Algeria,2025-07-17,568,0,430
DZ,🇩🇿 Algeria,2025-08-17,493,0,505
DZ,🇩🇿 Algeria,2025-09-17,577,0,420
DZ,🇩🇿 Algeria,2025-10-17,578,0,419
DZ,🇩🇿 Algeria,2025-11-17,277,0,720
DZ,🇩🇿 Algeria,2025-12-17,575,0,422
DZ,🇩🇿 Algeria,2026-01-17,590,0,408
DZ,🇩🇿 Algeria,2026-02-17,589,0,409
DZ,🇩🇿 Algeria,2026-03-17,580,0,416
AS,🇦🇸 American Samoa,2024-06-02,126,0,656
AS,🇦🇸 American Samoa,2024-06-22,107,0,632
AS,🇦🇸 American Samoa,2024-08-09,96,0,515
AS,🇦🇸 American Samoa,2024-08-19,99,0,499
AS,🇦🇸 American Samoa,2024-09-16,104,0,489
AS,🇦🇸 American Samoa,2024-09-18,104,0,489
AS,🇦🇸 American Samoa,2024-10-17,122,0,591
AS,🇦🇸 American Samoa,2024-11-17,106,0,622
AS,🇦🇸 American Samoa,2024-12-18,120,0,673
AS,🇦🇸 American Samoa,2025-01-17,114,0,578
AS,🇦🇸 American Samoa,2025-02-17,110,0,624
AS,🇦🇸 American Samoa,2025-03-17,115,0,648
AS,🇦🇸 American Samoa,2025-04-17,110,0,579
AS,🇦🇸 American Samoa,2025-05-17,109,0,552
AS,🇦🇸 American Samoa,2025-06-17,103,0,523
AS,🇦🇸 American Samoa,2025-07-17,97,0,461
AS,🇦🇸 American Samoa,2025-08-17,93,0,450
AS,🇦🇸 American Samoa,2025-09-17,85,0,447
AS,🇦🇸 American Samoa,2025-10-17,92,0,523
AS,🇦🇸 American Samoa,2025-11-17,98,0,539
AS,🇦🇸 American Samoa,2025-12-17,92,0,551
AS,🇦🇸 American Samoa,2026-01-17,77,0,502
AS,🇦🇸 American Samoa,2026-02-17,92,0,568
AS,🇦🇸 American Samoa,2026-03-17,91,0,525
AD,🇦🇩 Andorra,2024-06-02,56,316,627
AD,🇦🇩 Andorra,2024-06-20,53,86,860
AD,🇦🇩 Andorra,2024-07-25,61,224,714
AD,🇦🇩 Andorra,2024-08-06,60,367,572
AD,🇦🇩 Andorra,2024-08-17,57,453,489
AD,🇦🇩 Andorra,2024-09-16,54,234,711
AD,🇦🇩 Andorra,2024-10-17,64,348,587
AD,🇦🇩 Andorra,2024-11-17,55,339,605
AD,🇦🇩 Andorra,2024-12-18,53,335,611
AD,🇦🇩 Andorra,2025-01-17,52,386,561
AD,🇦🇩 Andorra,2025-02-17,52,133,814
AD,🇦🇩 Andorra,2025-03-17,51,21,927
AD,🇦🇩 Andorra,2025-04-17,49,236,714
AD,🇦🇩 Andorra,2025-05-17,50,261,688
AD,🇦🇩 Andorra,2025-06-17,43,385,571
AD,🇦🇩 Andorra,2025-07-17,43,252,704
AD,🇦🇩 Andorra,2025-08-17,46,347,607
AD,🇦🇩 Andorra,2025-09-17,39,274,687
AD,🇦🇩 Andorra,2025-10-17,44,258,698
AD,🇦🇩 Andorra,2025-11-17,39,358,603
AD,🇦🇩 Andorra,2025-12-17,48,267,685
AD,🇦🇩 Andorra,2026-01-17,43,361,596
AD,🇦🇩 Andorra,2026-02-17,48,354,598
AD,🇦🇩 Andorra,2026-03-17,42,346,610
AO,🇦🇴 Angola,2024-06-03,340,258,397
AO,🇦🇴 Angola,2024-06-05,341,256,398
AO,🇦🇴 Angola,2024-06-20,354,333,311
AO,🇦🇴 Angola,2024-08-10,362,255,381
AO,🇦🇴 Angola,2024-08-20,357,260,381
AO,🇦🇴 Angola,2024-09-16,353,272,372
AO,🇦🇴 Angola,2024-09-18,353,272,372
AO,🇦🇴 Angola,2024-10-17,351,291,356
AO,🇦🇴 Angola,2024-11-17,573,20,404
AO,🇦🇴 Angola,2024-12-18,344,307,346
AO,🇦🇴 Angola,2025-01-17,445,15,538
AO,🇦🇴 Angola,2025-02-17,585,25,388
AO,🇦🇴 Angola,2025-03-17,595,19,384
AO,🇦🇴 Angola,2025-04-17,278,19,702
AO,🇦🇴 Angola,2025-05-17,447,144,407
AO,🇦🇴 Angola,2025-06-17,563,18,417
AO,🇦🇴 Angola,2025-07-17,450,15,535
AO,🇦🇴 Angola,2025-08-17,284,22,691
AO,🇦🇴 Angola,2025-09-17,545,29,425
AO,🇦🇴 Angola,2025-10-17,521,25,453
AO,🇦🇴 Angola,2025-11-17,404,165,430
AO,🇦🇴 Angola,2025-12-17,178,43,776
AO,🇦🇴 Angola,2026-01-17,126,195,678
AO,🇦🇴 Angola,2026-02-17,473,5,522
AO,🇦🇴 Angola,2026-03-17,477,179,334
AI,🇦🇮 Anguilla,2024-06-05,6,3,375
AI,🇦🇮 Anguilla,2024-06-19,8,29,344
AI,🇦🇮 Anguilla,2024-08-08,10,3,375
AI,🇦🇮 Anguilla,2024-08-19,10,0,389
AI,🇦🇮 Anguilla,2024-09-16,8,3,383
AI,🇦🇮 Anguilla,2024-09-17,8,3,383
AI,🇦🇮 Anguilla,2024-10-17,13,0,362
AI,🇦🇮 Anguilla,2024-11-17,7,0,377
AI,🇦🇮 Anguilla,2024-12-18,8,0,422
AI,🇦🇮 Anguilla,2025-01-17,7,0,376
AI,🇦🇮 Anguilla,2025-02-17,8,0,416
AI,🇦🇮 Anguilla,2025-03-17,9,0,394
AI,🇦🇮 Anguilla,2025-04-17,9,0,392
AI,🇦🇮 Anguilla,2025-05-17,4,1,402
AI,🇦🇮 Anguilla,2025-06-17,7,0,380
AI,🇦🇮 Anguilla,2025-07-17,8,1,379
AI,🇦🇮 Anguilla,2025-08-17,9,0,383
AI,🇦🇮 Anguilla,2025-09-17,3,0,380
AI,🇦🇮 Anguilla,2025-10-17,4,2,354
AI,🇦🇮 Anguilla,2025-11-17,7,0,369
AI,🇦🇮 Anguilla,2025-12-17,4,1,367
AI,🇦🇮 Anguilla,2026-01-17,4,0,416
AI,🇦🇮 Anguilla,2026-02-17,2,0,443
AI,🇦🇮 Anguilla,2026-03-17,2,14,368
AG,🇦🇬 Antigua and Barbuda,2024-06-04,14,0,984
AG,🇦🇬 Antigua and Barbuda,2024-06-21,11,0,989
AG,🇦🇬 Antigua and Barbuda,2024-08-08,13,0,987
AG,🇦🇬 Antigua and Barbuda,2024-08-18,13,0,987
AG,🇦🇬 Antigua and Barbuda,2024-09-16,12,0,988
AG,🇦🇬 Antigua and Barbuda,2024-09-18,12,0,988
AG,🇦🇬 Antigua and Barbuda,2024-10-17,11,2,987
AG,🇦🇬 Antigua and Barbuda,2024-11-17,13,77,910
AG,🇦🇬 Antigua and Barbuda,2024-12-18,10,328,662
AG,🇦🇬 Antigua and Barbuda,2025-01-17,14,78,908
AG,🇦🇬 Antigua and Barbuda,2025-02-17,11,85,903
AG,🇦🇬 Antigua and Barbuda,2025-03-17,10,89,901
AG,🇦🇬 Antigua and Barbuda,2025-04-17,10,0,989
AG,🇦🇬 Antigua and Barbuda,2025-05-17,8,82,910
AG,🇦🇬 Antigua and Barbuda,2025-06-17,9,0,991
AG,🇦🇬 Antigua and Barbuda,2025-07-17,7,0,993
AG,🇦🇬 Antigua and Barbuda,2025-08-17,9,0,990
AG,🇦🇬 Antigua and Barbuda,2025-09-17,7,67,925
AG,🇦🇬 Antigua and Barbuda,2025-10-17,8,0,991
AG,🇦🇬 Antigua and Barbuda,2025-11-17,6,0,994
AG,🇦🇬 Antigua and Barbuda,2025-12-17,6,82,912
AG,🇦🇬 Antigua and Barbuda,2026-01-17,7,0,993
AG,🇦🇬 Antigua and Barbuda,2026-02-17,6,73,921
AG,🇦🇬 Antigua and Barbuda,2026-03-17,7,71,908
AR,🇦🇷 Argentina,2024-06-05,517,137,345
AR,🇦🇷 Argentina,2024-06-19,838,1,160
AR,🇦🇷 Argentina,2024-07-24,679,152,168
AR,🇦🇷 Argentina,2024-08-05,505,157,337
AR,🇦🇷 Argentina,2024-08-20,525,159,315
AR,🇦🇷 Argentina,2024-09-16,528,147,324
AR,🇦🇷 Argentina,2024-09-19,528,147,324
AR,🇦🇷 Argentina,2024-10-17,456,227,316
AR,🇦🇷 Argentina,2024-11-17,757,2,240
AR,🇦🇷 Argentina,2024-12-18,308,372,319
AR,🇦🇷 Argentina,2025-01-17,512,268,218
AR,🇦🇷 Argentina,2025-02-17,627,1,371
AR,🇦🇷 Argentina,2025-03-17,434,236,328
AR,🇦🇷 Argentina,2025-04-17,644,196,159
AR,🇦🇷 Argentina,2025-05-17,378,213,408
AR,🇦🇷 Argentina,2025-06-17,441,156,403
AR,🇦🇷 Argentina,2025-07-17,579,6,414
AR,🇦🇷 Argentina,2025-08-17,456,236,307
AR,🇦🇷 Argentina,2025-09-17,589,76,334
AR,🇦🇷 Argentina,2025-10-17,668,0,331
AR,🇦🇷 Argentina,2025-11-17,664,0,335
AR,🇦🇷 Argentina,2025-12-17,735,0,264
AR,🇦🇷 Argentina,2026-01-17,442,234,324
AR,🇦🇷 Argentina,2026-02-17,419,254,327
AR,🇦🇷 Argentina,2026-03-17,679,0,315
AM,🇦🇲 Armenia,2024-06-05,466,0,534
AM,🇦🇲 Armenia,2024-06-23,460,4,535
AM,🇦🇲 Armenia,2024-08-09,393,0,606
AM,🇦🇲 Armenia,2024-08-20,476,0,524
AM,🇦🇲 Armenia,2024-09-16,392,0,608
AM,🇦🇲 Armenia,2024-09-17,392,0,608
AM,🇦🇲 Armenia,2024-10-17,481,0,519
AM,🇦🇲 Armenia,2024-11-17,540,0,460
AM,🇦🇲 Armenia,2024-12-18,546,1,453
AM,🇦🇲 Armenia,2025-01-17,534,1,465
AM,🇦🇲 Armenia,2025-02-17,534,2,464
AM,🇦🇲 Armenia,2025-03-17,540,2,458
AM,🇦🇲 Armenia,2025-04-17,544,0,456
AM,🇦🇲 Armenia,2025-05-17,435,0,565
AM,🇦🇲 Armenia,2025-06-17,458,1,541
AM,🇦🇲 Armenia,2025-07-17,441,0,558
AM,🇦🇲 Armenia,2025-08-17,444,13,543
AM,🇦🇲 Armenia,2025-09-17,297,1,702
AM,🇦🇲 Armenia,2025-10-17,319,0,681
AM,🇦🇲 Armenia,2025-11-17,427,5,568
AM,🇦🇲 Armenia,2025-12-17,369,0,631
AM,🇦🇲 Armenia,2026-01-17,439,0,561
AM,🇦🇲 Armenia,2026-02-17,445,0,555
AM,🇦🇲 Armenia,2026-03-17,469,2,528
AW,🇦🇼 Aruba,2024-05-31,25,0,975
AW,🇦🇼 Aruba,2024-06-19,24,0,976
AW,🇦🇼 Aruba,2024-08-09,24,0,975
AW,🇦🇼 Aruba,2024-08-18,23,0,977
AW,🇦🇼 Aruba,2024-09-16,23,0,977
AW,🇦🇼 Aruba,2024-09-19,23,0,977
AW,🇦🇼 Aruba,2024-10-17,21,0,979
AW,🇦🇼 Aruba,2024-11-17,22,0,978
AW,🇦🇼 Aruba,2024-12-18,25,0,975
AW,🇦🇼 Aruba,2025-01-17,21,0,979
AW,🇦🇼 Aruba,2025-02-17,23,0,977
AW,🇦🇼 Aruba,2025-03-17,20,0,980
AW,🇦🇼 Aruba,2025-04-17,20,0,980
AW,🇦🇼 Aruba,2025-05-17,21,0,979
AW,🇦🇼 Aruba,2025-06-17,21,0,979
AW,🇦🇼 Aruba,2025-07-17,22,0,978
AW,🇦🇼 Aruba,2025-08-17,23,0,977
AW,🇦🇼 Aruba,2025-09-17,24,0,976
AW,🇦🇼 Aruba,2025-10-17,21,0,977
AW,🇦🇼 Aruba,2025-11-17,23,0,977
AW,🇦🇼 Aruba,2025-12-17,22,0,978
AW,🇦🇼 Aruba,2026-01-17,22,0,978
AW,🇦🇼 Aruba,2026-02-17,21,0,979
AW,🇦🇼 Aruba,2026-03-17,23,0,964
AU,🇦🇺 Australia,2024-06-06,794,0,205
AU,🇦🇺 Australia,2024-06-21,858,0,141
AU,🇦🇺 Australia,2024-07-23,867,0,132
AU,🇦🇺 Australia,2024-07-24,870,0,129
AU,🇦🇺 Australia,2024-08-05,866,0,133
AU,🇦🇺 Australia,2024-08-21,870,0,129
AU,🇦🇺 Australia,2024-09-16,869,0,131
AU,🇦🇺 Australia,2024-09-18,869,0,131
AU,🇦🇺 Australia,2024-10-17,870,0,130
AU,🇦🇺 Australia,2024-11-17,869,0,131
AU,🇦🇺 Australia,2024-12-18,827,0,173
AU,🇦🇺 Australia,2025-01-17,820,0,180
AU,🇦🇺 Australia,2025-02-17,822,0,178
AU,🇦🇺 Australia,2025-03-17,819,0,180
AU,🇦🇺 Australia,2025-04-17,840,0,160
AU,🇦🇺 Australia,2025-05-17,830,0,170
AU,🇦🇺 Australia,2025-06-17,818,0,181
AU,🇦🇺 Australia,2025-07-17,838,0,161
AU,🇦🇺 Australia,2025-08-17,850,0,149
AU,🇦🇺 Australia,2025-09-17,793,0,205
AU,🇦🇺 Australia,2025-10-17,841,0,158
AU,🇦🇺 Australia,2025-11-17,842,0,156
AU,🇦🇺 Australia,2025-12-17,844,0,155
AU,🇦🇺 Australia,2026-01-17,859,0,141
AU,🇦🇺 Australia,2026-02-17,834,0,165
AU,🇦🇺 Australia,2026-03-17,854,0,141
AT,🇦🇹 Austria,2024-06-03,571,54,374
AT,🇦🇹 Austria,2024-06-20,666,8,326
AT,🇦🇹 Austria,2024-07-29,309,0,691
AT,🇦🇹 Austria,2024-08-07,594,100,306
AT,🇦🇹 Austria,2024-08-20,577,75,348
AT,🇦🇹 Austria,2024-09-16,582,96,322
AT,🇦🇹 Austria,2024-09-19,582,96,322
AT,🇦🇹 Austria,2024-10-17,606,71,323
AT,🇦🇹 Austria,2024-11-17,601,30,369
AT,🇦🇹 Austria,2024-12-18,592,80,328
AT,🇦🇹 Austria,2025-01-17,631,35,333
AT,🇦🇹 Austria,2025-02-17,632,45,323
AT,🇦🇹 Austria,2025-03-17,605,45,350
AT,🇦🇹 Austria,2025-04-17,637,26,337
AT,🇦🇹 Austria,2025-05-17,605,97,298
AT,🇦🇹 Austria,2025-06-17,600,36,364
AT,🇦🇹 Austria,2025-07-17,600,102,298
AT,🇦🇹 Austria,2025-08-17,627,72,301
AT,🇦🇹 Austria,2025-09-17,582,100,318
AT,🇦🇹 Austria,2025-10-17,604,102,294
AT,🇦🇹 Austria,2025-11-17,596,97,307
AT,🇦🇹 Austria,2025-12-17,596,72,332
AT,🇦🇹 Austria,2026-01-17,589,101,310
AT,🇦🇹 Austria,2026-02-17,591,103,306
AT,🇦🇹 Austria,2026-03-17,594,85,313
AZ,🇦🇿 Azerbaijan,2024-06-07,118,0,861
AZ,🇦🇿 Azerbaijan,2024-06-19,125,0,857
AZ,🇦🇿 Azerbaijan,2024-08-09,129,0,851
AZ,🇦🇿 Azerbaijan,2024-08-19,131,0,852
AZ,🇦🇿 Azerbaijan,2024-09-16,131,0,855
AZ,🇦🇿 Azerbaijan,2024-10-17,129,0,855
AZ,🇦🇿 Azerbaijan,2024-11-17,168,0,818
AZ,🇦🇿 Azerbaijan,2024-12-18,161,0,823
AZ,🇦🇿 Azerbaijan,2025-01-17,166,0,818
AZ,🇦🇿 Azerbaijan,2025-02-17,162,0,822
AZ,🇦🇿 Azerbaijan,2025-03-17,152,0,825
AZ,🇦🇿 Azerbaijan,2025-04-17,414,0,570
AZ,🇦🇿 Azerbaijan,2025-05-17,370,0,612
AZ,🇦🇿 Azerbaijan,2025-06-17,378,0,601
AZ,🇦🇿 Azerbaijan,2025-07-17,356,0,624
AZ,🇦🇿 Azerbaijan,2025-08-17,355,0,628
AZ,🇦🇿 Azerbaijan,2025-09-17,385,0,599
AZ,🇦🇿 Azerbaijan,2025-10-17,427,0,556
AZ,🇦🇿 Azerbaijan,2025-11-17,335,0,649
AZ,🇦🇿 Azerbaijan,2026-01-17,372,1,608
AZ,🇦🇿 Azerbaijan,2026-02-17,450,0,527
AZ,🇦🇿 Azerbaijan,2026-03-17,475,0,373
BS,🇧🇸 Bahamas,2024-05-31,179,0,819
BS,🇧🇸 Bahamas,2024-06-19,176,0,821
BS,🇧🇸 Bahamas,2024-08-10,183,0,812
BS,🇧🇸 Bahamas,2024-08-16,189,0,807
BS,🇧🇸 Bahamas,2024-09-16,184,0,812
BS,🇧🇸 Bahamas,2024-09-18,184,0,812
BS,🇧🇸 Bahamas,2024-10-17,172,0,826
BS,🇧🇸 Bahamas,2024-11-17,172,0,826
BS,🇧🇸 Bahamas,2024-12-18,180,0,818
BS,🇧🇸 Bahamas,2025-01-17,184,0,814
BS,🇧🇸 Bahamas,2025-02-17,172,0,826
BS,🇧🇸 Bahamas,2025-03-17,178,27,793
BS,🇧🇸 Bahamas,2025-04-17,185,0,812
BS,🇧🇸 Bahamas,2025-05-17,186,0,812
BS,🇧🇸 Bahamas,2025-06-17,180,0,817
BS,🇧🇸 Bahamas,2025-07-17,178,0,818
BS,🇧🇸 Bahamas,2025-08-17,187,0,809
BS,🇧🇸 Bahamas,2025-09-17,183,0,814
BS,🇧🇸 Bahamas,2025-10-17,181,0,817
BS,🇧🇸 Bahamas,2025-11-17,167,0,831
BS,🇧🇸 Bahamas,2025-12-17,181,0,817
BS,🇧🇸 Bahamas,2026-01-17,179,0,818
BS,🇧🇸 Bahamas,2026-02-17,173,0,825
BS,🇧🇸 Bahamas,2026-03-17,169,0,815
BH,🇧🇭 Bahrain,2024-05-31,556,124,318
BH,🇧🇭 Bahrain,2024-06-19,624,14,360
BH,🇧🇭 Bahrain,2024-08-08,548,130,320
BH,🇧🇭 Bahrain,2024-08-19,557,22,420
BH,🇧🇭 Bahrain,2024-09-16,551,131,316
BH,🇧🇭 Bahrain,2024-09-19,551,131,316
BH,🇧🇭 Bahrain,2024-10-17,358,130,511
BH,🇧🇭 Bahrain,2024-11-17,267,24,708
BH,🇧🇭 Bahrain,2024-12-18,529,123,347
BH,🇧🇭 Bahrain,2025-01-17,535,131,333
BH,🇧🇭 Bahrain,2025-02-17,538,156,305
BH,🇧🇭 Bahrain,2025-03-17,501,158,342
BH,🇧🇭 Bahrain,2025-04-17,284,143,572
BH,🇧🇭 Bahrain,2025-05-17,516,143,340
BH,🇧🇭 Bahrain,2025-06-17,514,143,342
BH,🇧🇭 Bahrain,2025-07-17,249,146,604
BH,🇧🇭 Bahrain,2025-08-17,255,146,598
BH,🇧🇭 Bahrain,2025-09-17,253,20,726
BH,🇧🇭 Bahrain,2025-10-17,244,273,482
BH,🇧🇭 Bahrain,2025-11-17,581,148,270
BH,🇧🇭 Bahrain,2025-12-17,500,133,366
BH,🇧🇭 Bahrain,2026-01-17,497,145,357
BH,🇧🇭 Bahrain,2026-02-17,505,148,347
BH,🇧🇭 Bahrain,2026-03-17,507,149,340
BD,🇧🇩 Bangladesh,2024-06-06,676,22,302
BD,🇧🇩 Bangladesh,2024-06-18,674,24,302
BD,🇧🇩 Bangladesh,2024-08-10,463,23,513
BD,🇧🇩 Bangladesh,2024-08-18,687,16,296
BD,🇧🇩 Bangladesh,2024-09-16,682,10,308
BD,🇧🇩 Bangladesh,2024-09-19,682,10,308
BD,🇧🇩 Bangladesh,2024-10-17,479,1,520
BD,🇧🇩 Bangladesh,2024-11-17,370,1,629
BD,🇧🇩 Bangladesh,2024-12-18,673,13,314
BD,🇧🇩 Bangladesh,2025-01-17,406,98,494
BD,🇧🇩 Bangladesh,2025-02-17,613,79,308
BD,🇧🇩 Bangladesh,2025-03-17,385,87,527
BD,🇧🇩 Bangladesh,2025-04-17,244,81,675
BD,🇧🇩 Bangladesh,2025-05-17,348,2,650
BD,🇧🇩 Bangladesh,2025-06-17,391,15,593
BD,🇧🇩 Bangladesh,2025-07-17,243,199,557
BD,🇧🇩 Bangladesh,2025-08-17,211,184,605
BD,🇧🇩 Bangladesh,2025-09-17,414,31,555
BD,🇧🇩 Bangladesh,2025-10-17,660,6,334
BD,🇧🇩 Bangladesh,2025-11-17,661,37,302
BD,🇧🇩 Bangladesh,2025-12-17,514,43,443
BD,🇧🇩 Bangladesh,2026-01-17,651,34,315
BD,🇧🇩 Bangladesh,2026-02-17,686,56,258
BD,🇧🇩 Bangladesh,2026-03-17,643,35,315
BB,🇧🇧 Barbados,2024-06-02,227,0,773
BB,🇧🇧 Barbados,2024-06-23,214,0,786
BB,🇧🇧 Barbados,2024-08-09,137,0,863
BB,🇧🇧 Barbados,2024-08-18,230,0,770
BB,🇧🇧 Barbados,2024-09-16,230,0,770
BB,🇧🇧 Barbados,2024-09-18,230,0,770
BB,🇧🇧 Barbados,2024-10-17,228,0,772
BB,🇧🇧 Barbados,2024-11-17,213,0,787
BB,🇧🇧 Barbados,2024-12-18,219,0,781
BB,🇧🇧 Barbados,2025-01-17,231,0,769
BB,🇧🇧 Barbados,2025-03-17,243,0,757
BB,🇧🇧 Barbados,2025-04-17,241,0,759
BB,🇧🇧 Barbados,2025-05-17,234,0,766
BB,🇧🇧 Barbados,2025-06-17,227,0,773
BB,🇧🇧 Barbados,2025-07-17,143,9,848
BB,🇧🇧 Barbados,2025-08-17,241,0,759
BB,🇧🇧 Barbados,2025-09-17,246,0,754
BB,🇧🇧 Barbados,2025-10-17,232,32,736
BB,🇧🇧 Barbados,2025-11-17,230,0,770
BB,🇧🇧 Barbados,2025-12-17,242,0,758
BB,🇧🇧 Barbados,2026-01-17,233,0,767
BB,🇧🇧 Barbados,2026-02-17,233,0,767
BB,🇧🇧 Barbados,2026-03-17,242,0,749
BY,🇧🇾 Belarus,2024-06-03,371,198,430
BY,🇧🇾 Belarus,2024-06-21,367,74,558
BY,🇧🇾 Belarus,2024-07-30,321,0,679
BY,🇧🇾 Belarus,2024-08-07,379,190,431
BY,🇧🇾 Belarus,2024-08-19,384,133,483
BY,🇧🇾 Belarus,2024-09-16,377,187,436
BY,🇧🇾 Belarus,2024-09-19,377,187,436
BY,🇧🇾 Belarus,2024-10-17,386,181,433
BY,🇧🇾 Belarus,2024-11-17,378,180,442
BY,🇧🇾 Belarus,2024-12-18,384,168,448
BY,🇧🇾 Belarus,2025-01-17,374,175,451
BY,🇧🇾 Belarus,2025-02-17,379,57,564
BY,🇧🇾 Belarus,2025-03-17,385,178,437
BY,🇧🇾 Belarus,2025-04-17,375,170,455
BY,🇧🇾 Belarus,2025-05-17,380,172,448
BY,🇧🇾 Belarus,2025-06-17,373,155,471
BY,🇧🇾 Belarus,2025-07-17,318,191,490
BY,🇧🇾 Belarus,2025-08-17,385,143,472
BY,🇧🇾 Belarus,2025-09-17,379,137,484
BY,🇧🇾 Belarus,2025-10-17,375,136,489
BY,🇧🇾 Belarus,2025-11-17,382,141,477
BY,🇧🇾 Belarus,2025-12-17,382,142,476
BY,🇧🇾 Belarus,2026-01-17,397,149,454
BY,🇧🇾 Belarus,2026-02-17,388,156,456
BY,🇧🇾 Belarus,2026-03-17,359,185,455
BE,🇧🇪 Belgium,2024-05-30,465,187,348
BE,🇧🇪 Belgium,2024-06-18,689,46,265
BE,🇧🇪 Belgium,2024-08-09,646,12,341
BE,🇧🇪 Belgium,2024-08-18,624,65,311
BE,🇧🇪 Belgium,2024-09-16,636,107,257
BE,🇧🇪 Belgium,2024-10-17,647,93,260
BE,🇧🇪 Belgium,2024-11-17,640,116,244
BE,🇧🇪 Belgium,2024-12-18,644,38,318
BE,🇧🇪 Belgium,2025-01-17,645,52,303
BE,🇧🇪 Belgium,2025-02-17,648,48,304
BE,🇧🇪 Belgium,2025-03-17,659,103,238
BE,🇧🇪 Belgium,2025-04-17,685,62,253
BE,🇧🇪 Belgium,2025-05-17,635,72,293
BE,🇧🇪 Belgium,2025-06-17,654,76,270
BE,🇧🇪 Belgium,2025-07-17,656,25,319
BE,🇧🇪 Belgium,2025-08-17,644,126,230
BE,🇧🇪 Belgium,2025-09-17,640,97,263
BE,🇧🇪 Belgium,2025-10-17,633,72,295
BE,🇧🇪 Belgium,2025-11-17,635,49,316
BE,🇧🇪 Belgium,2025-12-17,650,84,266
BE,🇧🇪 Belgium,2026-01-17,637,119,244
BE,🇧🇪 Belgium,2026-02-17,687,31,281
BE,🇧🇪 Belgium,2026-03-17,646,92,259
BZ,🇧🇿 Belize,2024-06-02,133,0,867
BZ,🇧🇿 Belize,2024-06-21,124,1,875
BZ,🇧🇿 Belize,2024-07-25,135,19,846
BZ,🇧🇿 Belize,2024-08-06,135,14,851
BZ,🇧🇿 Belize,2024-08-20,120,18,862
BZ,🇧🇿 Belize,2024-09-16,122,0,878
BZ,🇧🇿 Belize,2024-09-19,122,0,878
BZ,🇧🇿 Belize,2024-10-17,138,0,862
BZ,🇧🇿 Belize,2024-11-17,132,14,853
BZ,🇧🇿 Belize,2024-12-18,141,0,858
BZ,🇧🇿 Belize,2025-01-17,131,0,869
BZ,🇧🇿 Belize,2025-02-17,134,0,866
BZ,🇧🇿 Belize,2025-03-17,134,0,865
BZ,🇧🇿 Belize,2025-04-17,147,0,852
BZ,🇧🇿 Belize,2025-05-17,134,0,866
BZ,🇧🇿 Belize,2025-06-17,132,12,856
BZ,🇧🇿 Belize,2025-07-17,133,10,857
BZ,🇧🇿 Belize,2025-08-17,133,9,858
BZ,🇧🇿 Belize,2025-09-17,130,11,859
BZ,🇧🇿 Belize,2025-10-17,128,11,861
BZ,🇧🇿 Belize,2025-11-17,130,12,858
BZ,🇧🇿 Belize,2025-12-17,125,14,861
BZ,🇧🇿 Belize,2026-01-17,119,0,880
BZ,🇧🇿 Belize,2026-02-17,121,0,879
BZ,🇧🇿 Belize,2026-03-17,128,0,864
BJ,🇧🇯 Benin,2024-06-05,53,2,943
BJ,🇧🇯 Benin,2024-06-20,55,91,853
BJ,🇧🇯 Benin,2024-08-09,57,1,941
BJ,🇧🇯 Benin,2024-08-21,64,2,933
BJ,🇧🇯 Benin,2024-09-16,62,14,921
BJ,🇧🇯 Benin,2024-09-20,62,14,921
BJ,🇧🇯 Benin,2024-10-17,57,11,930
BJ,🇧🇯 Benin,2024-11-17,62,1,935
BJ,🇧🇯 Benin,2024-12-18,51,12,934
BJ,🇧🇯 Benin,2025-01-17,54,43,901
BJ,🇧🇯 Benin,2025-02-17,49,0,950
BJ,🇧🇯 Benin,2025-03-17,49,7,943
BJ,🇧🇯 Benin,2025-04-17,52,0,947
BJ,🇧🇯 Benin,2025-05-17,48,0,951
BJ,🇧🇯 Benin,2025-06-17,44,0,956
BJ,🇧🇯 Benin,2025-07-17,46,8,946
BJ,🇧🇯 Benin,2025-08-17,49,8,943
BJ,🇧🇯 Benin,2025-09-17,54,33,913
BJ,🇧🇯 Benin,2025-10-17,57,39,903
BJ,🇧🇯 Benin,2025-11-17,59,39,901
BJ,🇧🇯 Benin,2025-12-17,55,21,923
BJ,🇧🇯 Benin,2026-01-17,49,10,940
BJ,🇧🇯 Benin,2026-02-17,52,0,947
BJ,🇧🇯 Benin,2026-03-17,52,0,935
BM,🇧🇲 Bermuda,2024-05-31,22,452,525
BM,🇧🇲 Bermuda,2024-06-23,20,502,477
BM,🇧🇲 Bermuda,2024-08-09,21,418,560
BM,🇧🇲 Bermuda,2024-08-19,22,519,458
BM,🇧🇲 Bermuda,2024-09-16,22,508,469
BM,🇧🇲 Bermuda,2024-09-17,22,508,469
BM,🇧🇲 Bermuda,2024-10-17,19,543,437
BM,🇧🇲 Bermuda,2024-11-17,10,549,440
BM,🇧🇲 Bermuda,2024-12-18,10,499,490
BM,🇧🇲 Bermuda,2025-01-17,13,563,423
BM,🇧🇲 Bermuda,2025-02-17,15,553,431
BM,🇧🇲 Bermuda,2025-03-17,13,545,441
BM,🇧🇲 Bermuda,2025-04-17,12,550,437
BM,🇧🇲 Bermuda,2025-05-17,14,528,457
BM,🇧🇲 Bermuda,2025-06-17,13,562,424
BM,🇧🇲 Bermuda,2025-07-17,11,560,428
BM,🇧🇲 Bermuda,2025-08-17,12,545,442
BM,🇧🇲 Bermuda,2025-09-17,9,552,438
BM,🇧🇲 Bermuda,2025-10-17,8,558,433
BM,🇧🇲 Bermuda,2025-11-17,8,576,415
BM,🇧🇲 Bermuda,2025-12-17,8,570,421
BM,🇧🇲 Bermuda,2026-01-17,8,580,411
BM,🇧🇲 Bermuda,2026-02-17,9,563,427
BM,🇧🇲 Bermuda,2026-03-17,8,566,413
BT,🇧🇹 Bhutan,2024-06-05,240,335,425
BT,🇧🇹 Bhutan,2024-06-21,236,382,382
BT,🇧🇹 Bhutan,2024-08-07,246,332,421
BT,🇧🇹 Bhutan,2024-08-19,236,340,422
BT,🇧🇹 Bhutan,2024-09-16,236,337,425
BT,🇧🇹 Bhutan,2024-10-17,548,23,427
BT,🇧🇹 Bhutan,2024-11-17,232,354,412
BT,🇧🇹 Bhutan,2024-12-18,229,411,359
BT,🇧🇹 Bhutan,2025-01-17,224,416,359
BT,🇧🇹 Bhutan,2025-02-17,243,302,454
BT,🇧🇹 Bhutan,2025-03-17,674,38,288
BT,🇧🇹 Bhutan,2025-04-17,508,44,448
BT,🇧🇹 Bhutan,2025-05-17,648,3,349
BT,🇧🇹 Bhutan,2025-06-17,644,17,339
BT,🇧🇹 Bhutan,2025-07-17,476,207,317
BT,🇧🇹 Bhutan,2025-08-17,319,369,312
BT,🇧🇹 Bhutan,2025-09-17,489,238,273
BT,🇧🇹 Bhutan,2025-10-17,253,242,505
BT,🇧🇹 Bhutan,2025-11-17,240,281,478
BT,🇧🇹 Bhutan,2025-12-17,249,188,563
BT,🇧🇹 Bhutan,2026-01-17,228,226,546
BT,🇧🇹 Bhutan,2026-02-17,234,252,513
BT,🇧🇹 Bhutan,2026-03-17,233,225,535
BO,🇧🇴 Bolivia,2024-06-01,184,427,387
BO,🇧🇴 Bolivia,2024-06-18,174,547,275
BO,🇧🇴 Bolivia,2024-08-09,362,258,377
BO,🇧🇴 Bolivia,2024-08-21,364,252,381
BO,🇧🇴 Bolivia,2024-09-16,371,248,379
BO,🇧🇴 Bolivia,2024-09-18,371,248,379
BO,🇧🇴 Bolivia,2024-10-17,365,261,371
BO,🇧🇴 Bolivia,2024-11-17,368,272,358
BO,🇧🇴 Bolivia,2024-12-18,378,244,376
BO,🇧🇴 Bolivia,2025-01-17,387,250,360
BO,🇧🇴 Bolivia,2025-02-17,381,291,326
BO,🇧🇴 Bolivia,2025-03-17,390,242,366
BO,🇧🇴 Bolivia,2025-04-17,384,244,370
BO,🇧🇴 Bolivia,2025-05-17,378,238,383
BO,🇧🇴 Bolivia,2025-06-17,384,242,373
BO,🇧🇴 Bolivia,2025-07-17,381,233,385
BO,🇧🇴 Bolivia,2025-08-17,375,236,388
BO,🇧🇴 Bolivia,2025-09-17,380,234,385
BO,🇧🇴 Bolivia,2025-10-17,369,235,395
BO,🇧🇴 Bolivia,2025-11-17,177,422,400
BO,🇧🇴 Bolivia,2025-12-17,382,57,562
BO,🇧🇴 Bolivia,2026-01-17,390,234,376
BO,🇧🇴 Bolivia,2026-02-17,170,456,374
BO,🇧🇴 Bolivia,2026-03-17,196,432,359
BQ,"🇧🇶 Bonaire, Sint Eustatius and Saba",2024-06-03,2,0,976
BQ,"🇧🇶 Bonaire, Sint Eustatius and Saba",2024-06-23,3,0,954
BQ,"🇧🇶 Bonaire, Sint Eustatius and Saba",2024-08-09,3,0,932
BQ,"🇧🇶 Bonaire, Sint Eustatius and Saba",2024-08-21,3,0,898
BQ,"🇧🇶 Bonaire, Sint Eustatius and Saba",2024-09-16,3,0,916
BQ,"🇧🇶 Bonaire, Sint Eustatius and Saba",2024-10-17,2,0,982
BQ,"🇧🇶 Bonaire, Sint Eustatius and Saba",2024-11-17,2,0,998
BQ,"🇧🇶 Bonaire, Sint Eustatius and Saba",2024-12-18,2,0,998
BQ,"🇧🇶 Bonaire, Sint Eustatius and Saba",2025-01-17,1,0,999
BQ,"🇧🇶 Bonaire, Sint Eustatius and Saba",2025-02-17,2,0,998
BQ,"🇧🇶 Bonaire, Sint Eustatius and Saba",2025-03-17,2,0,998
BQ,"🇧🇶 Bonaire, Sint Eustatius and Saba",2025-04-17,2,0,998
BQ,"🇧🇶 Bonaire, Sint Eustatius and Saba",2025-05-17,2,0,998
BQ,"🇧🇶 Bonaire, Sint Eustatius and Saba",2025-06-17,2,0,998
BQ,"🇧🇶 Bonaire, Sint Eustatius and Saba",2025-07-17,2,0,977
BQ,"🇧🇶 Bonaire, Sint Eustatius and Saba",2025-08-17,2,0,890
BQ,"🇧🇶 Bonaire, Sint Eustatius and Saba",2025-09-17,2,0,903
BQ,"🇧🇶 Bonaire, Sint Eustatius and Saba",2025-10-17,1,0,998
BQ,"🇧🇶 Bonaire, Sint Eustatius and Saba",2025-11-17,2,63,935
BQ,"🇧🇶 Bonaire, Sint Eustatius and Saba",2025-12-17,1,30,969
BQ,"🇧🇶 Bonaire, Sint Eustatius and Saba",2026-01-17,1,0,999
BQ,"🇧🇶 Bonaire, Sint Eustatius and Saba",2026-02-17,2,0,998
BQ,"🇧🇶 Bonaire, Sint Eustatius and Saba",2026-03-17,2,0,984
BA,🇧🇦 Bosnia and Herzegovina,2024-06-04,95,18,885
BA,🇧🇦 Bosnia and Herzegovina,2024-06-20,95,145,759
BA,🇧🇦 Bosnia and Herzegovina,2024-08-08,100,121,777
BA,🇧🇦 Bosnia and Herzegovina,2024-08-19,83,8,907
BA,🇧🇦 Bosnia and Herzegovina,2024-09-16,75,4,919
BA,🇧🇦 Bosnia and Herzegovina,2024-09-17,75,4,919
BA,🇧🇦 Bosnia and Herzegovina,2024-10-17,105,160,734
BA,🇧🇦 Bosnia and Herzegovina,2024-11-17,93,163,743
BA,🇧🇦 Bosnia and Herzegovina,2024-12-18,88,270,641
BA,🇧🇦 Bosnia and Herzegovina,2025-01-17,88,139,772
BA,🇧🇦 Bosnia and Herzegovina,2025-02-17,78,84,837
BA,🇧🇦 Bosnia and Herzegovina,2025-03-17,94,163,742
BA,🇧🇦 Bosnia and Herzegovina,2025-04-17,93,153,752
BA,🇧🇦 Bosnia and Herzegovina,2025-05-17,88,12,899
BA,🇧🇦 Bosnia and Herzegovina,2025-06-17,91,190,717
BA,🇧🇦 Bosnia and Herzegovina,2025-07-17,94,153,752
BA,🇧🇦 Bosnia and Herzegovina,2025-08-17,81,234,684
BA,🇧🇦 Bosnia and Herzegovina,2025-09-17,80,59,859
BA,🇧🇦 Bosnia and Herzegovina,2025-10-17,98,214,687
BA,🇧🇦 Bosnia and Herzegovina,2025-11-17,92,174,734
BA,🇧🇦 Bosnia and Herzegovina,2025-12-17,91,203,706
BA,🇧🇦 Bosnia and Herzegovina,2026-01-17,90,80,830
BA,🇧🇦 Bosnia and Herzegovina,2026-02-17,91,114,795
BA,🇧🇦 Bosnia and Herzegovina,2026-03-17,95,223,677
BW,🇧🇼 Botswana,2024-06-03,132,479,387
BW,🇧🇼 Botswana,2024-06-05,129,476,393
BW,🇧🇼 Botswana,2024-06-20,136,605,257
BW,🇧🇼 Botswana,2024-08-10,547,107,344
BW,🇧🇼 Botswana,2024-08-19,139,487,372
BW,🇧🇼 Botswana,2024-09-16,525,67,407
BW,🇧🇼 Botswana,2024-09-19,525,67,407
BW,🇧🇼 Botswana,2024-10-17,134,445,419
BW,🇧🇼 Botswana,2024-11-17,553,51,393
BW,🇧🇼 Botswana,2024-12-18,541,98,359
BW,🇧🇼 Botswana,2025-01-17,564,64,366
BW,🇧🇼 Botswana,2025-02-17,548,79,372
BW,🇧🇼 Botswana,2025-03-17,502,73,424
BW,🇧🇼 Botswana,2025-04-17,508,71,419
BW,🇧🇼 Botswana,2025-05-17,516,56,424
BW,🇧🇼 Botswana,2025-06-17,111,77,811
BW,🇧🇼 Botswana,2025-07-17,122,517,359
BW,🇧🇼 Botswana,2025-08-17,258,95,646
BW,🇧🇼 Botswana,2025-09-17,504,51,444
BW,🇧🇼 Botswana,2025-10-17,494,86,418
BW,🇧🇼 Botswana,2025-11-17,510,20,468
BW,🇧🇼 Botswana,2025-12-17,363,241,393
BW,🇧🇼 Botswana,2026-01-17,259,366,374
BW,🇧🇼 Botswana,2026-02-17,562,62,376
BW,🇧🇼 Botswana,2026-03-17,293,280,411
BR,🇧🇷 Brazil,2024-06-06,747,0,253
BR,🇧🇷 Brazil,2024-06-21,882,0,118
BR,🇧🇷 Brazil,2024-07-24,880,0,120
BR,🇧🇷 Brazil,2024-08-06,639,0,361
BR,🇧🇷 Brazil,2024-08-18,760,0,240
BR,🇧🇷 Brazil,2024-09-16,755,0,245
BR,🇧🇷 Brazil,2024-09-18,755,0,245
BR,🇧🇷 Brazil,2024-10-17,755,0,245
BR,🇧🇷 Brazil,2024-11-17,750,0,250
BR,🇧🇷 Brazil,2024-12-18,867,0,133
BR,🇧🇷 Brazil,2025-01-17,872,0,128
BR,🇧🇷 Brazil,2025-02-17,861,0,139
BR,🇧🇷 Brazil,2025-03-17,874,0,126
BR,🇧🇷 Brazil,2025-04-17,868,0,132
BR,🇧🇷 Brazil,2025-05-17,867,0,133
BR,🇧🇷 Brazil,2025-06-17,866,0,134
BR,🇧🇷 Brazil,2025-07-17,725,141,134
BR,🇧🇷 Brazil,2025-08-17,861,0,139
BR,🇧🇷 Brazil,2025-09-17,816,0,184
BR,🇧🇷 Brazil,2025-10-17,850,0,150
BR,🇧🇷 Brazil,2025-11-17,724,130,146
BR,🇧🇷 Brazil,2025-12-17,852,0,148
BR,🇧🇷 Brazil,2026-01-17,841,1,158
BR,🇧🇷 Brazil,2026-02-17,863,0,137
BR,🇧🇷 Brazil,2026-03-17,822,24,151
IO,🇮🇴 British Indian Ocean Territory,2024-05-31,0,0,38
IO,🇮🇴 British Indian Ocean Territory,2024-06-21,0,0,34
IO,🇮🇴 British Indian Ocean Territory,2024-08-07,0,0,34
IO,🇮🇴 British Indian Ocean Territory,2024-08-18,1,0,38
IO,🇮🇴 British Indian Ocean Territory,2024-09-16,0,0,41
IO,🇮🇴 British Indian Ocean Territory,2024-09-18,0,0,41
IO,🇮🇴 British Indian Ocean Territory,2024-10-17,1,0,34
IO,🇮🇴 British Indian Ocean Territory,2024-11-17,0,0,42
IO,🇮🇴 British Indian Ocean Territory,2024-12-18,0,0,47
IO,🇮🇴 British Indian Ocean Territory,2025-01-17,0,0,46
IO,🇮🇴 British Indian Ocean Territory,2025-02-17,0,0,45
IO,🇮🇴 British Indian Ocean Territory,2025-03-17,0,0,46
IO,🇮🇴 British Indian Ocean Territory,2025-04-17,0,0,44
IO,🇮🇴 British Indian Ocean Territory,2025-05-17,0,0,47
IO,🇮🇴 British Indian Ocean Territory,2025-06-17,0,0,50
IO,🇮🇴 British Indian Ocean Territory,2025-07-17,0,0,49
IO,🇮🇴 British Indian Ocean Territory,2025-08-17,0,0,47
IO,🇮🇴 British Indian Ocean Territory,2025-09-17,0,0,42
IO,🇮🇴 British Indian Ocean Territory,2025-10-17,0,0,41
IO,🇮🇴 British Indian Ocean Territory,2025-11-17,0,0,42
IO,🇮🇴 British Indian Ocean Territory,2025-12-17,0,0,40
BN,🇧🇳 Brunei,2024-05-31,98,585,317
BN,🇧🇳 Brunei,2024-06-21,99,35,866
BN,🇧🇳 Brunei,2024-07-26,106,0,894
BN,🇧🇳 Brunei,2024-08-06,642,109,249
BN,🇧🇳 Brunei,2024-08-16,648,43,308
BN,🇧🇳 Brunei,2024-09-16,648,98,253
BN,🇧🇳 Brunei,2024-09-17,648,98,253
BN,🇧🇳 Brunei,2024-10-17,113,633,253
BN,🇧🇳 Brunei,2024-11-17,656,111,232
BN,🇧🇳 Brunei,2024-12-18,110,196,693
BN,🇧🇳 Brunei,2025-01-17,106,101,792
BN,🇧🇳 Brunei,2025-02-17,101,107,791
BN,🇧🇳 Brunei,2025-03-17,95,570,335
BN,🇧🇳 Brunei,2025-04-17,101,571,328
BN,🇧🇳 Brunei,2025-05-17,102,101,797
BN,🇧🇳 Brunei,2025-06-17,101,638,261
BN,🇧🇳 Brunei,2025-07-17,110,27,863
BN,🇧🇳 Brunei,2025-08-17,105,94,800
BN,🇧🇳 Brunei,2025-09-17,92,641,267
BN,🇧🇳 Brunei,2025-10-17,93,103,804
BN,🇧🇳 Brunei,2025-11-17,94,26,880
BN,🇧🇳 Brunei,2025-12-17,99,93,808
BN,🇧🇳 Brunei,2026-01-17,104,634,262
BN,🇧🇳 Brunei,2026-02-17,97,642,261
BN,🇧🇳 Brunei,2026-03-17,97,578,320
BG,🇧🇬 Bulgaria,2024-06-07,756,0,243
BG,🇧🇬 Bulgaria,2024-06-21,782,0,217
BG,🇧🇬 Bulgaria,2024-08-09,581,0,418
BG,🇧🇬 Bulgaria,2024-08-21,772,0,227
BG,🇧🇬 Bulgaria,2024-09-16,754,0,245
BG,🇧🇬 Bulgaria,2024-10-17,609,0,390
BG,🇧🇬 Bulgaria,2024-11-17,831,0,166
BG,🇧🇬 Bulgaria,2024-12-18,791,0,207
BG,🇧🇬 Bulgaria,2025-01-17,616,0,382
BG,🇧🇬 Bulgaria,2025-02-17,632,0,366
BG,🇧🇬 Bulgaria,2025-03-17,772,0,226
BG,🇧🇬 Bulgaria,2025-04-17,772,0,226
BG,🇧🇬 Bulgaria,2025-05-17,774,0,223
BG,🇧🇬 Bulgaria,2025-06-17,777,0,220
BG,🇧🇬 Bulgaria,2025-07-17,779,0,219
BG,🇧🇬 Bulgaria,2025-08-17,780,0,218
BG,🇧🇬 Bulgaria,2025-09-17,772,0,226
BG,🇧🇬 Bulgaria,2025-10-17,777,0,221
BG,🇧🇬 Bulgaria,2025-11-17,781,0,217
BG,🇧🇬 Bulgaria,2025-12-17,784,0,214
BG,🇧🇬 Bulgaria,2026-01-17,770,0,228
BG,🇧🇬 Bulgaria,2026-02-17,778,0,220
BG,🇧🇬 Bulgaria,2026-03-17,789,6,200
BF,🇧🇫 Burkina Faso,2024-06-02,39,175,768
BF,🇧🇫 Burkina Faso,2024-06-20,39,186,753
BF,🇧🇫 Burkina Faso,2024-08-09,283,11,685
BF,🇧🇫 Burkina Faso,2024-08-19,220,14,744
BF,🇧🇫 Burkina Faso,2024-09-16,182,14,783
BF,🇧🇫 Burkina Faso,2024-09-17,182,14,783
BF,🇧🇫 Burkina Faso,2024-10-17,292,12,675
BF,🇧🇫 Burkina Faso,2024-11-17,273,16,690
BF,🇧🇫 Burkina Faso,2024-12-18,211,78,688
BF,🇧🇫 Burkina Faso,2025-01-17,276,4,698
BF,🇧🇫 Burkina Faso,2025-02-17,228,14,738
BF,🇧🇫 Burkina Faso,2025-03-17,181,16,783
BF,🇧🇫 Burkina Faso,2025-04-17,165,55,760
BF,🇧🇫 Burkina Faso,2025-05-17,222,64,695
BF,🇧🇫 Burkina Faso,2025-06-17,252,47,682
BF,🇧🇫 Burkina Faso,2025-07-17,83,18,880
BF,🇧🇫 Burkina Faso,2025-08-17,233,76,672
BF,🇧🇫 Burkina Faso,2025-09-17,20,294,668
BF,🇧🇫 Burkina Faso,2025-10-17,251,54,677
BF,🇧🇫 Burkina Faso,2025-11-17,222,112,652
BF,🇧🇫 Burkina Faso,2025-12-17,21,266,694
BF,🇧🇫 Burkina Faso,2026-01-17,19,314,653
BF,🇧🇫 Burkina Faso,2026-02-17,25,98,862
BF,🇧🇫 Burkina Faso,2026-03-17,31,284,653
BI,🇧🇮 Burundi,2024-06-02,112,416,470
BI,🇧🇮 Burundi,2024-06-23,101,541,355
BI,🇧🇮 Burundi,2024-07-25,92,0,904
BI,🇧🇮 Burundi,2024-08-06,104,554,338
BI,🇧🇮 Burundi,2024-08-16,109,566,323
BI,🇧🇮 Burundi,2024-09-16,90,0,905
BI,🇧🇮 Burundi,2024-09-18,90,0,905
BI,🇧🇮 Burundi,2024-10-17,122,422,453
BI,🇧🇮 Burundi,2024-11-17,26,0,973
BI,🇧🇮 Burundi,2024-12-18,118,393,485
BI,🇧🇮 Burundi,2025-01-17,109,409,481
BI,🇧🇮 Burundi,2025-02-17,119,44,835
BI,🇧🇮 Burundi,2025-03-17,120,431,444
BI,🇧🇮 Burundi,2025-04-17,111,460,424
BI,🇧🇮 Burundi,2025-05-17,112,405,479
BI,🇧🇮 Burundi,2025-06-17,110,443,444
BI,🇧🇮 Burundi,2025-07-17,104,424,471
BI,🇧🇮 Burundi,2025-08-17,101,459,439
BI,🇧🇮 Burundi,2025-09-17,104,419,476
BI,🇧🇮 Burundi,2025-10-17,113,515,371
BI,🇧🇮 Burundi,2025-11-17,96,461,443
BI,🇧🇮 Burundi,2025-12-17,89,512,398
BI,🇧🇮 Burundi,2026-01-17,110,417,473
BI,🇧🇮 Burundi,2026-02-17,108,563,329
BI,🇧🇮 Burundi,2026-03-17,107,509,374
CV,🇨🇻 Cabo Verde,2024-05-30,66,0,934
CV,🇨🇻 Cabo Verde,2024-06-21,54,0,946
CV,🇨🇻 Cabo Verde,2024-08-08,58,0,942
CV,🇨🇻 Cabo Verde,2024-08-17,49,0,951
CV,🇨🇻 Cabo Verde,2024-09-16,47,0,953
CV,🇨🇻 Cabo Verde,2024-09-18,47,0,953
CV,🇨🇻 Cabo Verde,2024-10-17,60,0,940
CV,🇨🇻 Cabo Verde,2024-11-17,50,0,950
CV,🇨🇻 Cabo Verde,2024-12-18,47,0,953
CV,🇨🇻 Cabo Verde,2025-01-17,46,0,954
CV,🇨🇻 Cabo Verde,2025-02-17,45,0,955
CV,🇨🇻 Cabo Verde,2025-03-17,44,0,956
CV,🇨🇻 Cabo Verde,2025-04-17,43,1,955
CV,🇨🇻 Cabo Verde,2025-05-17,42,0,958
CV,🇨🇻 Cabo Verde,2025-06-17,44,0,955
CV,🇨🇻 Cabo Verde,2025-07-17,47,0,953
CV,🇨🇻 Cabo Verde,2025-08-17,51,0,949
CV,🇨🇻 Cabo Verde,2025-09-17,43,0,956
CV,🇨🇻 Cabo Verde,2025-10-17,46,10,944
CV,🇨🇻 Cabo Verde,2025-11-17,48,0,952
CV,🇨🇻 Cabo Verde,2025-12-17,43,0,957
CV,🇨🇻 Cabo Verde,2026-01-17,45,0,955
CV,🇨🇻 Cabo Verde,2026-02-17,45,0,955
CV,🇨🇻 Cabo Verde,2026-03-17,45,0,947
KH,🇰🇭 Cambodia,2024-06-01,462,82,454
KH,🇰🇭 Cambodia,2024-06-19,483,71,444
KH,🇰🇭 Cambodia,2024-08-08,502,159,340
KH,🇰🇭 Cambodia,2024-08-16,530,119,352
KH,🇰🇭 Cambodia,2024-09-16,501,147,352
KH,🇰🇭 Cambodia,2024-09-17,501,147,352
KH,🇰🇭 Cambodia,2024-10-17,505,127,368
KH,🇰🇭 Cambodia,2024-11-17,500,127,372
KH,🇰🇭 Cambodia,2024-12-18,477,212,311
KH,🇰🇭 Cambodia,2025-01-17,484,145,371
KH,🇰🇭 Cambodia,2025-02-17,462,223,315
KH,🇰🇭 Cambodia,2025-03-17,217,186,597
KH,🇰🇭 Cambodia,2025-04-17,494,197,307
KH,🇰🇭 Cambodia,2025-05-17,509,182,307
KH,🇰🇭 Cambodia,2025-06-17,494,152,353
KH,🇰🇭 Cambodia,2025-07-17,479,150,370
KH,🇰🇭 Cambodia,2025-08-17,438,239,322
KH,🇰🇭 Cambodia,2025-09-17,487,195,317
KH,🇰🇭 Cambodia,2025-10-17,215,111,673
KH,🇰🇭 Cambodia,2025-11-17,214,132,653
KH,🇰🇭 Cambodia,2025-12-17,73,205,721
KH,🇰🇭 Cambodia,2026-01-17,502,175,322
KH,🇰🇭 Cambodia,2026-02-17,508,183,302
KH,🇰🇭 Cambodia,2026-03-17,385,330,282
CM,🇨🇲 Cameroon,2024-05-30,115,0,879
CM,🇨🇲 Cameroon,2024-06-19,122,107,765
CM,🇨🇲 Cameroon,2024-08-09,130,0,865
CM,🇨🇲 Cameroon,2024-08-20,124,0,873
CM,🇨🇲 Cameroon,2024-09-16,133,207,657
CM,🇨🇲 Cameroon,2024-09-19,133,207,657
CM,🇨🇲 Cameroon,2024-10-17,127,10,860
CM,🇨🇲 Cameroon,2024-11-17,115,0,881
CM,🇨🇲 Cameroon,2024-12-18,115,0,881
CM,🇨🇲 Cameroon,2025-01-17,117,10,869
CM,🇨🇲 Cameroon,2025-02-17,122,0,875
CM,🇨🇲 Cameroon,2025-03-17,123,0,873
CM,🇨🇲 Cameroon,2025-04-17,125,0,871
CM,🇨🇲 Cameroon,2025-05-17,121,0,875
CM,🇨🇲 Cameroon,2025-06-17,112,0,884
CM,🇨🇲 Cameroon,2025-07-17,122,162,714
CM,🇨🇲 Cameroon,2025-08-17,126,0,872
CM,🇨🇲 Cameroon,2025-09-17,119,319,560
CM,🇨🇲 Cameroon,2025-10-17,119,0,878
CM,🇨🇲 Cameroon,2025-11-17,106,55,838
CM,🇨🇲 Cameroon,2025-12-17,107,203,688
CM,🇨🇲 Cameroon,2026-01-17,107,15,875
CM,🇨🇲 Cameroon,2026-02-17,119,0,863
CM,🇨🇲 Cameroon,2026-03-17,116,255,621
CA,🇨🇦 Canada,2024-06-04,678,48,273
CA,🇨🇦 Canada,2024-06-19,678,115,206
CA,🇨🇦 Canada,2024-08-08,711,116,173
CA,🇨🇦 Canada,2024-08-16,638,155,206
CA,🇨🇦 Canada,2024-09-16,656,121,223
CA,🇨🇦 Canada,2024-09-17,656,121,223
CA,🇨🇦 Canada,2024-10-17,591,227,182
CA,🇨🇦 Canada,2024-11-17,683,116,201
CA,🇨🇦 Canada,2024-12-18,686,126,188
CA,🇨🇦 Canada,2025-01-17,772,43,185
CA,🇨🇦 Canada,2025-02-17,732,71,198
CA,🇨🇦 Canada,2025-03-17,625,183,192
CA,🇨🇦 Canada,2025-04-17,566,249,185
CA,🇨🇦 Canada,2025-05-17,709,102,189
CA,🇨🇦 Canada,2025-06-17,687,119,194
CA,🇨🇦 Canada,2025-07-17,631,182,187
CA,🇨🇦 Canada,2025-08-17,598,185,217
CA,🇨🇦 Canada,2025-09-17,452,343,205
CA,🇨🇦 Canada,2025-10-17,532,263,205
CA,🇨🇦 Canada,2025-11-17,700,97,203
CA,🇨🇦 Canada,2025-12-17,719,100,181
CA,🇨🇦 Canada,2026-01-17,744,71,185
CA,🇨🇦 Canada,2026-02-17,758,76,165
CA,🇨🇦 Canada,2026-03-17,769,53,174
KY,🇰🇾 Cayman Islands,2024-06-01,24,0,976
KY,🇰🇾 Cayman Islands,2024-06-21,26,17,957
KY,🇰🇾 Cayman Islands,2024-07-27,20,0,980
KY,🇰🇾 Cayman Islands,2024-08-07,25,0,975
KY,🇰🇾 Cayman Islands,2024-08-18,23,0,977
KY,🇰🇾 Cayman Islands,2024-09-16,20,0,980
KY,🇰🇾 Cayman Islands,2024-09-18,20,0,980
KY,🇰🇾 Cayman Islands,2024-10-17,22,0,978
KY,🇰🇾 Cayman Islands,2024-11-17,19,0,981
KY,🇰🇾 Cayman Islands,2024-12-18,18,6,976
KY,🇰🇾 Cayman Islands,2025-01-17,16,0,984
KY,🇰🇾 Cayman Islands,2025-02-17,15,0,985
KY,🇰🇾 Cayman Islands,2025-03-17,17,0,983
KY,🇰🇾 Cayman Islands,2025-04-17,18,0,982
KY,🇰🇾 Cayman Islands,2025-05-17,16,0,984
KY,🇰🇾 Cayman Islands,2025-06-17,17,0,983
KY,🇰🇾 Cayman Islands,2025-07-17,17,0,983
KY,🇰🇾 Cayman Islands,2025-08-17,19,0,981
KY,🇰🇾 Cayman Islands,2025-09-17,17,0,983
KY,🇰🇾 Cayman Islands,2025-10-17,14,0,986
KY,🇰🇾 Cayman Islands,2025-11-17,16,0,984
KY,🇰🇾 Cayman Islands,2025-12-17,15,0,985
KY,🇰🇾 Cayman Islands,2026-01-17,16,0,984
KY,🇰🇾 Cayman Islands,2026-02-17,17,0,974
KY,🇰🇾 Cayman Islands,2026-03-17,18,0,971
CF,🇨🇫 Central African Republic,2024-06-05,8,0,988
CF,🇨🇫 Central African Republic,2024-06-20,1,0,996
CF,🇨🇫 Central African Republic,2024-07-25,1,0,996
CF,🇨🇫 Central African Republic,2024-08-06,10,45,942
CF,🇨🇫 Central African Republic,2024-08-16,10,41,946
CF,🇨🇫 Central African Republic,2024-09-16,1,50,946
CF,🇨🇫 Central African Republic,2024-09-18,1,50,946
CF,🇨🇫 Central African Republic,2024-10-17,10,44,945
CF,🇨🇫 Central African Republic,2024-11-17,3,0,996
CF,🇨🇫 Central African Republic,2024-12-18,2,45,951
CF,🇨🇫 Central African Republic,2025-01-17,2,34,961
CF,🇨🇫 Central African Republic,2025-02-17,0,38,962
CF,🇨🇫 Central African Republic,2025-03-17,1,0,998
CF,🇨🇫 Central African Republic,2025-04-17,2,0,996
CF,🇨🇫 Central African Republic,2025-05-17,0,0,1000
CF,🇨🇫 Central African Republic,2025-06-17,0,44,956
CF,🇨🇫 Central African Republic,2025-07-17,0,47,953
CF,🇨🇫 Central African Republic,2025-08-17,0,0,1000
CF,🇨🇫 Central African Republic,2025-09-17,0,0,1000
CF,🇨🇫 Central African Republic,2025-10-17,2,0,997
CF,🇨🇫 Central African Republic,2025-11-17,0,0,1000
CF,🇨🇫 Central African Republic,2025-12-17,0,0,1000
CF,🇨🇫 Central African Republic,2026-01-17,0,444,556
CF,🇨🇫 Central African Republic,2026-03-17,1,0,986
TD,🇹🇩 Chad,2024-05-31,8,0,973
TD,🇹🇩 Chad,2024-06-18,2,0,980
TD,🇹🇩 Chad,2024-07-27,2,0,977
TD,🇹🇩 Chad,2024-08-07,0,0,979
TD,🇹🇩 Chad,2024-08-20,10,0,970
TD,🇹🇩 Chad,2024-09-16,9,0,971
TD,🇹🇩 Chad,2024-09-19,9,0,971
TD,🇹🇩 Chad,2024-10-17,9,0,971
TD,🇹🇩 Chad,2024-11-17,3,0,979
TD,🇹🇩 Chad,2024-12-18,3,0,979
TD,🇹🇩 Chad,2025-01-17,2,0,978
TD,🇹🇩 Chad,2025-02-17,1,0,980
TD,🇹🇩 Chad,2025-03-17,2,0,979
TD,🇹🇩 Chad,2025-04-17,1,0,980
TD,🇹🇩 Chad,2025-05-17,1,0,981
TD,🇹🇩 Chad,2025-06-17,2,0,978
TD,🇹🇩 Chad,2025-07-17,0,0,976
TD,🇹🇩 Chad,2025-08-17,2,353,629
TD,🇹🇩 Chad,2025-09-17,2,349,636
TD,🇹🇩 Chad,2025-10-17,2,73,912
TD,🇹🇩 Chad,2025-11-17,2,348,636
TD,🇹🇩 Chad,2025-12-17,0,270,717
TD,🇹🇩 Chad,2026-01-17,2,341,644
TD,🇹🇩 Chad,2026-02-17,2,177,794
TD,🇹🇩 Chad,2026-03-17,2,167,808
CL,🇨🇱 Chile,2024-06-04,596,0,403
CL,🇨🇱 Chile,2024-06-23,775,0,224
CL,🇨🇱 Chile,2024-07-27,229,0,770
CL,🇨🇱 Chile,2024-08-07,633,0,366
CL,🇨🇱 Chile,2024-08-16,642,0,357
CL,🇨🇱 Chile,2024-09-16,642,0,356
CL,🇨🇱 Chile,2024-10-17,654,0,344
CL,🇨🇱 Chile,2024-11-17,665,0,333
CL,🇨🇱 Chile,2024-12-18,643,0,355
CL,🇨🇱 Chile,2025-01-17,657,0,341
CL,🇨🇱 Chile,2025-02-17,678,0,321
CL,🇨🇱 Chile,2025-03-17,657,0,342
CL,🇨🇱 Chile,2025-04-17,655,0,344
CL,🇨🇱 Chile,2025-05-17,645,0,354
CL,🇨🇱 Chile,2025-06-17,646,0,353
CL,🇨🇱 Chile,2025-07-17,601,49,350
CL,🇨🇱 Chile,2025-08-17,542,103,355
CL,🇨🇱 Chile,2025-09-17,603,51,346
CL,🇨🇱 Chile,2025-10-17,486,165,349
CL,🇨🇱 Chile,2025-11-17,606,70,324
CL,🇨🇱 Chile,2025-12-17,526,133,341
CL,🇨🇱 Chile,2026-01-17,667,0,333
CL,🇨🇱 Chile,2026-02-17,668,0,328
CL,🇨🇱 Chile,2026-03-17,671,0,325
CN,🇨🇳 China,2024-05-31,204,40,755
CN,🇨🇳 China,2024-06-22,151,34,813
CN,🇨🇳 China,2024-07-23,159,21,818
CN,🇨🇳 China,2024-07-24,156,56,786
CN,🇨🇳 China,2024-08-05,151,21,826
CN,🇨🇳 China,2024-08-20,156,22,819
CN,🇨🇳 China,2024-09-16,166,159,672
CN,🇨🇳 China,2024-09-20,166,159,672
CN,🇨🇳 China,2024-10-17,152,9,836
CN,🇨🇳 China,2024-11-17,157,25,815
CN,🇨🇳 China,2024-12-18,139,30,828
CN,🇨🇳 China,2025-01-17,150,16,833
CN,🇨🇳 China,2025-02-17,136,39,823
CN,🇨🇳 China,2025-03-17,134,65,800
CN,🇨🇳 China,2025-04-17,138,48,813
CN,🇨🇳 China,2025-05-17,75,8,916
CN,🇨🇳 China,2025-06-17,78,18,902
CN,🇨🇳 China,2025-07-17,87,9,903
CN,🇨🇳 China,2025-08-17,76,46,877
CN,🇨🇳 China,2025-09-17,72,34,893
CN,🇨🇳 China,2025-10-17,63,28,908
CN,🇨🇳 China,2025-11-17,72,58,869
CN,🇨🇳 China,2025-12-17,68,19,912
CN,🇨🇳 China,2026-01-17,62,44,893
CN,🇨🇳 China,2026-02-17,62,11,593
CN,🇨🇳 China,2026-03-17,56,14,622
CX,🇨🇽 Christmas Island,2024-06-03,0,0,1
CX,🇨🇽 Christmas Island,2024-06-20,0,0,1
CX,🇨🇽 Christmas Island,2024-08-07,0,0,1
CX,🇨🇽 Christmas Island,2024-08-16,0,0,1
CX,🇨🇽 Christmas Island,2024-09-16,0,0,1
CX,🇨🇽 Christmas Island,2024-09-20,0,0,1
CX,🇨🇽 Christmas Island,2024-10-17,0,0,1
CX,🇨🇽 Christmas Island,2024-11-17,0,0,1
CX,🇨🇽 Christmas Island,2024-12-18,0,0,1
CX,🇨🇽 Christmas Island,2025-04-17,0,0,1
CO,🇨🇴 Colombia,2024-05-30,271,83,647
CO,🇨🇴 Colombia,2024-06-19,478,13,509
CO,🇨🇴 Colombia,2024-07-25,392,17,591
CO,🇨🇴 Colombia,2024-08-06,322,67,611
CO,🇨🇴 Colombia,2024-08-21,353,74,574
CO,🇨🇴 Colombia,2024-09-16,317,190,493
CO,🇨🇴 Colombia,2024-10-17,328,89,583
CO,🇨🇴 Colombia,2024-11-17,301,123,576
CO,🇨🇴 Colombia,2024-12-18,344,164,490
CO,🇨🇴 Colombia,2025-01-17,323,67,611
CO,🇨🇴 Colombia,2025-02-17,394,124,483
CO,🇨🇴 Colombia,2025-03-17,293,140,567
CO,🇨🇴 Colombia,2025-04-17,302,153,545
CO,🇨🇴 Colombia,2025-05-17,302,55,643
CO,🇨🇴 Colombia,2025-06-17,293,183,524
CO,🇨🇴 Colombia,2025-07-17,297,201,502
CO,🇨🇴 Colombia,2025-08-17,291,103,605
CO,🇨🇴 Colombia,2025-09-17,271,184,545
CO,🇨🇴 Colombia,2025-10-17,290,128,581
CO,🇨🇴 Colombia,2025-11-17,559,0,441
CO,🇨🇴 Colombia,2025-12-17,527,20,454
CO,🇨🇴 Colombia,2026-01-17,572,0,427
CO,🇨🇴 Colombia,2026-02-17,577,0,416
CO,🇨🇴 Colombia,2026-03-17,596,0,400
KM,🇰🇲 Comoros,2024-05-30,2,0,996
KM,🇰🇲 Comoros,2024-06-19,7,359,631
KM,🇰🇲 Comoros,2024-08-10,7,378,612
KM,🇰🇲 Comoros,2024-08-21,8,364,625
KM,🇰🇲 Comoros,2024-09-16,5,372,618
KM,🇰🇲 Comoros,2024-09-17,5,372,618
KM,🇰🇲 Comoros,2024-10-17,8,259,729
KM,🇰🇲 Comoros,2024-11-17,2,37,959
KM,🇰🇲 Comoros,2024-12-18,5,0,991
KM,🇰🇲 Comoros,2025-01-17,2,0,996
KM,🇰🇲 Comoros,2025-02-17,2,0,995
KM,🇰🇲 Comoros,2025-03-17,3,0,995
KM,🇰🇲 Comoros,2025-04-17,2,15,982
KM,🇰🇲 Comoros,2025-05-17,4,0,994
KM,🇰🇲 Comoros,2025-06-17,2,478,519
KM,🇰🇲 Comoros,2025-07-17,4,350,644
KM,🇰🇲 Comoros,2025-08-17,2,473,522
KM,🇰🇲 Comoros,2025-09-17,3,377,619
KM,🇰🇲 Comoros,2025-10-17,3,529,466
KM,🇰🇲 Comoros,2025-12-17,0,425,574
KM,🇰🇲 Comoros,2026-01-17,0,536,462
KM,🇰🇲 Comoros,2026-02-17,0,3,371
KM,🇰🇲 Comoros,2026-03-17,0,502,191
CG,🇨🇬 Congo,2024-05-31,9,349,637
CG,🇨🇬 Congo,2024-06-18,7,533,458
CG,🇨🇬 Congo,2024-08-10,9,357,632
CG,🇨🇬 Congo,2024-08-19,8,354,634
CG,🇨🇬 Congo,2024-09-16,12,291,694
CG,🇨🇬 Congo,2024-09-20,12,291,694
CG,🇨🇬 Congo,2024-10-17,9,494,494
CG,🇨🇬 Congo,2024-11-17,3,461,533
CG,🇨🇬 Congo,2024-12-18,4,295,698
CG,🇨🇬 Congo,2025-01-17,3,400,593
CG,🇨🇬 Congo,2025-02-17,1,347,648
CG,🇨🇬 Congo,2025-03-17,1,357,638
CG,🇨🇬 Congo,2025-04-17,2,451,543
CG,🇨🇬 Congo,2025-05-17,2,480,515
CG,🇨🇬 Congo,2025-06-17,2,473,521
CG,🇨🇬 Congo,2025-07-17,3,326,667
CG,🇨🇬 Congo,2025-08-17,2,278,717
CG,🇨🇬 Congo,2025-09-17,2,491,505
CG,🇨🇬 Congo,2025-10-17,2,495,502
CG,🇨🇬 Congo,2025-11-17,3,510,486
CG,🇨🇬 Congo,2025-12-17,3,490,505
CG,🇨🇬 Congo,2026-01-17,3,341,655
CG,🇨🇬 Congo,2026-02-17,0,331,659
CG,🇨🇬 Congo,2026-03-17,1,491,498
CD,🇨🇩 Congo (the Democratic Republic of the),2024-06-03,20,388,586
CD,🇨🇩 Congo (the Democratic Republic of the),2024-06-04,20,372,602
CD,🇨🇩 Congo (the Democratic Republic of the),2024-06-19,9,0,985
CD,🇨🇩 Congo (the Democratic Republic of the),2024-07-25,18,516,462
CD,🇨🇩 Congo (the Democratic Republic of the),2024-08-06,19,419,558
CD,🇨🇩 Congo (the Democratic Republic of the),2024-08-21,20,425,551
CD,🇨🇩 Congo (the Democratic Republic of the),2024-09-16,22,420,555
CD,🇨🇩 Congo (the Democratic Republic of the),2024-09-18,22,420,555
CD,🇨🇩 Congo (the Democratic Republic of the),2024-10-17,25,424,548
CD,🇨🇩 Congo (the Democratic Republic of the),2024-11-17,22,405,569
CD,🇨🇩 Congo (the Democratic Republic of the),2024-12-18,13,224,758
CD,🇨🇩 Congo (the Democratic Republic of the),2025-01-17,13,403,580
CD,🇨🇩 Congo (the Democratic Republic of the),2025-02-17,8,315,673
CD,🇨🇩 Congo (the Democratic Republic of the),2025-03-17,8,437,550
CD,🇨🇩 Congo (the Democratic Republic of the),2025-04-17,10,393,592
CD,🇨🇩 Congo (the Democratic Republic of the),2025-05-17,12,423,558
CD,🇨🇩 Congo (the Democratic Republic of the),2025-06-17,11,401,582
CD,🇨🇩 Congo (the Democratic Republic of the),2025-07-17,12,394,589
CD,🇨🇩 Congo (the Democratic Republic of the),2025-08-17,14,409,572
CD,🇨🇩 Congo (the Democratic Republic of the),2025-09-17,14,430,552
CD,🇨🇩 Congo (the Democratic Republic of the),2025-10-17,15,486,496
CD,🇨🇩 Congo (the Democratic Republic of the),2025-11-17,14,466,517
CD,🇨🇩 Congo (the Democratic Republic of the),2025-12-17,13,485,499
CD,🇨🇩 Congo (the Democratic Republic of the),2026-01-17,13,478,506
CD,🇨🇩 Congo (the Democratic Republic of the),2026-02-17,11,305,664
CD,🇨🇩 Congo (the Democratic Republic of the),2026-03-17,13,547,430
CK,🇨🇰 Cook Islands,2024-05-31,13,0,339
CK,🇨🇰 Cook Islands,2024-06-21,7,0,384
CK,🇨🇰 Cook Islands,2024-08-09,12,0,373
CK,🇨🇰 Cook Islands,2024-08-21,13,0,360
CK,🇨🇰 Cook Islands,2024-09-16,12,0,390
CK,🇨🇰 Cook Islands,2024-09-19,12,0,390
CK,🇨🇰 Cook Islands,2024-10-17,13,0,373
CK,🇨🇰 Cook Islands,2024-11-17,14,0,351
CK,🇨🇰 Cook Islands,2024-12-18,10,0,373
CK,🇨🇰 Cook Islands,2025-01-17,8,0,335
CK,🇨🇰 Cook Islands,2025-02-17,8,0,371
CK,🇨🇰 Cook Islands,2025-03-17,8,0,393
CK,🇨🇰 Cook Islands,2025-04-17,8,0,432
CK,🇨🇰 Cook Islands,2025-05-17,8,0,473
CK,🇨🇰 Cook Islands,2025-06-17,8,0,539
CK,🇨🇰 Cook Islands,2025-07-17,7,0,571
CK,🇨🇰 Cook Islands,2025-08-17,7,0,545
CK,🇨🇰 Cook Islands,2025-09-17,7,0,531
CK,🇨🇰 Cook Islands,2025-10-17,7,0,583
CK,🇨🇰 Cook Islands,2025-11-17,7,0,533
CK,🇨🇰 Cook Islands,2025-12-17,0,0,534
CK,🇨🇰 Cook Islands,2026-01-17,4,0,423
CK,🇨🇰 Cook Islands,2026-02-17,6,0,401
CK,🇨🇰 Cook Islands,2026-03-17,8,0,436
CR,🇨🇷 Costa Rica,2024-06-01,317,9,672
CR,🇨🇷 Costa Rica,2024-06-22,385,30,583
CR,🇨🇷 Costa Rica,2024-07-24,349,15,634
CR,🇨🇷 Costa Rica,2024-08-05,336,11,652
CR,🇨🇷 Costa Rica,2024-08-20,269,9,721
CR,🇨🇷 Costa Rica,2024-09-16,188,10,802
CR,🇨🇷 Costa Rica,2024-09-18,188,10,802
CR,🇨🇷 Costa Rica,2024-10-17,182,0,818
CR,🇨🇷 Costa Rica,2024-11-17,365,0,634
CR,🇨🇷 Costa Rica,2024-12-18,324,0,675
CR,🇨🇷 Costa Rica,2025-01-17,244,10,744
CR,🇨🇷 Costa Rica,2025-02-17,348,15,636
CR,🇨🇷 Costa Rica,2025-03-17,386,0,613
CR,🇨🇷 Costa Rica,2025-04-17,407,0,592
CR,🇨🇷 Costa Rica,2025-05-17,402,0,597
CR,🇨🇷 Costa Rica,2025-06-17,336,12,651
CR,🇨🇷 Costa Rica,2025-07-17,259,0,741
CR,🇨🇷 Costa Rica,2025-08-17,188,2,810
CR,🇨🇷 Costa Rica,2025-09-17,343,11,645
CR,🇨🇷 Costa Rica,2025-10-17,373,11,616
CR,🇨🇷 Costa Rica,2025-11-17,336,11,653
CR,🇨🇷 Costa Rica,2025-12-17,346,11,643
CR,🇨🇷 Costa Rica,2026-01-17,404,0,596
CR,🇨🇷 Costa Rica,2026-02-17,411,0,586
CR,🇨🇷 Costa Rica,2026-03-17,300,0,696
CI,🇨🇮 Côte d'Ivoire,2024-06-07,32,0,962
CI,🇨🇮 Côte d'Ivoire,2024-06-23,232,4,759
CI,🇨🇮 Côte d'Ivoire,2024-08-09,238,0,757
CI,🇨🇮 Côte d'Ivoire,2024-08-21,233,0,764
CI,🇨🇮 Côte d'Ivoire,2024-09-16,249,4,743
CI,🇨🇮 Côte d'Ivoire,2024-09-19,249,4,743
CI,🇨🇮 Côte d'Ivoire,2024-10-17,239,5,752
CI,🇨🇮 Côte d'Ivoire,2024-11-17,223,0,772
CI,🇨🇮 Côte d'Ivoire,2024-12-18,228,4,765
CI,🇨🇮 Côte d'Ivoire,2025-01-17,239,4,754
CI,🇨🇮 Côte d'Ivoire,2025-02-17,217,7,773
CI,🇨🇮 Côte d'Ivoire,2025-03-17,216,14,767
CI,🇨🇮 Côte d'Ivoire,2025-04-17,239,0,757
CI,🇨🇮 Côte d'Ivoire,2025-05-17,235,17,746
CI,🇨🇮 Côte d'Ivoire,2025-06-17,241,22,734
CI,🇨🇮 Côte d'Ivoire,2025-07-17,252,29,717
CI,🇨🇮 Côte d'Ivoire,2025-08-17,261,25,711
CI,🇨🇮 Côte d'Ivoire,2025-09-17,247,25,725
CI,🇨🇮 Côte d'Ivoire,2025-10-17,241,21,733
CI,🇨🇮 Côte d'Ivoire,2025-11-17,248,26,722
CI,🇨🇮 Côte d'Ivoire,2025-12-17,27,30,937
CI,🇨🇮 Côte d'Ivoire,2026-01-17,252,0,744
CI,🇨🇮 Côte d'Ivoire,2026-02-17,31,0,961
CI,🇨🇮 Côte d'Ivoire,2026-03-17,250,0,739
HR,🇭🇷 Croatia,2024-05-31,286,1,712
HR,🇭🇷 Croatia,2024-06-23,676,1,322
HR,🇭🇷 Croatia,2024-08-08,294,31,674
HR,🇭🇷 Croatia,2024-08-21,571,0,428
HR,🇭🇷 Croatia,2024-09-16,633,3,363
HR,🇭🇷 Croatia,2024-09-19,633,3,363
HR,🇭🇷 Croatia,2024-10-17,650,31,319
HR,🇭🇷 Croatia,2024-11-17,665,3,332
HR,🇭🇷 Croatia,2024-12-18,661,3,336
HR,🇭🇷 Croatia,2025-01-17,570,94,336
HR,🇭🇷 Croatia,2025-02-17,353,1,646
HR,🇭🇷 Croatia,2025-03-17,287,1,712
HR,🇭🇷 Croatia,2025-04-17,669,15,316
HR,🇭🇷 Croatia,2025-05-17,675,9,316
HR,🇭🇷 Croatia,2025-06-17,673,21,306
HR,🇭🇷 Croatia,2025-07-17,658,0,342
HR,🇭🇷 Croatia,2025-08-17,648,0,352
HR,🇭🇷 Croatia,2025-09-17,467,0,533
HR,🇭🇷 Croatia,2025-10-17,474,2,524
HR,🇭🇷 Croatia,2025-11-17,484,9,507
HR,🇭🇷 Croatia,2025-12-17,452,12,536
HR,🇭🇷 Croatia,2026-01-17,474,0,526
HR,🇭🇷 Croatia,2026-02-17,478,0,516
HR,🇭🇷 Croatia,2026-03-17,497,0,497
CU,🇨🇺 Cuba,2024-05-31,100,8,883
CU,🇨🇺 Cuba,2024-06-20,108,0,886
CU,🇨🇺 Cuba,2024-07-25,48,0,946
CU,🇨🇺 Cuba,2024-08-06,91,8,895
CU,🇨🇺 Cuba,2024-08-18,89,0,906
CU,🇨🇺 Cuba,2024-09-16,78,7,911
CU,🇨🇺 Cuba,2024-09-20,78,7,911
CU,🇨🇺 Cuba,2024-10-17,92,7,896
CU,🇨🇺 Cuba,2024-11-17,90,0,907
CU,🇨🇺 Cuba,2024-12-18,90,0,908
CU,🇨🇺 Cuba,2025-01-17,82,0,917
CU,🇨🇺 Cuba,2025-02-17,82,0,917
CU,🇨🇺 Cuba,2025-03-17,91,0,908
CU,🇨🇺 Cuba,2025-04-17,94,0,905
CU,🇨🇺 Cuba,2025-05-17,83,0,916
CU,🇨🇺 Cuba,2025-06-17,92,0,907
CU,🇨🇺 Cuba,2025-07-17,85,0,914
CU,🇨🇺 Cuba,2025-08-17,72,0,926
CU,🇨🇺 Cuba,2025-09-17,65,0,932
CU,🇨🇺 Cuba,2025-10-17,75,0,920
CU,🇨🇺 Cuba,2025-11-17,74,0,923
CU,🇨🇺 Cuba,2025-12-17,72,0,925
CU,🇨🇺 Cuba,2026-01-17,68,0,931
CU,🇨🇺 Cuba,2026-02-17,72,0,914
CU,🇨🇺 Cuba,2026-03-17,73,0,907
CW,🇨🇼 Curaçao,2024-06-05,165,0,834
CW,🇨🇼 Curaçao,2024-06-20,160,0,839
CW,🇨🇼 Curaçao,2024-07-26,164,0,835
CW,🇨🇼 Curaçao,2024-08-06,164,0,835
CW,🇨🇼 Curaçao,2024-08-16,164,0,835
CW,🇨🇼 Curaçao,2024-09-16,165,1,833
CW,🇨🇼 Curaçao,2024-09-19,165,1,833
CW,🇨🇼 Curaçao,2024-10-17,166,0,833
CW,🇨🇼 Curaçao,2024-11-17,157,0,842
CW,🇨🇼 Curaçao,2024-12-18,162,0,835
CW,🇨🇼 Curaçao,2025-01-17,165,0,834
CW,🇨🇼 Curaçao,2025-02-17,163,0,836
CW,🇨🇼 Curaçao,2025-03-17,159,0,839
CW,🇨🇼 Curaçao,2025-04-17,167,0,832
CW,🇨🇼 Curaçao,2025-05-17,151,0,848
CW,🇨🇼 Curaçao,2025-06-17,149,0,850
CW,🇨🇼 Curaçao,2025-07-17,153,0,847
CW,🇨🇼 Curaçao,2025-08-17,155,0,844
CW,🇨🇼 Curaçao,2025-09-17,149,0,850
CW,🇨🇼 Curaçao,2025-10-17,145,0,854
CW,🇨🇼 Curaçao,2025-11-17,149,0,849
CW,🇨🇼 Curaçao,2025-12-17,164,0,836
CW,🇨🇼 Curaçao,2026-01-17,156,0,844
CW,🇨🇼 Curaçao,2026-02-17,157,0,839
CW,🇨🇼 Curaçao,2026-03-17,154,0,834
CY,🇨🇾 Cyprus,2024-06-02,459,0,538
CY,🇨🇾 Cyprus,2024-06-23,461,0,537
CY,🇨🇾 Cyprus,2024-07-25,443,0,556
CY,🇨🇾 Cyprus,2024-08-06,464,0,536
CY,🇨🇾 Cyprus,2024-08-20,468,0,532
CY,🇨🇾 Cyprus,2024-09-16,460,0,540
CY,🇨🇾 Cyprus,2024-09-18,460,0,540
CY,🇨🇾 Cyprus,2024-10-17,463,8,529
CY,🇨🇾 Cyprus,2024-11-17,462,18,519
CY,🇨🇾 Cyprus,2024-12-18,471,0,528
CY,🇨🇾 Cyprus,2025-01-17,469,0,530
CY,🇨🇾 Cyprus,2025-02-17,446,0,553
CY,🇨🇾 Cyprus,2025-03-17,426,52,522
CY,🇨🇾 Cyprus,2025-04-17,434,55,511
CY,🇨🇾 Cyprus,2025-05-17,455,51,494
CY,🇨🇾 Cyprus,2025-06-17,431,71,498
CY,🇨🇾 Cyprus,2025-07-17,457,35,507
CY,🇨🇾 Cyprus,2025-08-17,460,52,487
CY,🇨🇾 Cyprus,2025-09-17,451,57,492
CY,🇨🇾 Cyprus,2025-10-17,430,68,502
CY,🇨🇾 Cyprus,2025-11-17,430,72,498
CY,🇨🇾 Cyprus,2025-12-17,451,71,478
CY,🇨🇾 Cyprus,2026-01-17,479,26,495
CY,🇨🇾 Cyprus,2026-02-17,447,50,498
CY,🇨🇾 Cyprus,2026-03-17,434,63,493
CZ,🇨🇿 Czechia,2024-05-30,724,0,270
CZ,🇨🇿 Czechia,2024-06-19,753,0,241
CZ,🇨🇿 Czechia,2024-08-10,745,0,255
CZ,🇨🇿 Czechia,2024-08-16,748,0,252
CZ,🇨🇿 Czechia,2024-09-16,749,0,251
CZ,🇨🇿 Czechia,2024-09-20,749,0,251
CZ,🇨🇿 Czechia,2024-10-17,764,0,234
CZ,🇨🇿 Czechia,2024-11-17,768,0,230
CZ,🇨🇿 Czechia,2024-12-18,757,0,241
CZ,🇨🇿 Czechia,2025-01-17,750,0,248
CZ,🇨🇿 Czechia,2025-02-17,736,0,263
CZ,🇨🇿 Czechia,2025-03-17,715,0,285
CZ,🇨🇿 Czechia,2025-04-17,722,22,255
CZ,🇨🇿 Czechia,2025-05-17,730,0,269
CZ,🇨🇿 Czechia,2025-06-17,677,0,323
CZ,🇨🇿 Czechia,2025-07-17,676,0,324
CZ,🇨🇿 Czechia,2025-08-17,708,20,272
CZ,🇨🇿 Czechia,2025-09-17,751,0,249
CZ,🇨🇿 Czechia,2025-10-17,756,0,244
CZ,🇨🇿 Czechia,2025-11-17,757,0,243
CZ,🇨🇿 Czechia,2025-12-17,778,0,222
CZ,🇨🇿 Czechia,2026-01-17,759,2,239
CZ,🇨🇿 Czechia,2026-02-17,770,0,218
CZ,🇨🇿 Czechia,2026-03-17,771,0,214
DK,🇩🇰 Denmark,2024-06-06,484,141,375
DK,🇩🇰 Denmark,2024-06-21,742,41,215
DK,🇩🇰 Denmark,2024-08-09,669,4,327
DK,🇩🇰 Denmark,2024-08-20,676,5,319
DK,🇩🇰 Denmark,2024-09-16,670,64,266
DK,🇩🇰 Denmark,2024-09-20,670,64,266
DK,🇩🇰 Denmark,2024-10-17,684,6,310
DK,🇩🇰 Denmark,2024-11-17,679,25,296
DK,🇩🇰 Denmark,2024-12-18,690,13,297
DK,🇩🇰 Denmark,2025-01-17,677,0,323
DK,🇩🇰 Denmark,2025-02-17,692,58,251
DK,🇩🇰 Denmark,2025-03-17,668,32,301
DK,🇩🇰 Denmark,2025-04-17,682,3,315
DK,🇩🇰 Denmark,2025-05-17,662,0,338
DK,🇩🇰 Denmark,2025-06-17,643,19,338
DK,🇩🇰 Denmark,2025-07-17,590,40,370
DK,🇩🇰 Denmark,2025-08-17,726,3,270
DK,🇩🇰 Denmark,2025-09-17,679,4,317
DK,🇩🇰 Denmark,2025-10-17,684,0,316
DK,🇩🇰 Denmark,2025-11-17,683,32,285
DK,🇩🇰 Denmark,2025-12-17,709,25,266
DK,🇩🇰 Denmark,2026-01-17,671,33,296
DK,🇩🇰 Denmark,2026-02-17,678,59,263
DK,🇩🇰 Denmark,2026-03-17,709,15,275
DJ,🇩🇯 Djibouti,2024-06-07,21,0,977
DJ,🇩🇯 Djibouti,2024-06-19,458,0,539
DJ,🇩🇯 Djibouti,2024-07-24,492,1,505
DJ,🇩🇯 Djibouti,2024-08-05,492,0,506
DJ,🇩🇯 Djibouti,2024-08-19,479,0,519
DJ,🇩🇯 Djibouti,2024-09-16,493,0,504
DJ,🇩🇯 Djibouti,2024-09-20,493,0,504
DJ,🇩🇯 Djibouti,2024-10-17,483,0,516
DJ,🇩🇯 Djibouti,2024-11-17,487,0,511
DJ,🇩🇯 Djibouti,2024-12-18,23,0,975
DJ,🇩🇯 Djibouti,2025-01-17,22,0,974
DJ,🇩🇯 Djibouti,2025-02-17,25,0,974
DJ,🇩🇯 Djibouti,2025-03-17,25,0,974
DJ,🇩🇯 Djibouti,2025-04-17,16,0,983
DJ,🇩🇯 Djibouti,2025-05-17,20,0,979
DJ,🇩🇯 Djibouti,2025-06-17,486,0,513
DJ,🇩🇯 Djibouti,2025-07-17,26,0,972
DJ,🇩🇯 Djibouti,2025-08-17,491,0,507
DJ,🇩🇯 Djibouti,2025-09-17,23,0,976
DJ,🇩🇯 Djibouti,2025-10-17,501,0,497
DJ,🇩🇯 Djibouti,2025-11-17,21,0,977
DJ,🇩🇯 Djibouti,2025-12-17,486,0,512
DJ,🇩🇯 Djibouti,2026-01-17,25,0,973
DJ,🇩🇯 Djibouti,2026-02-17,482,0,502
DJ,🇩🇯 Djibouti,2026-03-17,472,0,509
DM,🇩🇲 Dominica,2024-06-06,17,0,982
DM,🇩🇲 Dominica,2024-06-21,18,0,981
DM,🇩🇲 Dominica,2024-07-25,18,0,981
DM,🇩🇲 Dominica,2024-08-06,18,0,981
DM,🇩🇲 Dominica,2024-08-20,18,0,980
DM,🇩🇲 Dominica,2024-09-16,19,0,980
DM,🇩🇲 Dominica,2024-10-17,18,0,981
DM,🇩🇲 Dominica,2024-11-17,9,0,989
DM,🇩🇲 Dominica,2024-12-18,10,0,989
DM,🇩🇲 Dominica,2025-01-17,11,0,988
DM,🇩🇲 Dominica,2025-02-17,9,8,982
DM,🇩🇲 Dominica,2025-03-17,8,0,991
DM,🇩🇲 Dominica,2025-04-17,8,0,991
DM,🇩🇲 Dominica,2025-05-17,10,0,989
DM,🇩🇲 Dominica,2025-06-17,9,0,990
DM,🇩🇲 Dominica,2025-07-17,8,9,982
DM,🇩🇲 Dominica,2025-08-17,8,11,980
DM,🇩🇲 Dominica,2025-09-17,9,0,990
DM,🇩🇲 Dominica,2025-10-17,9,10,979
DM,🇩🇲 Dominica,2025-11-17,8,11,980
DM,🇩🇲 Dominica,2025-12-17,5,1,993
DM,🇩🇲 Dominica,2026-01-17,5,1,993
DM,🇩🇲 Dominica,2026-02-17,6,0,979
DM,🇩🇲 Dominica,2026-03-17,9,3,973
DO,🇩🇴 Dominican Republic,2024-06-02,254,0,744
DO,🇩🇴 Dominican Republic,2024-06-23,257,0,741
DO,🇩🇴 Dominican Republic,2024-08-08,261,0,738
DO,🇩🇴 Dominican Republic,2024-08-19,273,0,726
DO,🇩🇴 Dominican Republic,2024-09-16,253,0,746
DO,🇩🇴 Dominican Republic,2024-09-17,253,0,746
DO,🇩🇴 Dominican Republic,2024-10-17,253,0,746
DO,🇩🇴 Dominican Republic,2024-11-17,256,0,742
DO,🇩🇴 Dominican Republic,2024-12-18,257,0,742
DO,🇩🇴 Dominican Republic,2025-01-17,257,0,742
DO,🇩🇴 Dominican Republic,2025-02-17,245,7,747
DO,🇩🇴 Dominican Republic,2025-03-17,240,0,759
DO,🇩🇴 Dominican Republic,2025-04-17,239,8,752
DO,🇩🇴 Dominican Republic,2025-05-17,241,0,758
DO,🇩🇴 Dominican Republic,2025-06-17,241,0,758
DO,🇩🇴 Dominican Republic,2025-07-17,244,0,755
DO,🇩🇴 Dominican Republic,2025-08-17,239,0,759
DO,🇩🇴 Dominican Republic,2025-09-17,234,0,765
DO,🇩🇴 Dominican Republic,2025-10-17,229,0,770
DO,🇩🇴 Dominican Republic,2025-11-17,235,1,763
DO,🇩🇴 Dominican Republic,2025-12-17,232,1,766
DO,🇩🇴 Dominican Republic,2026-01-17,219,1,779
DO,🇩🇴 Dominican Republic,2026-02-17,243,1,754
DO,🇩🇴 Dominican Republic,2026-03-17,243,1,754
EC,🇪🇨 Ecuador,2024-05-30,400,48,553
EC,🇪🇨 Ecuador,2024-06-19,515,119,364
EC,🇪🇨 Ecuador,2024-08-09,485,52,463
EC,🇪🇨 Ecuador,2024-08-19,494,55,451
EC,🇪🇨 Ecuador,2024-09-16,502,54,445
EC,🇪🇨 Ecuador,2024-09-19,502,54,445
EC,🇪🇨 Ecuador,2024-10-17,472,60,468
EC,🇪🇨 Ecuador,2024-11-17,492,93,415
EC,🇪🇨 Ecuador,2024-12-18,487,60,454
EC,🇪🇨 Ecuador,2025-01-17,491,57,452
EC,🇪🇨 Ecuador,2025-02-17,498,60,441
EC,🇪🇨 Ecuador,2025-03-17,466,52,483
EC,🇪🇨 Ecuador,2025-04-17,500,49,451
EC,🇪🇨 Ecuador,2025-05-17,488,37,475
EC,🇪🇨 Ecuador,2025-06-17,472,48,480
EC,🇪🇨 Ecuador,2025-07-17,397,51,550
EC,🇪🇨 Ecuador,2025-08-17,374,36,589
EC,🇪🇨 Ecuador,2025-09-17,359,139,502
EC,🇪🇨 Ecuador,2025-10-17,491,44,464
EC,🇪🇨 Ecuador,2025-11-17,458,56,485
EC,🇪🇨 Ecuador,2025-12-17,500,47,452
EC,🇪🇨 Ecuador,2026-01-17,485,95,419
EC,🇪🇨 Ecuador,2026-02-17,486,49,455
EC,🇪🇨 Ecuador,2026-03-17,476,57,454
EG,🇪🇬 Egypt,2024-06-02,163,0,833
EG,🇪🇬 Egypt,2024-06-19,238,0,759
EG,🇪🇬 Egypt,2024-07-24,240,0,758
EG,🇪🇬 Egypt,2024-08-05,178,0,820
EG,🇪🇬 Egypt,2024-08-17,188,0,809
EG,🇪🇬 Egypt,2024-09-16,190,0,808
EG,🇪🇬 Egypt,2024-10-17,204,0,794
EG,🇪🇬 Egypt,2024-11-17,206,0,791
EG,🇪🇬 Egypt,2024-12-18,206,0,790
EG,🇪🇬 Egypt,2025-01-17,200,0,796
EG,🇪🇬 Egypt,2025-02-17,135,0,863
EG,🇪🇬 Egypt,2025-03-17,198,0,801
EG,🇪🇬 Egypt,2025-04-17,191,0,807
EG,🇪🇬 Egypt,2025-05-17,188,0,811
EG,🇪🇬 Egypt,2025-06-17,188,0,811
EG,🇪🇬 Egypt,2025-07-17,125,0,874
EG,🇪🇬 Egypt,2025-08-17,206,0,792
EG,🇪🇬 Egypt,2025-09-17,194,0,804
EG,🇪🇬 Egypt,2025-10-17,198,0,801
EG,🇪🇬 Egypt,2025-11-17,196,0,803
EG,🇪🇬 Egypt,2025-12-17,138,0,861
EG,🇪🇬 Egypt,2026-01-17,140,0,860
EG,🇪🇬 Egypt,2026-02-17,124,0,863
EG,🇪🇬 Egypt,2026-03-17,202,0,789
SV,🇸🇻 El Salvador,2024-06-06,163,28,807
SV,🇸🇻 El Salvador,2024-06-20,156,45,797
SV,🇸🇻 El Salvador,2024-07-25,147,42,810
SV,🇸🇻 El Salvador,2024-08-06,152,29,817
SV,🇸🇻 El Salvador,2024-08-18,157,29,812
SV,🇸🇻 El Salvador,2024-09-16,149,32,817
SV,🇸🇻 El Salvador,2024-09-20,149,32,817
SV,🇸🇻 El Salvador,2024-10-17,151,4,843
SV,🇸🇻 El Salvador,2024-11-17,146,29,823
SV,🇸🇻 El Salvador,2024-12-18,148,3,847
SV,🇸🇻 El Salvador,2025-01-17,148,16,835
SV,🇸🇻 El Salvador,2025-02-17,144,24,831
SV,🇸🇻 El Salvador,2025-03-17,135,6,858
SV,🇸🇻 El Salvador,2025-04-17,128,15,856
SV,🇸🇻 El Salvador,2025-05-17,131,21,847
SV,🇸🇻 El Salvador,2025-06-17,127,24,848
SV,🇸🇻 El Salvador,2025-07-17,123,3,873
SV,🇸🇻 El Salvador,2025-08-17,125,4,870
SV,🇸🇻 El Salvador,2025-09-17,125,24,850
SV,🇸🇻 El Salvador,2025-10-17,115,43,841
SV,🇸🇻 El Salvador,2025-11-17,108,52,839
SV,🇸🇻 El Salvador,2025-12-17,117,26,857
SV,🇸🇻 El Salvador,2026-01-17,108,42,850
SV,🇸🇻 El Salvador,2026-02-17,116,42,835
SV,🇸🇻 El Salvador,2026-03-17,108,68,816
GQ,🇬🇶 Equatorial Guinea,2024-06-06,15,401,584
GQ,🇬🇶 Equatorial Guinea,2024-06-21,7,0,993
GQ,🇬🇶 Equatorial Guinea,2024-08-08,11,170,818
GQ,🇬🇶 Equatorial Guinea,2024-08-16,13,71,916
GQ,🇬🇶 Equatorial Guinea,2024-09-16,10,343,646
GQ,🇬🇶 Equatorial Guinea,2024-09-20,10,343,646
GQ,🇬🇶 Equatorial Guinea,2024-10-17,13,364,622
GQ,🇬🇶 Equatorial Guinea,2024-11-17,7,417,576
GQ,🇬🇶 Equatorial Guinea,2024-12-18,7,0,993
GQ,🇬🇶 Equatorial Guinea,2025-01-17,8,329,663
GQ,🇬🇶 Equatorial Guinea,2025-02-17,5,1,994
GQ,🇬🇶 Equatorial Guinea,2025-03-17,6,378,615
GQ,🇬🇶 Equatorial Guinea,2025-04-17,5,352,642
GQ,🇬🇶 Equatorial Guinea,2025-05-17,4,421,574
GQ,🇬🇶 Equatorial Guinea,2025-06-17,6,393,600
GQ,🇬🇶 Equatorial Guinea,2025-07-17,7,0,991
GQ,🇬🇶 Equatorial Guinea,2025-08-17,4,380,615
GQ,🇬🇶 Equatorial Guinea,2025-09-17,6,112,882
GQ,🇬🇶 Equatorial Guinea,2025-10-17,6,18,976
GQ,🇬🇶 Equatorial Guinea,2025-11-17,6,56,938
GQ,🇬🇶 Equatorial Guinea,2025-12-17,6,0,994
GQ,🇬🇶 Equatorial Guinea,2026-01-17,5,192,803
GQ,🇬🇶 Equatorial Guinea,2026-02-17,3,0,919
GQ,🇬🇶 Equatorial Guinea,2026-03-17,5,159,830
ER,🇪🇷 Eritrea,2024-06-06,0,0,54
ER,🇪🇷 Eritrea,2024-06-19,0,0,46
ER,🇪🇷 Eritrea,2024-07-27,1,0,39
ER,🇪🇷 Eritrea,2024-08-07,1,0,39
ER,🇪🇷 Eritrea,2024-08-17,0,0,50
ER,🇪🇷 Eritrea,2024-09-16,0,0,37
ER,🇪🇷 Eritrea,2024-09-19,0,0,37
ER,🇪🇷 Eritrea,2024-10-17,0,0,35
ER,🇪🇷 Eritrea,2024-11-17,0,0,37
ER,🇪🇷 Eritrea,2024-12-18,0,0,35
ER,🇪🇷 Eritrea,2025-01-17,0,0,36
ER,🇪🇷 Eritrea,2025-02-17,0,0,34
ER,🇪🇷 Eritrea,2025-03-17,0,0,31
ER,🇪🇷 Eritrea,2025-04-17,0,0,31
ER,🇪🇷 Eritrea,2025-05-17,0,0,27
ER,🇪🇷 Eritrea,2025-06-17,0,0,26
ER,🇪🇷 Eritrea,2025-07-17,0,0,35
ER,🇪🇷 Eritrea,2025-08-17,0,0,61
ER,🇪🇷 Eritrea,2025-09-17,0,0,45
ER,🇪🇷 Eritrea,2025-10-17,0,0,42
ER,🇪🇷 Eritrea,2025-11-17,0,0,41
ER,🇪🇷 Eritrea,2025-12-17,0,0,44
ER,🇪🇷 Eritrea,2026-01-17,0,0,45
EE,🇪🇪 Estonia,2024-06-03,673,15,312
EE,🇪🇪 Estonia,2024-06-23,611,117,272
EE,🇪🇪 Estonia,2024-08-08,669,13,318
EE,🇪🇪 Estonia,2024-08-16,665,14,321
EE,🇪🇪 Estonia,2024-09-16,655,14,331
EE,🇪🇪 Estonia,2024-10-17,670,19,311
EE,🇪🇪 Estonia,2024-11-17,671,59,270
EE,🇪🇪 Estonia,2024-12-18,650,24,326
EE,🇪🇪 Estonia,2025-01-17,600,95,305
EE,🇪🇪 Estonia,2025-02-17,650,16,334
EE,🇪🇪 Estonia,2025-03-17,653,49,298
EE,🇪🇪 Estonia,2025-04-17,316,351,333
EE,🇪🇪 Estonia,2025-05-17,648,32,320
EE,🇪🇪 Estonia,2025-06-17,649,15,336
EE,🇪🇪 Estonia,2025-07-17,638,28,333
EE,🇪🇪 Estonia,2025-08-17,577,103,320
EE,🇪🇪 Estonia,2025-09-17,641,59,300
EE,🇪🇪 Estonia,2025-10-17,650,25,325
EE,🇪🇪 Estonia,2025-11-17,664,14,322
EE,🇪🇪 Estonia,2025-12-17,594,112,294
EE,🇪🇪 Estonia,2026-01-17,657,38,305
EE,🇪🇪 Estonia,2026-02-17,649,15,334
EE,🇪🇪 Estonia,2026-03-17,647,9,343
SZ,🇸🇿 Eswatini,2024-06-03,34,464,500
SZ,🇸🇿 Eswatini,2024-06-05,34,534,430
SZ,🇸🇿 Eswatini,2024-06-21,36,567,396
SZ,🇸🇿 Eswatini,2024-08-10,34,534,431
SZ,🇸🇿 Eswatini,2024-08-20,33,458,507
SZ,🇸🇿 Eswatini,2024-09-16,34,525,438
SZ,🇸🇿 Eswatini,2024-09-19,34,525,438
SZ,🇸🇿 Eswatini,2024-10-17,34,458,507
SZ,🇸🇿 Eswatini,2024-11-17,25,539,435
SZ,🇸🇿 Eswatini,2024-12-18,23,502,473
SZ,🇸🇿 Eswatini,2025-01-17,21,528,449
SZ,🇸🇿 Eswatini,2025-02-17,21,544,434
SZ,🇸🇿 Eswatini,2025-03-17,23,505,470
SZ,🇸🇿 Eswatini,2025-04-17,24,533,439
SZ,🇸🇿 Eswatini,2025-05-17,20,532,444
SZ,🇸🇿 Eswatini,2025-06-17,25,473,498
SZ,🇸🇿 Eswatini,2025-07-17,28,443,527
SZ,🇸🇿 Eswatini,2025-08-17,24,499,476
SZ,🇸🇿 Eswatini,2025-09-17,29,545,424
SZ,🇸🇿 Eswatini,2025-10-17,23,541,435
SZ,🇸🇿 Eswatini,2025-11-17,24,522,452
SZ,🇸🇿 Eswatini,2025-12-17,24,564,411
SZ,🇸🇿 Eswatini,2026-01-17,23,560,417
SZ,🇸🇿 Eswatini,2026-02-17,23,555,412
SZ,🇸🇿 Eswatini,2026-03-17,29,480,480
ET,🇪🇹 Ethiopia,2024-06-04,71,0,926
ET,🇪🇹 Ethiopia,2024-06-21,75,447,476
ET,🇪🇹 Ethiopia,2024-08-09,72,430,495
ET,🇪🇹 Ethiopia,2024-08-18,82,432,485
ET,🇪🇹 Ethiopia,2024-09-16,94,426,479
ET,🇪🇹 Ethiopia,2024-10-17,87,427,484
ET,🇪🇹 Ethiopia,2024-11-17,76,428,495
ET,🇪🇹 Ethiopia,2024-12-18,73,0,925
ET,🇪🇹 Ethiopia,2025-01-17,72,0,926
ET,🇪🇹 Ethiopia,2025-02-17,71,5,921
ET,🇪🇹 Ethiopia,2025-03-17,70,424,500
ET,🇪🇹 Ethiopia,2025-04-17,69,69,859
ET,🇪🇹 Ethiopia,2025-05-17,417,76,504
ET,🇪🇹 Ethiopia,2025-06-17,69,422,506
ET,🇪🇹 Ethiopia,2025-07-17,443,61,494
ET,🇪🇹 Ethiopia,2025-08-17,457,70,472
ET,🇪🇹 Ethiopia,2025-09-17,442,86,471
ET,🇪🇹 Ethiopia,2025-10-17,531,0,466
ET,🇪🇹 Ethiopia,2025-11-17,449,80,469
ET,🇪🇹 Ethiopia,2025-12-17,84,0,915
ET,🇪🇹 Ethiopia,2026-01-17,87,0,912
ET,🇪🇹 Ethiopia,2026-02-17,118,411,452
ET,🇪🇹 Ethiopia,2026-03-17,524,0,458
FK,🇫🇰 Falkland Islands (Malvinas),2024-06-07,2,0,78
FK,🇫🇰 Falkland Islands (Malvinas),2024-06-22,3,0,75
FK,🇫🇰 Falkland Islands (Malvinas),2024-08-08,3,0,79
FK,🇫🇰 Falkland Islands (Malvinas),2024-08-17,3,0,76
FK,🇫🇰 Falkland Islands (Malvinas),2024-09-16,3,0,71
FK,🇫🇰 Falkland Islands (Malvinas),2024-09-17,3,0,71
FK,🇫🇰 Falkland Islands (Malvinas),2024-10-17,3,0,71
FK,🇫🇰 Falkland Islands (Malvinas),2024-11-17,3,0,70
FK,🇫🇰 Falkland Islands (Malvinas),2024-12-18,2,0,70
FK,🇫🇰 Falkland Islands (Malvinas),2025-01-17,2,0,62
FK,🇫🇰 Falkland Islands (Malvinas),2025-02-17,2,0,65
FK,🇫🇰 Falkland Islands (Malvinas),2025-03-17,2,0,68
FK,🇫🇰 Falkland Islands (Malvinas),2025-04-17,2,0,63
FK,🇫🇰 Falkland Islands (Malvinas),2025-05-17,0,0,60
FK,🇫🇰 Falkland Islands (Malvinas),2025-06-17,0,0,68
FK,🇫🇰 Falkland Islands (Malvinas),2025-07-17,0,0,64
FK,🇫🇰 Falkland Islands (Malvinas),2025-08-17,0,0,54
FK,🇫🇰 Falkland Islands (Malvinas),2025-09-17,0,0,50
FK,🇫🇰 Falkland Islands (Malvinas),2025-10-17,0,0,65
FK,🇫🇰 Falkland Islands (Malvinas),2025-11-17,0,0,49
FK,🇫🇰 Falkland Islands (Malvinas),2025-12-17,0,0,49
FK,🇫🇰 Falkland Islands (Malvinas),2026-01-17,0,0,50
FK,🇫🇰 Falkland Islands (Malvinas),2026-02-17,2,35,49
FK,🇫🇰 Falkland Islands (Malvinas),2026-03-17,3,33,87
FO,🇫🇴 Faroe Islands,2024-06-03,145,291,564
FO,🇫🇴 Faroe Islands,2024-06-19,143,0,857
FO,🇫🇴 Faroe Islands,2024-08-09,151,270,579
FO,🇫🇴 Faroe Islands,2024-08-21,140,291,569
FO,🇫🇴 Faroe Islands,2024-09-16,144,277,579
FO,🇫🇴 Faroe Islands,2024-09-20,144,277,579
FO,🇫🇴 Faroe Islands,2024-10-17,143,291,566
FO,🇫🇴 Faroe Islands,2024-11-17,143,281,575
FO,🇫🇴 Faroe Islands,2024-12-18,142,305,553
FO,🇫🇴 Faroe Islands,2025-01-17,143,319,538
FO,🇫🇴 Faroe Islands,2025-02-17,143,309,548
FO,🇫🇴 Faroe Islands,2025-03-17,59,0,941
FO,🇫🇴 Faroe Islands,2025-04-17,141,422,437
FO,🇫🇴 Faroe Islands,2025-05-17,141,492,367
FO,🇫🇴 Faroe Islands,2025-06-17,132,308,560
FO,🇫🇴 Faroe Islands,2025-07-17,145,309,546
FO,🇫🇴 Faroe Islands,2025-08-17,144,334,522
FO,🇫🇴 Faroe Islands,2025-09-17,142,320,538
FO,🇫🇴 Faroe Islands,2025-10-17,143,320,537
FO,🇫🇴 Faroe Islands,2025-11-17,136,371,493
FO,🇫🇴 Faroe Islands,2025-12-17,122,357,521
FO,🇫🇴 Faroe Islands,2026-01-17,127,383,490
FO,🇫🇴 Faroe Islands,2026-02-17,132,464,404
FO,🇫🇴 Faroe Islands,2026-03-17,127,337,534
FJ,🇫🇯 Fiji,2024-06-05,152,0,847
FJ,🇫🇯 Fiji,2024-06-21,146,0,853
FJ,🇫🇯 Fiji,2024-08-08,162,0,836
FJ,🇫🇯 Fiji,2024-08-19,151,0,847
FJ,🇫🇯 Fiji,2024-09-16,149,0,849
FJ,🇫🇯 Fiji,2024-09-19,149,0,849
FJ,🇫🇯 Fiji,2024-10-17,420,0,578
FJ,🇫🇯 Fiji,2024-11-17,384,0,614
FJ,🇫🇯 Fiji,2024-12-18,385,0,614
FJ,🇫🇯 Fiji,2025-01-17,404,0,596
FJ,🇫🇯 Fiji,2025-02-17,409,0,590
FJ,🇫🇯 Fiji,2025-03-17,425,0,573
FJ,🇫🇯 Fiji,2025-04-17,394,0,604
FJ,🇫🇯 Fiji,2025-05-17,406,0,592
FJ,🇫🇯 Fiji,2025-06-17,405,0,594
FJ,🇫🇯 Fiji,2025-07-17,407,0,591
FJ,🇫🇯 Fiji,2025-08-17,404,0,594
FJ,🇫🇯 Fiji,2025-09-17,403,0,594
FJ,🇫🇯 Fiji,2025-10-17,399,0,599
FJ,🇫🇯 Fiji,2025-11-17,389,0,609
FJ,🇫🇯 Fiji,2025-12-17,140,0,859
FJ,🇫🇯 Fiji,2026-01-17,434,0,565
FJ,🇫🇯 Fiji,2026-02-17,440,0,551
FJ,🇫🇯 Fiji,2026-03-17,433,0,557
FI,🇫🇮 Finland,2024-06-04,604,75,321
FI,🇫🇮 Finland,2024-06-20,828,0,172
FI,🇫🇮 Finland,2024-08-08,604,148,248
FI,🇫🇮 Finland,2024-08-21,603,134,263
FI,🇫🇮 Finland,2024-09-16,650,177,173
FI,🇫🇮 Finland,2024-09-18,650,177,173
FI,🇫🇮 Finland,2024-10-17,640,144,216
FI,🇫🇮 Finland,2024-11-17,759,63,178
FI,🇫🇮 Finland,2024-12-18,705,76,219
FI,🇫🇮 Finland,2025-01-17,749,0,251
FI,🇫🇮 Finland,2025-02-17,618,167,215
FI,🇫🇮 Finland,2025-03-17,605,225,169
FI,🇫🇮 Finland,2025-04-17,527,256,217
FI,🇫🇮 Finland,2025-05-17,640,0,360
FI,🇫🇮 Finland,2025-06-17,718,51,230
FI,🇫🇮 Finland,2025-07-17,703,113,184
FI,🇫🇮 Finland,2025-08-17,696,129,175
FI,🇫🇮 Finland,2025-09-17,778,0,222
FI,🇫🇮 Finland,2025-10-17,712,62,226
FI,🇫🇮 Finland,2025-11-17,637,180,183
FI,🇫🇮 Finland,2025-12-17,708,132,160
FI,🇫🇮 Finland,2026-01-17,708,111,182
FI,🇫🇮 Finland,2026-02-17,757,69,169
FI,🇫🇮 Finland,2026-03-17,652,180,165
FR,🇫🇷 France,2024-05-31,771,31,198
FR,🇫🇷 France,2024-06-21,828,0,172
FR,🇫🇷 France,2024-07-27,411,0,589
FR,🇫🇷 France,2024-08-07,800,28,172
FR,🇫🇷 France,2024-08-16,814,0,186
FR,🇫🇷 France,2024-09-16,761,95,144
FR,🇫🇷 France,2024-09-20,761,95,144
FR,🇫🇷 France,2024-10-17,789,47,164
FR,🇫🇷 France,2024-11-17,839,0,161
FR,🇫🇷 France,2024-12-18,848,0,152
FR,🇫🇷 France,2025-01-17,846,0,154
FR,🇫🇷 France,2025-02-17,786,37,176
FR,🇫🇷 France,2025-03-17,868,7,125
FR,🇫🇷 France,2025-04-17,860,0,140
FR,🇫🇷 France,2025-05-17,788,0,212
FR,🇫🇷 France,2025-06-17,779,22,199
FR,🇫🇷 France,2025-07-17,816,44,139
FR,🇫🇷 France,2025-08-17,851,7,142
FR,🇫🇷 France,2025-09-17,815,19,166
FR,🇫🇷 France,2025-10-17,769,93,138
FR,🇫🇷 France,2025-11-17,850,0,150
FR,🇫🇷 France,2025-12-17,819,45,136
FR,🇫🇷 France,2026-01-17,837,19,144
FR,🇫🇷 France,2026-02-17,840,2,157
FR,🇫🇷 France,2026-03-17,878,0,119
GF,🇬🇫 French Guiana,2024-06-03,130,0,870
GF,🇬🇫 French Guiana,2024-06-19,129,1,870
GF,🇬🇫 French Guiana,2024-08-10,131,1,868
GF,🇬🇫 French Guiana,2024-08-19,132,1,867
GF,🇬🇫 French Guiana,2024-09-16,133,1,866
GF,🇬🇫 French Guiana,2024-09-18,133,1,866
GF,🇬🇫 French Guiana,2024-10-17,131,1,868
GF,🇬🇫 French Guiana,2024-11-17,136,3,861
GF,🇬🇫 French Guiana,2024-12-18,135,0,865
GF,🇬🇫 French Guiana,2025-01-17,135,0,865
GF,🇬🇫 French Guiana,2025-02-17,132,1,867
GF,🇬🇫 French Guiana,2025-03-17,127,0,873
GF,🇬🇫 French Guiana,2025-04-17,132,0,868
GF,🇬🇫 French Guiana,2025-05-17,131,14,855
GF,🇬🇫 French Guiana,2025-06-17,140,0,860
GF,🇬🇫 French Guiana,2025-07-17,128,0,872
GF,🇬🇫 French Guiana,2025-08-17,126,0,874
GF,🇬🇫 French Guiana,2025-09-17,118,54,828
GF,🇬🇫 French Guiana,2025-10-17,113,60,827
GF,🇬🇫 French Guiana,2025-11-17,111,44,845
GF,🇬🇫 French Guiana,2025-12-17,113,0,887
GF,🇬🇫 French Guiana,2026-01-17,119,0,881
GF,🇬🇫 French Guiana,2026-02-17,121,0,878
GF,🇬🇫 French Guiana,2026-03-17,122,0,874
PF,🇵🇫 French Polynesia,2024-05-30,520,0,480
PF,🇵🇫 French Polynesia,2024-06-21,513,0,487
PF,🇵🇫 French Polynesia,2024-08-07,526,0,474
PF,🇵🇫 French Polynesia,2024-08-18,514,0,486
PF,🇵🇫 French Polynesia,2024-09-16,514,0,486
PF,🇵🇫 French Polynesia,2024-09-18,514,0,486
PF,🇵🇫 French Polynesia,2024-10-17,525,0,475
PF,🇵🇫 French Polynesia,2024-11-17,529,0,471
PF,🇵🇫 French Polynesia,2024-12-18,546,0,454
PF,🇵🇫 French Polynesia,2025-01-17,558,0,441
PF,🇵🇫 French Polynesia,2025-02-17,555,0,445
PF,🇵🇫 French Polynesia,2025-03-17,521,0,479
PF,🇵🇫 French Polynesia,2025-04-17,535,0,465
PF,🇵🇫 French Polynesia,2025-05-17,512,0,488
PF,🇵🇫 French Polynesia,2025-06-17,489,0,511
PF,🇵🇫 French Polynesia,2025-07-17,508,0,492
PF,🇵🇫 French Polynesia,2025-08-17,521,0,479
PF,🇵🇫 French Polynesia,2025-09-17,508,0,492
PF,🇵🇫 French Polynesia,2025-10-17,153,0,846
PF,🇵🇫 French Polynesia,2025-11-17,154,0,846
PF,🇵🇫 French Polynesia,2025-12-17,134,0,866
PF,🇵🇫 French Polynesia,2026-01-17,148,0,852
PF,🇵🇫 French Polynesia,2026-02-17,154,0,840
PF,🇵🇫 French Polynesia,2026-03-17,151,0,845
GA,🇬🇦 Gabon,2024-06-03,21,4,974
GA,🇬🇦 Gabon,2024-06-20,25,22,949
GA,🇬🇦 Gabon,2024-08-10,24,5,968
GA,🇬🇦 Gabon,2024-08-16,20,5,974
GA,🇬🇦 Gabon,2024-09-16,20,95,884
GA,🇬🇦 Gabon,2024-09-18,20,95,884
GA,🇬🇦 Gabon,2024-10-17,22,89,889
GA,🇬🇦 Gabon,2024-11-17,19,5,976
GA,🇬🇦 Gabon,2024-12-18,14,6,977
GA,🇬🇦 Gabon,2025-01-17,11,96,893
GA,🇬🇦 Gabon,2025-02-17,12,7,979
GA,🇬🇦 Gabon,2025-03-17,10,7,982
GA,🇬🇦 Gabon,2025-04-17,11,296,691
GA,🇬🇦 Gabon,2025-05-17,11,126,863
GA,🇬🇦 Gabon,2025-06-17,12,120,868
GA,🇬🇦 Gabon,2025-07-17,11,7,982
GA,🇬🇦 Gabon,2025-08-17,12,151,837
GA,🇬🇦 Gabon,2025-09-17,11,293,695
GA,🇬🇦 Gabon,2025-10-17,12,215,772
GA,🇬🇦 Gabon,2025-11-17,10,151,839
GA,🇬🇦 Gabon,2025-12-17,8,159,833
GA,🇬🇦 Gabon,2026-01-17,7,182,811
GA,🇬🇦 Gabon,2026-02-17,9,186,799
GA,🇬🇦 Gabon,2026-03-17,9,173,810
GM,🇬🇲 Gambia,2024-06-05,6,0,991
GM,🇬🇲 Gambia,2024-06-20,5,7,986
GM,🇬🇲 Gambia,2024-07-25,6,50,942
GM,🇬🇲 Gambia,2024-08-06,6,26,966
GM,🇬🇲 Gambia,2024-08-21,10,26,963
GM,🇬🇲 Gambia,2024-09-16,7,26,966
GM,🇬🇲 Gambia,2024-09-18,7,26,966
GM,🇬🇲 Gambia,2024-10-17,6,0,993
GM,🇬🇲 Gambia,2024-11-17,9,0,990
GM,🇬🇲 Gambia,2024-12-18,8,0,990
GM,🇬🇲 Gambia,2025-01-17,8,0,991
GM,🇬🇲 Gambia,2025-02-17,6,0,994
GM,🇬🇲 Gambia,2025-03-17,4,18,978
GM,🇬🇲 Gambia,2025-04-17,4,26,970
GM,🇬🇲 Gambia,2025-05-17,5,19,976
GM,🇬🇲 Gambia,2025-06-17,4,23,972
GM,🇬🇲 Gambia,2025-07-17,5,18,977
GM,🇬🇲 Gambia,2025-08-17,7,16,977
GM,🇬🇲 Gambia,2025-09-17,7,14,979
GM,🇬🇲 Gambia,2025-10-17,7,18,975
GM,🇬🇲 Gambia,2025-11-17,8,0,992
GM,🇬🇲 Gambia,2025-12-17,6,15,979
GM,🇬🇲 Gambia,2026-01-17,7,0,993
GM,🇬🇲 Gambia,2026-02-17,6,0,982
GM,🇬🇲 Gambia,2026-03-17,7,0,972
GE,🇬🇪 Georgia,2024-06-02,546,0,452
GE,🇬🇪 Georgia,2024-06-22,553,15,430
GE,🇬🇪 Georgia,2024-08-09,550,0,448
GE,🇬🇪 Georgia,2024-08-16,543,15,440
GE,🇬🇪 Georgia,2024-09-16,527,0,470
GE,🇬🇪 Georgia,2024-09-19,527,0,470
GE,🇬🇪 Georgia,2024-10-17,541,0,457
GE,🇬🇪 Georgia,2024-11-17,535,0,463
GE,🇬🇪 Georgia,2024-12-18,364,178,456
GE,🇬🇪 Georgia,2025-01-17,546,0,452
GE,🇬🇪 Georgia,2025-02-17,235,0,763
GE,🇬🇪 Georgia,2025-03-17,518,18,461
GE,🇬🇪 Georgia,2025-04-17,537,14,446
GE,🇬🇪 Georgia,2025-05-17,539,0,458
GE,🇬🇪 Georgia,2025-06-17,521,0,476
GE,🇬🇪 Georgia,2025-07-17,542,0,455
GE,🇬🇪 Georgia,2025-08-17,514,0,483
GE,🇬🇪 Georgia,2025-09-17,524,0,473
GE,🇬🇪 Georgia,2025-10-17,529,0,468
GE,🇬🇪 Georgia,2025-11-17,516,6,475
GE,🇬🇪 Georgia,2025-12-17,524,11,461
GE,🇬🇪 Georgia,2026-01-17,528,14,456
GE,🇬🇪 Georgia,2026-02-17,536,0,461
GE,🇬🇪 Georgia,2026-03-17,515,2,479
DE,🇩🇪 Germany,2024-06-05,716,35,249
DE,🇩🇪 Germany,2024-06-23,596,48,356
DE,🇩🇪 Germany,2024-07-24,529,55,416
DE,🇩🇪 Germany,2024-08-05,816,2,182
DE,🇩🇪 Germany,2024-08-16,769,0,231
DE,🇩🇪 Germany,2024-09-16,757,3,240
DE,🇩🇪 Germany,2024-09-20,757,3,240
DE,🇩🇪 Germany,2024-10-17,717,50,233
DE,🇩🇪 Germany,2024-11-17,786,34,180
DE,🇩🇪 Germany,2024-12-18,777,40,183
DE,🇩🇪 Germany,2025-01-17,745,75,180
DE,🇩🇪 Germany,2025-02-17,707,72,221
DE,🇩🇪 Germany,2025-03-17,807,19,174
DE,🇩🇪 Germany,2025-04-17,724,23,253
DE,🇩🇪 Germany,2025-05-17,713,99,188
DE,🇩🇪 Germany,2025-06-17,804,5,190
DE,🇩🇪 Germany,2025-07-17,727,79,195
DE,🇩🇪 Germany,2025-08-17,599,215,186
DE,🇩🇪 Germany,2025-09-17,732,62,206
DE,🇩🇪 Germany,2025-10-17,757,54,188
DE,🇩🇪 Germany,2025-11-17,813,8,179
DE,🇩🇪 Germany,2025-12-17,806,8,186
DE,🇩🇪 Germany,2026-01-17,686,132,182
DE,🇩🇪 Germany,2026-02-17,852,3,141
DE,🇩🇪 Germany,2026-03-17,778,66,150
GH,🇬🇭 Ghana,2024-06-02,172,0,826
GH,🇬🇭 Ghana,2024-06-19,510,106,383
GH,🇬🇭 Ghana,2024-08-09,133,0,866
GH,🇬🇭 Ghana,2024-08-21,173,0,826
GH,🇬🇭 Ghana,2024-09-16,521,0,479
GH,🇬🇭 Ghana,2024-09-19,521,0,479
GH,🇬🇭 Ghana,2024-10-17,525,0,473
GH,🇬🇭 Ghana,2024-11-17,166,0,833
GH,🇬🇭 Ghana,2024-12-18,255,0,745
GH,🇬🇭 Ghana,2025-01-17,242,0,755
GH,🇬🇭 Ghana,2025-02-17,579,0,420
GH,🇬🇭 Ghana,2025-03-17,566,0,432
GH,🇬🇭 Ghana,2025-04-17,536,0,460
GH,🇬🇭 Ghana,2025-05-17,555,0,443
GH,🇬🇭 Ghana,2025-06-17,561,0,439
GH,🇬🇭 Ghana,2025-07-17,468,0,532
GH,🇬🇭 Ghana,2025-08-17,497,113,389
GH,🇬🇭 Ghana,2025-09-17,487,5,507
GH,🇬🇭 Ghana,2025-10-17,544,111,345
GH,🇬🇭 Ghana,2025-11-17,541,113,346
GH,🇬🇭 Ghana,2025-12-17,489,6,504
GH,🇬🇭 Ghana,2026-01-17,547,0,452
GH,🇬🇭 Ghana,2026-02-17,534,128,323
GH,🇬🇭 Ghana,2026-03-17,536,0,449
GI,🇬🇮 Gibraltar,2024-06-05,158,277,565
GI,🇬🇮 Gibraltar,2024-06-23,200,501,299
GI,🇬🇮 Gibraltar,2024-08-09,199,226,575
GI,🇬🇮 Gibraltar,2024-08-21,188,448,364
GI,🇬🇮 Gibraltar,2024-09-16,199,519,282
GI,🇬🇮 Gibraltar,2024-10-17,204,267,529
GI,🇬🇮 Gibraltar,2024-11-17,185,286,529
GI,🇬🇮 Gibraltar,2024-12-18,193,331,476
GI,🇬🇮 Gibraltar,2025-01-17,182,327,491
GI,🇬🇮 Gibraltar,2025-02-17,185,236,579
GI,🇬🇮 Gibraltar,2025-03-17,178,380,441
GI,🇬🇮 Gibraltar,2025-04-17,180,371,449
GI,🇬🇮 Gibraltar,2025-05-17,177,477,346
GI,🇬🇮 Gibraltar,2025-06-17,173,321,506
GI,🇬🇮 Gibraltar,2025-07-17,173,321,506
GI,🇬🇮 Gibraltar,2025-08-17,181,389,430
GI,🇬🇮 Gibraltar,2025-09-17,178,393,429
GI,🇬🇮 Gibraltar,2025-10-17,176,458,366
GI,🇬🇮 Gibraltar,2025-11-17,180,347,472
GI,🇬🇮 Gibraltar,2025-12-17,188,339,473
GI,🇬🇮 Gibraltar,2026-01-17,189,194,617
GI,🇬🇮 Gibraltar,2026-02-17,188,273,527
GI,🇬🇮 Gibraltar,2026-03-17,184,268,531
GR,🇬🇷 Greece,2024-05-31,650,10,339
GR,🇬🇷 Greece,2024-06-23,699,0,301
GR,🇬🇷 Greece,2024-07-25,697,0,303
GR,🇬🇷 Greece,2024-08-06,656,0,344
GR,🇬🇷 Greece,2024-08-20,651,0,349
GR,🇬🇷 Greece,2024-09-16,642,6,352
GR,🇬🇷 Greece,2024-09-19,642,6,352
GR,🇬🇷 Greece,2024-10-17,656,25,319
GR,🇬🇷 Greece,2024-11-17,682,0,318
GR,🇬🇷 Greece,2024-12-18,669,0,331
GR,🇬🇷 Greece,2025-01-17,684,4,313
GR,🇬🇷 Greece,2025-02-17,677,4,319
GR,🇬🇷 Greece,2025-03-17,684,0,316
GR,🇬🇷 Greece,2025-04-17,669,19,312
GR,🇬🇷 Greece,2025-05-17,668,1,331
GR,🇬🇷 Greece,2025-06-17,543,12,445
GR,🇬🇷 Greece,2025-07-17,677,0,323
GR,🇬🇷 Greece,2025-08-17,660,0,340
GR,🇬🇷 Greece,2025-09-17,596,7,397
GR,🇬🇷 Greece,2025-10-17,632,0,368
GR,🇬🇷 Greece,2025-11-17,570,0,430
GR,🇬🇷 Greece,2025-12-17,651,0,349
GR,🇬🇷 Greece,2026-01-17,613,0,387
GR,🇬🇷 Greece,2026-02-17,649,0,348
GR,🇬🇷 Greece,2026-03-17,525,0,472
GL,🇬🇱 Greenland,2024-06-07,140,250,610
GL,🇬🇱 Greenland,2024-06-23,122,0,877
GL,🇬🇱 Greenland,2024-07-25,128,372,499
GL,🇬🇱 Greenland,2024-08-06,138,230,631
GL,🇬🇱 Greenland,2024-08-16,142,234,623
GL,🇬🇱 Greenland,2024-09-16,146,232,622
GL,🇬🇱 Greenland,2024-10-17,136,0,863
GL,🇬🇱 Greenland,2024-11-17,133,326,541
GL,🇬🇱 Greenland,2024-12-18,126,1,873
GL,🇬🇱 Greenland,2025-01-17,128,61,811
GL,🇬🇱 Greenland,2025-02-17,131,67,802
GL,🇬🇱 Greenland,2025-03-17,126,183,691
GL,🇬🇱 Greenland,2025-04-17,137,342,521
GL,🇬🇱 Greenland,2025-05-17,125,340,535
GL,🇬🇱 Greenland,2025-06-17,132,272,595
GL,🇬🇱 Greenland,2025-07-17,130,64,806
GL,🇬🇱 Greenland,2025-08-17,128,328,544
GL,🇬🇱 Greenland,2025-09-17,138,319,543
GL,🇬🇱 Greenland,2025-10-17,137,70,793
GL,🇬🇱 Greenland,2025-11-17,126,61,813
GL,🇬🇱 Greenland,2025-12-17,131,60,809
GL,🇬🇱 Greenland,2026-01-17,125,56,819
GL,🇬🇱 Greenland,2026-02-17,123,73,803
GL,🇬🇱 Greenland,2026-03-17,125,64,807
GD,🇬🇩 Grenada,2024-05-31,496,1,503
GD,🇬🇩 Grenada,2024-06-20,500,1,499
GD,🇬🇩 Grenada,2024-08-10,503,1,496
GD,🇬🇩 Grenada,2024-08-19,508,1,491
GD,🇬🇩 Grenada,2024-09-16,500,0,500
GD,🇬🇩 Grenada,2024-09-20,500,0,500
GD,🇬🇩 Grenada,2024-10-17,496,1,503
GD,🇬🇩 Grenada,2024-11-17,501,0,499
GD,🇬🇩 Grenada,2024-12-18,144,0,856
GD,🇬🇩 Grenada,2025-01-17,523,0,477
GD,🇬🇩 Grenada,2025-02-17,488,0,512
GD,🇬🇩 Grenada,2025-03-17,497,0,503
GD,🇬🇩 Grenada,2025-04-17,148,0,852
GD,🇬🇩 Grenada,2025-05-17,502,0,498
GD,🇬🇩 Grenada,2025-06-17,492,0,508
GD,🇬🇩 Grenada,2025-07-17,508,0,492
GD,🇬🇩 Grenada,2025-08-17,505,0,495
GD,🇬🇩 Grenada,2025-09-17,497,0,503
GD,🇬🇩 Grenada,2025-10-17,509,19,472
GD,🇬🇩 Grenada,2025-11-17,503,0,497
GD,🇬🇩 Grenada,2025-12-17,146,0,854
GD,🇬🇩 Grenada,2026-01-17,139,0,861
GD,🇬🇩 Grenada,2026-02-17,142,0,850
GD,🇬🇩 Grenada,2026-03-17,477,0,512
GP,🇬🇵 Guadeloupe,2024-06-07,123,0,877
GP,🇬🇵 Guadeloupe,2024-06-19,124,0,875
GP,🇬🇵 Guadeloupe,2024-07-26,121,0,879
GP,🇬🇵 Guadeloupe,2024-08-06,122,0,878
GP,🇬🇵 Guadeloupe,2024-08-20,135,0,865
GP,🇬🇵 Guadeloupe,2024-09-16,131,0,869
GP,🇬🇵 Guadeloupe,2024-09-17,131,0,869
GP,🇬🇵 Guadeloupe,2024-10-17,126,0,874
GP,🇬🇵 Guadeloupe,2024-11-17,127,0,873
GP,🇬🇵 Guadeloupe,2024-12-18,129,0,871
GP,🇬🇵 Guadeloupe,2025-01-17,129,0,871
GP,🇬🇵 Guadeloupe,2025-02-17,130,0,870
GP,🇬🇵 Guadeloupe,2025-03-17,128,0,872
GP,🇬🇵 Guadeloupe,2025-04-17,125,0,875
GP,🇬🇵 Guadeloupe,2025-05-17,127,0,873
GP,🇬🇵 Guadeloupe,2025-06-17,134,0,866
GP,🇬🇵 Guadeloupe,2025-07-17,126,0,874
GP,🇬🇵 Guadeloupe,2025-08-17,124,0,876
GP,🇬🇵 Guadeloupe,2025-09-17,119,0,881
GP,🇬🇵 Guadeloupe,2025-10-17,115,0,885
GP,🇬🇵 Guadeloupe,2025-11-17,114,0,886
GP,🇬🇵 Guadeloupe,2025-12-17,121,0,879
GP,🇬🇵 Guadeloupe,2026-01-17,129,0,871
GP,🇬🇵 Guadeloupe,2026-02-17,126,0,869
GP,🇬🇵 Guadeloupe,2026-03-17,125,0,871
GU,🇬🇺 Guam,2024-06-07,371,0,629
GU,🇬🇺 Guam,2024-06-19,418,0,582
GU,🇬🇺 Guam,2024-08-09,382,0,618
GU,🇬🇺 Guam,2024-08-16,387,0,613
GU,🇬🇺 Guam,2024-09-16,325,0,675
GU,🇬🇺 Guam,2024-09-19,325,0,675
GU,🇬🇺 Guam,2024-10-17,296,0,704
GU,🇬🇺 Guam,2024-11-17,289,0,711
GU,🇬🇺 Guam,2024-12-18,317,0,683
GU,🇬🇺 Guam,2025-01-17,174,0,826
GU,🇬🇺 Guam,2025-02-17,160,0,840
GU,🇬🇺 Guam,2025-03-17,268,0,732
GU,🇬🇺 Guam,2025-04-17,176,0,824
GU,🇬🇺 Guam,2025-05-17,252,0,748
GU,🇬🇺 Guam,2025-06-17,345,0,655
GU,🇬🇺 Guam,2025-07-17,371,0,629
GU,🇬🇺 Guam,2025-08-17,381,0,619
GU,🇬🇺 Guam,2025-09-17,270,0,729
GU,🇬🇺 Guam,2025-10-17,166,0,834
GU,🇬🇺 Guam,2025-11-17,269,0,731
GU,🇬🇺 Guam,2025-12-17,165,0,835
GU,🇬🇺 Guam,2026-01-17,270,0,730
GU,🇬🇺 Guam,2026-02-17,229,0,769
GU,🇬🇺 Guam,2026-03-17,275,0,721
GT,🇬🇹 Guatemala,2024-06-02,312,13,674
GT,🇬🇹 Guatemala,2024-06-21,260,13,726
GT,🇬🇹 Guatemala,2024-08-10,321,1,677
GT,🇬🇹 Guatemala,2024-08-16,324,16,660
GT,🇬🇹 Guatemala,2024-09-16,315,11,672
GT,🇬🇹 Guatemala,2024-09-17,315,11,672
GT,🇬🇹 Guatemala,2024-10-17,327,11,661
GT,🇬🇹 Guatemala,2024-11-17,132,11,856
GT,🇬🇹 Guatemala,2024-12-18,292,1,706
GT,🇬🇹 Guatemala,2025-01-17,315,12,672
GT,🇬🇹 Guatemala,2025-02-17,282,12,705
GT,🇬🇹 Guatemala,2025-03-17,301,11,686
GT,🇬🇹 Guatemala,2025-04-17,264,1,734
GT,🇬🇹 Guatemala,2025-05-17,310,4,685
GT,🇬🇹 Guatemala,2025-06-17,311,12,676
GT,🇬🇹 Guatemala,2025-07-17,110,26,864
GT,🇬🇹 Guatemala,2025-08-17,116,55,829
GT,🇬🇹 Guatemala,2025-09-17,321,7,672
GT,🇬🇹 Guatemala,2025-10-17,312,5,682
GT,🇬🇹 Guatemala,2025-11-17,233,6,760
GT,🇬🇹 Guatemala,2025-12-17,139,4,857
GT,🇬🇹 Guatemala,2026-01-17,216,4,780
GT,🇬🇹 Guatemala,2026-02-17,121,57,817
GT,🇬🇹 Guatemala,2026-03-17,124,54,819
GG,🇬🇬 Guernsey,2024-06-01,158,329,513
GG,🇬🇬 Guernsey,2024-06-22,161,491,348
GG,🇬🇬 Guernsey,2024-08-08,159,307,534
GG,🇬🇬 Guernsey,2024-08-21,161,307,532
GG,🇬🇬 Guernsey,2024-09-16,158,346,496
GG,🇬🇬 Guernsey,2024-10-17,157,308,535
GG,🇬🇬 Guernsey,2024-11-17,157,348,495
GG,🇬🇬 Guernsey,2024-12-18,152,406,442
GG,🇬🇬 Guernsey,2025-01-17,156,418,426
GG,🇬🇬 Guernsey,2025-02-17,147,372,481
GG,🇬🇬 Guernsey,2025-03-17,146,405,449
GG,🇬🇬 Guernsey,2025-04-17,152,572,276
GG,🇬🇬 Guernsey,2025-05-17,139,423,438
GG,🇬🇬 Guernsey,2025-06-17,138,372,490
GG,🇬🇬 Guernsey,2025-07-17,135,331,534
GG,🇬🇬 Guernsey,2025-08-17,152,351,497
GG,🇬🇬 Guernsey,2025-09-17,142,348,510
GG,🇬🇬 Guernsey,2025-10-17,136,367,497
GG,🇬🇬 Guernsey,2025-11-17,134,333,533
GG,🇬🇬 Guernsey,2025-12-17,147,502,351
GG,🇬🇬 Guernsey,2026-01-17,138,348,514
GG,🇬🇬 Guernsey,2026-02-17,134,378,483
GG,🇬🇬 Guernsey,2026-03-17,135,334,523
GN,🇬🇳 Guinea,2024-06-06,85,0,908
GN,🇬🇳 Guinea,2024-06-18,93,0,904
GN,🇬🇳 Guinea,2024-07-25,94,369,533
GN,🇬🇳 Guinea,2024-08-06,90,0,906
GN,🇬🇳 Guinea,2024-08-20,80,0,920
GN,🇬🇳 Guinea,2024-09-16,91,372,533
GN,🇬🇳 Guinea,2024-09-20,91,372,533
GN,🇬🇳 Guinea,2024-10-17,92,371,536
GN,🇬🇳 Guinea,2024-11-17,92,0,906
GN,🇬🇳 Guinea,2024-12-18,94,4,901
GN,🇬🇳 Guinea,2025-01-17,86,4,908
GN,🇬🇳 Guinea,2025-02-17,95,0,904
GN,🇬🇳 Guinea,2025-03-17,90,358,551
GN,🇬🇳 Guinea,2025-04-17,92,0,905
GN,🇬🇳 Guinea,2025-05-17,85,360,551
GN,🇬🇳 Guinea,2025-06-17,93,357,546
GN,🇬🇳 Guinea,2025-07-17,90,351,557
GN,🇬🇳 Guinea,2025-08-17,87,349,563
GN,🇬🇳 Guinea,2025-09-17,12,0,986
GN,🇬🇳 Guinea,2025-10-17,83,387,529
GN,🇬🇳 Guinea,2025-11-17,85,379,535
GN,🇬🇳 Guinea,2025-12-17,89,386,523
GN,🇬🇳 Guinea,2026-01-17,98,378,522
GN,🇬🇳 Guinea,2026-02-17,92,0,897
GN,🇬🇳 Guinea,2026-03-17,96,380,516
GW,🇬🇼 Guinea-Bissau,2024-05-31,16,0,981
GW,🇬🇼 Guinea-Bissau,2024-06-18,5,0,991
GW,🇬🇼 Guinea-Bissau,2024-07-24,5,0,991
GW,🇬🇼 Guinea-Bissau,2024-08-05,14,0,982
GW,🇬🇼 Guinea-Bissau,2024-08-20,16,0,981
GW,🇬🇼 Guinea-Bissau,2024-09-16,14,0,982
GW,🇬🇼 Guinea-Bissau,2024-09-17,14,0,982
GW,🇬🇼 Guinea-Bissau,2024-10-17,6,0,991
GW,🇬🇼 Guinea-Bissau,2024-11-17,7,0,991
GW,🇬🇼 Guinea-Bissau,2024-12-18,7,0,990
GW,🇬🇼 Guinea-Bissau,2025-01-17,8,0,990
GW,🇬🇼 Guinea-Bissau,2025-02-17,6,0,993
GW,🇬🇼 Guinea-Bissau,2025-03-17,7,0,991
GW,🇬🇼 Guinea-Bissau,2025-04-17,7,0,991
GW,🇬🇼 Guinea-Bissau,2025-05-17,7,0,991
GW,🇬🇼 Guinea-Bissau,2025-06-17,7,0,991
GW,🇬🇼 Guinea-Bissau,2025-07-17,9,0,989
GW,🇬🇼 Guinea-Bissau,2025-08-17,9,0,989
GW,🇬🇼 Guinea-Bissau,2025-09-17,8,0,989
GW,🇬🇼 Guinea-Bissau,2025-10-17,9,0,988
GW,🇬🇼 Guinea-Bissau,2025-11-17,8,0,989
GW,🇬🇼 Guinea-Bissau,2025-12-17,9,11,977
GW,🇬🇼 Guinea-Bissau,2026-01-17,7,0,992
GW,🇬🇼 Guinea-Bissau,2026-02-17,7,0,983
GW,🇬🇼 Guinea-Bissau,2026-03-17,7,0,985
GY,🇬🇾 Guyana,2024-06-03,106,0,894
GY,🇬🇾 Guyana,2024-06-20,116,0,884
GY,🇬🇾 Guyana,2024-08-08,112,22,866
GY,🇬🇾 Guyana,2024-08-16,109,33,858
GY,🇬🇾 Guyana,2024-09-16,13,32,955
GY,🇬🇾 Guyana,2024-09-19,13,32,955
GY,🇬🇾 Guyana,2024-10-17,12,32,956
GY,🇬🇾 Guyana,2024-11-17,104,32,863
GY,🇬🇾 Guyana,2024-12-18,107,32,861
GY,🇬🇾 Guyana,2025-01-17,105,32,863
GY,🇬🇾 Guyana,2025-02-17,120,57,822
GY,🇬🇾 Guyana,2025-03-17,131,0,869
GY,🇬🇾 Guyana,2025-04-17,130,55,815
GY,🇬🇾 Guyana,2025-05-17,126,7,867
GY,🇬🇾 Guyana,2025-06-17,136,0,864
GY,🇬🇾 Guyana,2025-07-17,135,76,789
GY,🇬🇾 Guyana,2025-08-17,135,20,844
GY,🇬🇾 Guyana,2025-09-17,137,77,785
GY,🇬🇾 Guyana,2025-10-17,133,82,785
GY,🇬🇾 Guyana,2025-11-17,139,64,797
GY,🇬🇾 Guyana,2025-12-17,131,4,865
GY,🇬🇾 Guyana,2026-01-17,143,63,794
GY,🇬🇾 Guyana,2026-02-17,121,68,804
GY,🇬🇾 Guyana,2026-03-17,65,82,844
HT,🇭🇹 Haiti,2024-06-05,113,0,882
HT,🇭🇹 Haiti,2024-06-23,111,0,883
HT,🇭🇹 Haiti,2024-08-09,115,0,881
HT,🇭🇹 Haiti,2024-08-16,119,0,877
HT,🇭🇹 Haiti,2024-09-16,115,0,881
HT,🇭🇹 Haiti,2024-09-20,115,0,881
HT,🇭🇹 Haiti,2024-10-17,117,0,879
HT,🇭🇹 Haiti,2024-11-17,112,0,885
HT,🇭🇹 Haiti,2024-12-18,117,0,880
HT,🇭🇹 Haiti,2025-01-17,105,0,892
HT,🇭🇹 Haiti,2025-02-17,99,0,898
HT,🇭🇹 Haiti,2025-03-17,95,0,902
HT,🇭🇹 Haiti,2025-04-17,102,23,873
HT,🇭🇹 Haiti,2025-05-17,93,0,905
HT,🇭🇹 Haiti,2025-06-17,90,0,908
HT,🇭🇹 Haiti,2025-07-17,95,0,903
HT,🇭🇹 Haiti,2025-08-17,100,75,823
HT,🇭🇹 Haiti,2025-09-17,89,0,909
HT,🇭🇹 Haiti,2025-10-17,87,34,877
HT,🇭🇹 Haiti,2025-11-17,86,37,875
HT,🇭🇹 Haiti,2025-12-17,88,0,910
HT,🇭🇹 Haiti,2026-01-17,88,0,910
HT,🇭🇹 Haiti,2026-02-17,93,0,899
HT,🇭🇹 Haiti,2026-03-17,88,0,901
HN,🇭🇳 Honduras,2024-06-04,202,66,729
HN,🇭🇳 Honduras,2024-06-19,190,79,729
HN,🇭🇳 Honduras,2024-07-27,124,0,875
HN,🇭🇳 Honduras,2024-08-07,188,59,752
HN,🇭🇳 Honduras,2024-08-20,187,60,752
HN,🇭🇳 Honduras,2024-09-16,191,31,776
HN,🇭🇳 Honduras,2024-09-18,191,31,776
HN,🇭🇳 Honduras,2024-10-17,190,0,809
HN,🇭🇳 Honduras,2024-11-17,181,28,791
HN,🇭🇳 Honduras,2024-12-18,130,37,832
HN,🇭🇳 Honduras,2025-01-17,180,0,819
HN,🇭🇳 Honduras,2025-02-17,169,0,830
HN,🇭🇳 Honduras,2025-03-17,165,86,747
HN,🇭🇳 Honduras,2025-04-17,129,0,870
HN,🇭🇳 Honduras,2025-05-17,224,59,715
HN,🇭🇳 Honduras,2025-06-17,230,61,708
HN,🇭🇳 Honduras,2025-07-17,236,59,705
HN,🇭🇳 Honduras,2025-08-17,225,84,691
HN,🇭🇳 Honduras,2025-09-17,121,89,790
HN,🇭🇳 Honduras,2025-10-17,213,72,714
HN,🇭🇳 Honduras,2025-11-17,223,51,725
HN,🇭🇳 Honduras,2025-12-17,227,49,725
HN,🇭🇳 Honduras,2026-01-17,156,66,778
HN,🇭🇳 Honduras,2026-02-17,166,64,762
HN,🇭🇳 Honduras,2026-03-17,216,57,717
HK,🇭🇰 Hong Kong,2024-06-02,556,19,422
HK,🇭🇰 Hong Kong,2024-06-20,664,0,334
HK,🇭🇰 Hong Kong,2024-08-08,548,27,424
HK,🇭🇰 Hong Kong,2024-08-20,570,18,412
HK,🇭🇰 Hong Kong,2024-09-16,577,23,402
HK,🇭🇰 Hong Kong,2024-10-17,533,36,431
HK,🇭🇰 Hong Kong,2024-11-17,566,25,409
HK,🇭🇰 Hong Kong,2024-12-18,519,13,469
HK,🇭🇰 Hong Kong,2025-01-17,551,22,426
HK,🇭🇰 Hong Kong,2025-02-17,558,16,425
HK,🇭🇰 Hong Kong,2025-03-17,549,52,400
HK,🇭🇰 Hong Kong,2025-04-17,568,9,422
HK,🇭🇰 Hong Kong,2025-05-17,520,31,447
HK,🇭🇰 Hong Kong,2025-06-17,505,17,477
HK,🇭🇰 Hong Kong,2025-07-17,518,44,437
HK,🇭🇰 Hong Kong,2025-08-17,528,5,467
HK,🇭🇰 Hong Kong,2025-09-17,524,11,465
HK,🇭🇰 Hong Kong,2025-10-17,509,2,488
HK,🇭🇰 Hong Kong,2025-11-17,483,76,440
HK,🇭🇰 Hong Kong,2025-12-17,510,5,484
HK,🇭🇰 Hong Kong,2026-01-17,533,33,431
HK,🇭🇰 Hong Kong,2026-02-17,554,36,404
HK,🇭🇰 Hong Kong,2026-03-17,544,18,429
HU,🇭🇺 Hungary,2024-06-03,486,0,513
HU,🇭🇺 Hungary,2024-06-22,528,0,472
HU,🇭🇺 Hungary,2024-08-09,514,0,486
HU,🇭🇺 Hungary,2024-08-16,564,0,436
HU,🇭🇺 Hungary,2024-09-16,565,0,435
HU,🇭🇺 Hungary,2024-09-20,565,0,435
HU,🇭🇺 Hungary,2024-10-17,579,0,420
HU,🇭🇺 Hungary,2024-11-17,562,0,437
HU,🇭🇺 Hungary,2024-12-18,520,0,480
HU,🇭🇺 Hungary,2025-01-17,571,0,429
HU,🇭🇺 Hungary,2025-02-17,556,0,444
HU,🇭🇺 Hungary,2025-03-17,517,0,483
HU,🇭🇺 Hungary,2025-04-17,578,0,421
HU,🇭🇺 Hungary,2025-05-17,567,0,432
HU,🇭🇺 Hungary,2025-06-17,499,0,500
HU,🇭🇺 Hungary,2025-07-17,496,0,504
HU,🇭🇺 Hungary,2025-08-17,552,0,448
HU,🇭🇺 Hungary,2025-09-17,478,0,522
HU,🇭🇺 Hungary,2025-10-17,552,0,447
HU,🇭🇺 Hungary,2025-11-17,544,0,455
HU,🇭🇺 Hungary,2025-12-17,551,0,448
HU,🇭🇺 Hungary,2026-01-17,550,0,449
HU,🇭🇺 Hungary,2026-02-17,553,0,445
HU,🇭🇺 Hungary,2026-03-17,557,14,427
IS,🇮🇸 Iceland,2024-06-05,552,8,440
IS,🇮🇸 Iceland,2024-06-21,540,177,283
IS,🇮🇸 Iceland,2024-08-08,541,8,451
IS,🇮🇸 Iceland,2024-08-21,534,52,414
IS,🇮🇸 Iceland,2024-09-16,527,48,425
IS,🇮🇸 Iceland,2024-09-20,527,48,425
IS,🇮🇸 Iceland,2024-10-17,553,45,402
IS,🇮🇸 Iceland,2024-11-17,551,8,441
IS,🇮🇸 Iceland,2024-12-18,581,46,373
IS,🇮🇸 Iceland,2025-01-17,588,60,352
IS,🇮🇸 Iceland,2025-02-17,571,10,419
IS,🇮🇸 Iceland,2025-03-17,548,7,445
IS,🇮🇸 Iceland,2025-04-17,557,92,351
IS,🇮🇸 Iceland,2025-05-17,552,20,428
IS,🇮🇸 Iceland,2025-06-17,560,8,432
IS,🇮🇸 Iceland,2025-07-17,545,10,445
IS,🇮🇸 Iceland,2025-08-17,548,20,432
IS,🇮🇸 Iceland,2025-09-17,545,52,403
IS,🇮🇸 Iceland,2025-10-17,545,8,447
IS,🇮🇸 Iceland,2025-11-17,549,71,380
IS,🇮🇸 Iceland,2025-12-17,586,2,412
IS,🇮🇸 Iceland,2026-01-17,584,36,380
IS,🇮🇸 Iceland,2026-02-17,557,11,431
IS,🇮🇸 Iceland,2026-03-17,556,3,439
IN,🇮🇳 India,2024-06-05,812,0,186
IN,🇮🇳 India,2024-06-20,851,0,147
IN,🇮🇳 India,2024-08-08,858,0,141
IN,🇮🇳 India,2024-08-21,866,0,134
IN,🇮🇳 India,2024-09-16,863,0,137
IN,🇮🇳 India,2024-09-17,863,0,137
IN,🇮🇳 India,2024-10-17,859,0,140
IN,🇮🇳 India,2024-11-17,872,0,127
IN,🇮🇳 India,2024-12-18,793,0,206
IN,🇮🇳 India,2025-01-17,856,0,143
IN,🇮🇳 India,2025-02-17,795,0,204
IN,🇮🇳 India,2025-03-17,869,0,130
IN,🇮🇳 India,2025-04-17,788,0,211
IN,🇮🇳 India,2025-05-17,813,0,186
IN,🇮🇳 India,2025-06-17,801,0,198
IN,🇮🇳 India,2025-07-17,844,0,155
IN,🇮🇳 India,2025-08-17,841,0,159
IN,🇮🇳 India,2025-09-17,839,0,161
IN,🇮🇳 India,2025-10-17,829,0,171
IN,🇮🇳 India,2025-11-17,821,0,179
IN,🇮🇳 India,2025-12-17,824,0,176
IN,🇮🇳 India,2026-01-17,832,0,168
IN,🇮🇳 India,2026-02-17,848,0,146
IN,🇮🇳 India,2026-03-17,852,0,141
ID,🇮🇩 Indonesia,2024-06-04,410,349,240
ID,🇮🇩 Indonesia,2024-06-20,449,375,175
ID,🇮🇩 Indonesia,2024-08-08,361,364,275
ID,🇮🇩 Indonesia,2024-08-19,313,478,209
ID,🇮🇩 Indonesia,2024-09-16,223,529,248
ID,🇮🇩 Indonesia,2024-09-18,223,529,248
ID,🇮🇩 Indonesia,2024-10-17,384,358,257
ID,🇮🇩 Indonesia,2024-11-17,377,355,268
ID,🇮🇩 Indonesia,2024-12-18,369,395,236
ID,🇮🇩 Indonesia,2025-01-17,364,423,213
ID,🇮🇩 Indonesia,2025-02-17,350,423,227
ID,🇮🇩 Indonesia,2025-03-17,328,442,230
ID,🇮🇩 Indonesia,2025-04-17,212,525,263
ID,🇮🇩 Indonesia,2025-05-17,346,438,216
ID,🇮🇩 Indonesia,2025-06-17,347,435,218
ID,🇮🇩 Indonesia,2025-07-17,345,430,225
ID,🇮🇩 Indonesia,2025-08-17,203,564,234
ID,🇮🇩 Indonesia,2025-09-17,107,659,233
ID,🇮🇩 Indonesia,2025-10-17,213,553,234
ID,🇮🇩 Indonesia,2025-11-17,202,567,231
ID,🇮🇩 Indonesia,2025-12-17,232,522,246
ID,🇮🇩 Indonesia,2026-01-17,199,566,235
ID,🇮🇩 Indonesia,2026-02-17,214,550,194
ID,🇮🇩 Indonesia,2026-03-17,211,544,212
IR,🇮🇷 Iran,2024-05-30,633,0,366
IR,🇮🇷 Iran,2024-06-18,642,0,357
IR,🇮🇷 Iran,2024-08-10,612,0,387
IR,🇮🇷 Iran,2024-08-20,630,0,369
IR,🇮🇷 Iran,2024-09-16,639,0,359
IR,🇮🇷 Iran,2024-09-19,639,0,359
IR,🇮🇷 Iran,2024-10-17,626,0,373
IR,🇮🇷 Iran,2024-11-17,608,0,391
IR,🇮🇷 Iran,2024-12-18,634,0,365
IR,🇮🇷 Iran,2025-01-17,629,0,371
IR,🇮🇷 Iran,2025-02-17,639,0,360
IR,🇮🇷 Iran,2025-03-17,643,0,355
IR,🇮🇷 Iran,2025-04-17,635,0,365
IR,🇮🇷 Iran,2025-05-17,406,0,593
IR,🇮🇷 Iran,2025-06-17,250,0,749
IR,🇮🇷 Iran,2025-07-17,375,0,624
IR,🇮🇷 Iran,2025-08-17,320,0,678
IR,🇮🇷 Iran,2025-09-17,387,0,612
IR,🇮🇷 Iran,2025-10-17,303,0,696
IR,🇮🇷 Iran,2025-11-17,454,0,545
IR,🇮🇷 Iran,2025-12-17,340,0,659
IR,🇮🇷 Iran,2026-01-17,0,0,999
IR,🇮🇷 Iran,2026-02-17,369,2,175
IR,🇮🇷 Iran,2026-03-17,0,0,186
IQ,🇮🇶 Iraq,2024-06-04,624,1,370
IQ,🇮🇶 Iraq,2024-06-23,601,26,369
IQ,🇮🇶 Iraq,2024-07-25,608,2,386
IQ,🇮🇶 Iraq,2024-08-06,620,7,369
IQ,🇮🇶 Iraq,2024-08-16,599,59,338
IQ,🇮🇶 Iraq,2024-09-16,611,32,354
IQ,🇮🇶 Iraq,2024-09-19,611,32,354
IQ,🇮🇶 Iraq,2024-10-17,646,60,292
IQ,🇮🇶 Iraq,2024-11-17,563,67,368
IQ,🇮🇶 Iraq,2024-12-18,186,462,351
IQ,🇮🇶 Iraq,2025-01-17,260,31,708
IQ,🇮🇶 Iraq,2025-02-17,377,66,557
IQ,🇮🇶 Iraq,2025-03-17,488,33,479
IQ,🇮🇶 Iraq,2025-04-17,485,133,381
IQ,🇮🇶 Iraq,2025-05-17,428,34,538
IQ,🇮🇶 Iraq,2025-06-17,471,23,506
IQ,🇮🇶 Iraq,2025-07-17,508,22,470
IQ,🇮🇶 Iraq,2025-08-17,183,19,798
IQ,🇮🇶 Iraq,2025-09-17,302,173,525
IQ,🇮🇶 Iraq,2025-10-17,427,193,381
IQ,🇮🇶 Iraq,2025-11-17,194,367,438
IQ,🇮🇶 Iraq,2025-12-17,352,244,403
IQ,🇮🇶 Iraq,2026-01-17,415,23,561
IQ,🇮🇶 Iraq,2026-02-17,415,215,362
IQ,🇮🇶 Iraq,2026-03-17,433,220,337
IE,🇮🇪 Ireland,2024-05-31,332,222,445
IE,🇮🇪 Ireland,2024-06-20,600,77,323
IE,🇮🇪 Ireland,2024-07-25,558,117,325
IE,🇮🇪 Ireland,2024-08-06,521,232,247
IE,🇮🇪 Ireland,2024-08-21,488,259,253
IE,🇮🇪 Ireland,2024-09-16,464,244,292
IE,🇮🇪 Ireland,2024-09-17,464,244,292
IE,🇮🇪 Ireland,2024-10-17,552,128,320
IE,🇮🇪 Ireland,2024-11-17,497,153,349
IE,🇮🇪 Ireland,2024-12-18,532,203,265
IE,🇮🇪 Ireland,2025-01-17,556,135,309
IE,🇮🇪 Ireland,2025-02-17,529,152,319
IE,🇮🇪 Ireland,2025-03-17,324,401,275
IE,🇮🇪 Ireland,2025-04-17,424,307,269
IE,🇮🇪 Ireland,2025-05-17,550,237,213
IE,🇮🇪 Ireland,2025-06-17,401,309,290
IE,🇮🇪 Ireland,2025-07-17,532,247,220
IE,🇮🇪 Ireland,2025-08-17,531,192,277
IE,🇮🇪 Ireland,2025-09-17,521,222,257
IE,🇮🇪 Ireland,2025-10-17,547,234,219
IE,🇮🇪 Ireland,2025-11-17,544,166,291
IE,🇮🇪 Ireland,2025-12-17,621,154,226
IE,🇮🇪 Ireland,2026-01-17,574,145,281
IE,🇮🇪 Ireland,2026-02-17,523,228,240
IE,🇮🇪 Ireland,2026-03-17,519,141,336
IM,🇮🇲 Isle of Man,2024-06-07,193,356,451
IM,🇮🇲 Isle of Man,2024-06-18,176,556,268
IM,🇮🇲 Isle of Man,2024-08-09,199,354,447
IM,🇮🇲 Isle of Man,2024-08-20,207,357,435
IM,🇮🇲 Isle of Man,2024-09-16,197,390,413
IM,🇮🇲 Isle of Man,2024-09-19,197,390,413
IM,🇮🇲 Isle of Man,2024-10-17,199,350,451
IM,🇮🇲 Isle of Man,2024-11-17,191,553,256
IM,🇮🇲 Isle of Man,2024-12-18,191,359,450
IM,🇮🇲 Isle of Man,2025-01-17,194,518,288
IM,🇮🇲 Isle of Man,2025-02-17,186,354,459
IM,🇮🇲 Isle of Man,2025-03-17,184,550,266
IM,🇮🇲 Isle of Man,2025-04-17,179,360,461
IM,🇮🇲 Isle of Man,2025-05-17,181,356,463
IM,🇮🇲 Isle of Man,2025-06-17,171,389,440
IM,🇮🇲 Isle of Man,2025-07-17,167,379,454
IM,🇮🇲 Isle of Man,2025-08-17,171,388,441
IM,🇮🇲 Isle of Man,2025-09-17,162,395,443
IM,🇮🇲 Isle of Man,2025-10-17,162,375,463
IM,🇮🇲 Isle of Man,2025-11-17,160,431,409
IM,🇮🇲 Isle of Man,2025-12-17,162,442,396
IM,🇮🇲 Isle of Man,2026-01-17,159,459,382
IM,🇮🇲 Isle of Man,2026-02-17,163,444,384
IM,🇮🇲 Isle of Man,2026-03-17,162,389,443
IL,🇮🇱 Israel,2024-05-30,564,0,436
IL,🇮🇱 Israel,2024-06-20,583,0,417
IL,🇮🇱 Israel,2024-07-23,626,0,374
IL,🇮🇱 Israel,2024-07-24,587,0,413
IL,🇮🇱 Israel,2024-08-05,500,0,500
IL,🇮🇱 Israel,2024-08-21,503,0,497
IL,🇮🇱 Israel,2024-09-16,466,0,534
IL,🇮🇱 Israel,2024-09-18,466,0,534
IL,🇮🇱 Israel,2024-10-17,410,0,590
IL,🇮🇱 Israel,2024-11-17,414,0,586
IL,🇮🇱 Israel,2024-12-18,512,0,488
IL,🇮🇱 Israel,2025-01-17,504,0,496
IL,🇮🇱 Israel,2025-02-17,233,0,767
IL,🇮🇱 Israel,2025-03-17,298,0,702
IL,🇮🇱 Israel,2025-04-17,573,0,427
IL,🇮🇱 Israel,2025-05-17,377,0,623
IL,🇮🇱 Israel,2025-06-17,377,0,623
IL,🇮🇱 Israel,2025-07-17,536,0,463
IL,🇮🇱 Israel,2025-08-17,542,0,458
IL,🇮🇱 Israel,2025-09-17,551,0,449
IL,🇮🇱 Israel,2025-10-17,546,0,454
IL,🇮🇱 Israel,2025-11-17,669,0,331
IL,🇮🇱 Israel,2025-12-17,556,0,444
IL,🇮🇱 Israel,2026-01-17,638,0,362
IL,🇮🇱 Israel,2026-02-17,551,0,449
IL,🇮🇱 Israel,2026-03-17,639,0,361
IT,🇮🇹 Italy,2024-06-01,635,43,322
IT,🇮🇹 Italy,2024-06-18,791,0,209
IT,🇮🇹 Italy,2024-07-27,343,0,657
IT,🇮🇹 Italy,2024-08-07,656,14,330
IT,🇮🇹 Italy,2024-08-16,644,0,356
IT,🇮🇹 Italy,2024-09-16,644,14,342
IT,🇮🇹 Italy,2024-09-17,644,14,342
IT,🇮🇹 Italy,2024-10-17,667,0,333
IT,🇮🇹 Italy,2024-11-17,656,0,344
IT,🇮🇹 Italy,2024-12-18,655,0,345
IT,🇮🇹 Italy,2025-01-17,648,15,337
IT,🇮🇹 Italy,2025-02-17,676,3,322
IT,🇮🇹 Italy,2025-03-17,663,92,245
IT,🇮🇹 Italy,2025-04-17,716,16,267
IT,🇮🇹 Italy,2025-05-17,668,35,297
IT,🇮🇹 Italy,2025-06-17,642,0,358
IT,🇮🇹 Italy,2025-07-17,650,27,323
IT,🇮🇹 Italy,2025-08-17,654,0,346
IT,🇮🇹 Italy,2025-09-17,645,0,355
IT,🇮🇹 Italy,2025-10-17,657,0,343
IT,🇮🇹 Italy,2025-11-17,656,0,344
IT,🇮🇹 Italy,2025-12-17,670,0,330
IT,🇮🇹 Italy,2026-01-17,641,0,359
IT,🇮🇹 Italy,2026-02-17,673,0,324
IT,🇮🇹 Italy,2026-03-17,674,13,305
JM,🇯🇲 Jamaica,2024-06-01,132,0,864
JM,🇯🇲 Jamaica,2024-06-21,130,0,867
JM,🇯🇲 Jamaica,2024-08-09,135,2,860
JM,🇯🇲 Jamaica,2024-08-20,133,0,864
JM,🇯🇲 Jamaica,2024-09-16,136,2,860
JM,🇯🇲 Jamaica,2024-09-17,136,2,860
JM,🇯🇲 Jamaica,2024-10-17,248,2,748
JM,🇯🇲 Jamaica,2024-11-17,256,0,741
JM,🇯🇲 Jamaica,2024-12-18,129,0,870
JM,🇯🇲 Jamaica,2025-01-17,253,0,745
JM,🇯🇲 Jamaica,2025-02-17,288,4,706
JM,🇯🇲 Jamaica,2025-03-17,285,0,713
JM,🇯🇲 Jamaica,2025-04-17,284,0,714
JM,🇯🇲 Jamaica,2025-05-17,281,0,717
JM,🇯🇲 Jamaica,2025-06-17,284,0,714
JM,🇯🇲 Jamaica,2025-07-17,275,0,723
JM,🇯🇲 Jamaica,2025-08-17,280,0,718
JM,🇯🇲 Jamaica,2025-09-17,277,0,721
JM,🇯🇲 Jamaica,2025-10-17,268,0,731
JM,🇯🇲 Jamaica,2025-11-17,296,0,703
JM,🇯🇲 Jamaica,2025-12-17,322,0,677
JM,🇯🇲 Jamaica,2026-01-17,314,0,685
JM,🇯🇲 Jamaica,2026-02-17,304,0,687
JM,🇯🇲 Jamaica,2026-03-17,300,0,688
JP,🇯🇵 Japan,2024-06-03,910,0,88
JP,🇯🇵 Japan,2024-06-20,911,0,86
JP,🇯🇵 Japan,2024-08-09,916,0,81
JP,🇯🇵 Japan,2024-08-19,914,0,84
JP,🇯🇵 Japan,2024-09-16,912,0,86
JP,🇯🇵 Japan,2024-09-20,912,0,86
JP,🇯🇵 Japan,2024-10-17,915,0,83
JP,🇯🇵 Japan,2024-11-17,918,0,80
JP,🇯🇵 Japan,2024-12-18,916,0,83
JP,🇯🇵 Japan,2025-01-17,921,0,78
JP,🇯🇵 Japan,2025-02-17,914,0,85
JP,🇯🇵 Japan,2025-03-17,918,0,81
JP,🇯🇵 Japan,2025-04-17,923,0,77
JP,🇯🇵 Japan,2025-05-17,911,0,89
JP,🇯🇵 Japan,2025-06-17,906,0,94
JP,🇯🇵 Japan,2025-07-17,906,0,94
JP,🇯🇵 Japan,2025-08-17,910,0,90
JP,🇯🇵 Japan,2025-09-17,911,0,88
JP,🇯🇵 Japan,2025-10-17,909,0,91
JP,🇯🇵 Japan,2025-11-17,893,0,107
JP,🇯🇵 Japan,2025-12-17,910,0,90
JP,🇯🇵 Japan,2026-01-17,910,0,90
JP,🇯🇵 Japan,2026-02-17,905,0,93
JP,🇯🇵 Japan,2026-03-17,911,0,88
JE,🇯🇪 Jersey,2024-06-05,164,172,664
JE,🇯🇪 Jersey,2024-06-23,151,349,500
JE,🇯🇪 Jersey,2024-07-27,162,0,838
JE,🇯🇪 Jersey,2024-08-07,160,177,663
JE,🇯🇪 Jersey,2024-08-19,170,175,655
JE,🇯🇪 Jersey,2024-09-16,170,225,605
JE,🇯🇪 Jersey,2024-09-18,170,225,605
JE,🇯🇪 Jersey,2024-10-17,171,360,469
JE,🇯🇪 Jersey,2024-11-17,162,284,554
JE,🇯🇪 Jersey,2024-12-18,152,356,492
JE,🇯🇪 Jersey,2025-01-17,163,503,334
JE,🇯🇪 Jersey,2025-02-17,158,355,487
JE,🇯🇪 Jersey,2025-03-17,153,352,495
JE,🇯🇪 Jersey,2025-04-17,161,414,425
JE,🇯🇪 Jersey,2025-05-17,144,433,423
JE,🇯🇪 Jersey,2025-06-17,137,382,481
JE,🇯🇪 Jersey,2025-07-17,141,196,663
JE,🇯🇪 Jersey,2025-08-17,152,184,664
JE,🇯🇪 Jersey,2025-09-17,159,295,546
JE,🇯🇪 Jersey,2025-10-17,154,178,668
JE,🇯🇪 Jersey,2025-11-17,145,227,628
JE,🇯🇪 Jersey,2025-12-17,144,231,625
JE,🇯🇪 Jersey,2026-01-17,147,215,638
JE,🇯🇪 Jersey,2026-02-17,143,209,640
JE,🇯🇪 Jersey,2026-03-17,140,284,572
JO,🇯🇴 Jordan,2024-05-31,649,3,346
JO,🇯🇴 Jordan,2024-06-19,647,21,330
JO,🇯🇴 Jordan,2024-08-09,658,4,330
JO,🇯🇴 Jordan,2024-08-21,665,4,329
JO,🇯🇴 Jordan,2024-09-16,663,4,331
JO,🇯🇴 Jordan,2024-09-20,663,4,331
JO,🇯🇴 Jordan,2024-10-17,656,5,332
JO,🇯🇴 Jordan,2024-11-17,666,26,306
JO,🇯🇴 Jordan,2024-12-18,521,0,477
JO,🇯🇴 Jordan,2025-01-17,590,0,408
JO,🇯🇴 Jordan,2025-02-17,501,5,492
JO,🇯🇴 Jordan,2025-03-17,672,4,321
JO,🇯🇴 Jordan,2025-04-17,473,5,521
JO,🇯🇴 Jordan,2025-05-17,648,6,345
JO,🇯🇴 Jordan,2025-06-17,484,5,509
JO,🇯🇴 Jordan,2025-07-17,488,6,505
JO,🇯🇴 Jordan,2025-08-17,429,6,564
JO,🇯🇴 Jordan,2025-09-17,483,15,501
JO,🇯🇴 Jordan,2025-10-17,494,0,505
JO,🇯🇴 Jordan,2025-11-17,653,5,341
JO,🇯🇴 Jordan,2025-12-17,644,5,350
JO,🇯🇴 Jordan,2026-01-17,668,23,307
JO,🇯🇴 Jordan,2026-02-17,676,0,317
JO,🇯🇴 Jordan,2026-03-17,671,26,296
KZ,🇰🇿 Kazakhstan,2024-06-04,460,0,540
KZ,🇰🇿 Kazakhstan,2024-06-20,285,0,715
KZ,🇰🇿 Kazakhstan,2024-07-23,264,0,736
KZ,🇰🇿 Kazakhstan,2024-07-24,519,0,481
KZ,🇰🇿 Kazakhstan,2024-08-05,462,0,538
KZ,🇰🇿 Kazakhstan,2024-08-16,462,0,538
KZ,🇰🇿 Kazakhstan,2024-09-16,463,0,537
KZ,🇰🇿 Kazakhstan,2024-09-18,463,0,537
KZ,🇰🇿 Kazakhstan,2024-10-17,480,0,520
KZ,🇰🇿 Kazakhstan,2024-11-17,456,0,544
KZ,🇰🇿 Kazakhstan,2024-12-18,417,0,583
KZ,🇰🇿 Kazakhstan,2025-01-17,470,0,530
KZ,🇰🇿 Kazakhstan,2025-02-17,256,0,744
KZ,🇰🇿 Kazakhstan,2025-03-17,262,0,738
KZ,🇰🇿 Kazakhstan,2025-04-17,313,0,686
KZ,🇰🇿 Kazakhstan,2025-05-17,509,0,489
KZ,🇰🇿 Kazakhstan,2025-06-17,506,0,493
KZ,🇰🇿 Kazakhstan,2025-07-17,476,0,521
KZ,🇰🇿 Kazakhstan,2025-08-17,220,1,778
KZ,🇰🇿 Kazakhstan,2025-09-17,411,0,587
KZ,🇰🇿 Kazakhstan,2025-10-17,497,0,501
KZ,🇰🇿 Kazakhstan,2025-11-17,488,0,512
KZ,🇰🇿 Kazakhstan,2025-12-17,494,0,505
KZ,🇰🇿 Kazakhstan,2026-01-17,497,0,503
KZ,🇰🇿 Kazakhstan,2026-02-17,507,0,487
KZ,🇰🇿 Kazakhstan,2026-03-17,515,0,484
KE,🇰🇪 Kenya,2024-06-03,465,131,401
KE,🇰🇪 Kenya,2024-06-23,600,148,250
KE,🇰🇪 Kenya,2024-08-09,483,132,379
KE,🇰🇪 Kenya,2024-08-17,501,137,358
KE,🇰🇪 Kenya,2024-09-16,479,149,370
KE,🇰🇪 Kenya,2024-09-20,479,149,370
KE,🇰🇪 Kenya,2024-10-17,498,117,383
KE,🇰🇪 Kenya,2024-11-17,283,151,564
KE,🇰🇪 Kenya,2024-12-18,280,114,605
KE,🇰🇪 Kenya,2025-01-17,260,124,616
KE,🇰🇪 Kenya,2025-02-17,449,173,377
KE,🇰🇪 Kenya,2025-03-17,446,158,394
KE,🇰🇪 Kenya,2025-04-17,260,157,582
KE,🇰🇪 Kenya,2025-05-17,437,160,402
KE,🇰🇪 Kenya,2025-06-17,426,142,429
KE,🇰🇪 Kenya,2025-07-17,414,162,424
KE,🇰🇪 Kenya,2025-08-17,236,145,618
KE,🇰🇪 Kenya,2025-09-17,231,161,606
KE,🇰🇪 Kenya,2025-10-17,355,84,560
KE,🇰🇪 Kenya,2025-11-17,474,203,323
KE,🇰🇪 Kenya,2025-12-17,236,152,610
KE,🇰🇪 Kenya,2026-01-17,448,143,409
KE,🇰🇪 Kenya,2026-02-17,478,148,365
KE,🇰🇪 Kenya,2026-03-17,451,101,432
KI,🇰🇮 Kiribati,2024-06-03,1,0,306
KI,🇰🇮 Kiribati,2024-06-20,1,0,302
KI,🇰🇮 Kiribati,2024-07-28,1,0,304
KI,🇰🇮 Kiribati,2024-08-07,1,0,304
KI,🇰🇮 Kiribati,2024-08-20,1,0,366
KI,🇰🇮 Kiribati,2024-09-16,1,0,353
KI,🇰🇮 Kiribati,2024-09-18,1,0,353
KI,🇰🇮 Kiribati,2024-10-17,1,0,310
KI,🇰🇮 Kiribati,2024-11-17,1,0,282
KI,🇰🇮 Kiribati,2024-12-18,1,0,251
KI,🇰🇮 Kiribati,2025-01-17,1,0,255
KI,🇰🇮 Kiribati,2025-02-17,1,0,240
KI,🇰🇮 Kiribati,2025-03-17,1,0,242
KI,🇰🇮 Kiribati,2025-04-17,1,0,207
KI,🇰🇮 Kiribati,2025-05-17,0,0,462
KI,🇰🇮 Kiribati,2025-06-17,2,0,620
KI,🇰🇮 Kiribati,2025-07-17,2,0,599
KI,🇰🇮 Kiribati,2025-08-17,1,0,619
KI,🇰🇮 Kiribati,2025-09-17,2,0,645
KI,🇰🇮 Kiribati,2025-10-17,2,0,637
KI,🇰🇮 Kiribati,2025-11-17,2,0,673
KI,🇰🇮 Kiribati,2025-12-17,0,0,742
KI,🇰🇮 Kiribati,2026-01-17,0,0,725
KI,🇰🇮 Kiribati,2026-02-17,1,0,720
KI,🇰🇮 Kiribati,2026-03-17,2,0,776
KW,🇰🇼 Kuwait,2024-06-01,671,13,314
KW,🇰🇼 Kuwait,2024-06-20,659,109,230
KW,🇰🇼 Kuwait,2024-07-24,684,111,204
KW,🇰🇼 Kuwait,2024-08-06,683,15,301
KW,🇰🇼 Kuwait,2024-08-21,680,13,306
KW,🇰🇼 Kuwait,2024-09-16,512,13,474
KW,🇰🇼 Kuwait,2024-09-19,512,13,474
KW,🇰🇼 Kuwait,2024-10-17,689,14,295
KW,🇰🇼 Kuwait,2024-11-17,680,13,305
KW,🇰🇼 Kuwait,2024-12-18,409,9,579
KW,🇰🇼 Kuwait,2025-01-17,434,21,542
KW,🇰🇼 Kuwait,2025-02-17,685,40,274
KW,🇰🇼 Kuwait,2025-03-17,502,110,387
KW,🇰🇼 Kuwait,2025-04-17,437,19,542
KW,🇰🇼 Kuwait,2025-05-17,525,70,404
KW,🇰🇼 Kuwait,2025-06-17,521,11,467
KW,🇰🇼 Kuwait,2025-07-17,488,15,496
KW,🇰🇼 Kuwait,2025-08-17,498,36,466
KW,🇰🇼 Kuwait,2025-09-17,681,6,313
KW,🇰🇼 Kuwait,2025-10-17,473,37,490
KW,🇰🇼 Kuwait,2025-11-17,671,8,321
KW,🇰🇼 Kuwait,2025-12-17,465,47,488
KW,🇰🇼 Kuwait,2026-01-17,666,41,293
KW,🇰🇼 Kuwait,2026-02-17,490,70,425
KW,🇰🇼 Kuwait,2026-03-17,494,15,484
KG,🇰🇬 Kyrgyzstan,2024-06-07,167,0,833
KG,🇰🇬 Kyrgyzstan,2024-06-21,169,0,831
KG,🇰🇬 Kyrgyzstan,2024-07-25,157,0,843
KG,🇰🇬 Kyrgyzstan,2024-08-06,156,0,844
KG,🇰🇬 Kyrgyzstan,2024-08-21,142,0,858
KG,🇰🇬 Kyrgyzstan,2024-09-16,139,0,860
KG,🇰🇬 Kyrgyzstan,2024-09-18,139,0,860
KG,🇰🇬 Kyrgyzstan,2024-10-17,170,0,830
KG,🇰🇬 Kyrgyzstan,2024-11-17,171,148,681
KG,🇰🇬 Kyrgyzstan,2024-12-18,175,141,684
KG,🇰🇬 Kyrgyzstan,2025-01-17,165,139,695
KG,🇰🇬 Kyrgyzstan,2025-02-17,160,0,839
KG,🇰🇬 Kyrgyzstan,2025-03-17,153,169,677
KG,🇰🇬 Kyrgyzstan,2025-04-17,148,129,722
KG,🇰🇬 Kyrgyzstan,2025-05-17,149,42,809
KG,🇰🇬 Kyrgyzstan,2025-06-17,157,114,729
KG,🇰🇬 Kyrgyzstan,2025-07-17,172,103,725
KG,🇰🇬 Kyrgyzstan,2025-08-17,137,0,863
KG,🇰🇬 Kyrgyzstan,2025-09-17,263,0,737
KG,🇰🇬 Kyrgyzstan,2025-10-17,400,0,600
KG,🇰🇬 Kyrgyzstan,2025-11-17,402,0,597
KG,🇰🇬 Kyrgyzstan,2025-12-17,394,0,606
KG,🇰🇬 Kyrgyzstan,2026-01-17,437,0,563
KG,🇰🇬 Kyrgyzstan,2026-02-17,300,0,694
KG,🇰🇬 Kyrgyzstan,2026-03-17,312,0,686
LA,🇱🇦 Laos,2024-06-02,399,318,281
LA,🇱🇦 Laos,2024-06-20,394,350,255
LA,🇱🇦 Laos,2024-07-24,403,350,246
LA,🇱🇦 Laos,2024-08-05,403,328,268
LA,🇱🇦 Laos,2024-08-19,400,324,275
LA,🇱🇦 Laos,2024-09-16,412,320,266
LA,🇱🇦 Laos,2024-09-17,412,320,266
LA,🇱🇦 Laos,2024-10-17,410,308,280
LA,🇱🇦 Laos,2024-11-17,388,322,289
LA,🇱🇦 Laos,2024-12-18,398,329,271
LA,🇱🇦 Laos,2025-01-17,402,305,292
LA,🇱🇦 Laos,2025-02-17,350,386,263
LA,🇱🇦 Laos,2025-03-17,333,386,281
LA,🇱🇦 Laos,2025-04-17,57,414,529
LA,🇱🇦 Laos,2025-05-17,303,447,250
LA,🇱🇦 Laos,2025-06-17,590,164,246
LA,🇱🇦 Laos,2025-07-17,313,101,586
LA,🇱🇦 Laos,2025-08-17,596,101,303
LA,🇱🇦 Laos,2025-09-17,285,110,605
LA,🇱🇦 Laos,2025-10-17,292,93,615
LA,🇱🇦 Laos,2025-11-17,303,371,326
LA,🇱🇦 Laos,2025-12-17,312,383,305
LA,🇱🇦 Laos,2026-01-17,316,438,246
LA,🇱🇦 Laos,2026-02-17,310,409,272
LA,🇱🇦 Laos,2026-03-17,310,44,640
LV,🇱🇻 Latvia,2024-06-01,556,74,369
LV,🇱🇻 Latvia,2024-06-19,476,150,374
LV,🇱🇻 Latvia,2024-07-27,242,0,758
LV,🇱🇻 Latvia,2024-08-07,544,69,387
LV,🇱🇻 Latvia,2024-08-18,543,73,384
LV,🇱🇻 Latvia,2024-09-16,540,72,388
LV,🇱🇻 Latvia,2024-09-18,540,72,388
LV,🇱🇻 Latvia,2024-10-17,454,153,393
LV,🇱🇻 Latvia,2024-11-17,527,82,390
LV,🇱🇻 Latvia,2024-12-18,522,116,361
LV,🇱🇻 Latvia,2025-01-17,554,77,368
LV,🇱🇻 Latvia,2025-02-17,474,150,375
LV,🇱🇻 Latvia,2025-03-17,465,180,355
LV,🇱🇻 Latvia,2025-04-17,465,160,374
LV,🇱🇻 Latvia,2025-05-17,467,153,380
LV,🇱🇻 Latvia,2025-06-17,535,74,391
LV,🇱🇻 Latvia,2025-07-17,517,88,394
LV,🇱🇻 Latvia,2025-08-17,525,70,405
LV,🇱🇻 Latvia,2025-09-17,516,68,416
LV,🇱🇻 Latvia,2025-10-17,519,66,415
LV,🇱🇻 Latvia,2025-11-17,444,154,402
LV,🇱🇻 Latvia,2025-12-17,450,171,379
LV,🇱🇻 Latvia,2026-01-17,447,165,388
LV,🇱🇻 Latvia,2026-02-17,449,174,373
LV,🇱🇻 Latvia,2026-03-17,533,70,395
LB,🇱🇧 Lebanon,2024-05-30,231,8,759
LB,🇱🇧 Lebanon,2024-06-20,102,19,876
LB,🇱🇧 Lebanon,2024-07-26,83,0,915
LB,🇱🇧 Lebanon,2024-08-06,242,7,749
LB,🇱🇧 Lebanon,2024-08-20,137,0,861
LB,🇱🇧 Lebanon,2024-09-16,95,0,904
LB,🇱🇧 Lebanon,2024-09-17,95,0,904
LB,🇱🇧 Lebanon,2024-10-17,104,0,893
LB,🇱🇧 Lebanon,2024-11-17,301,0,696
LB,🇱🇧 Lebanon,2024-12-18,234,15,748
LB,🇱🇧 Lebanon,2025-01-17,280,0,717
LB,🇱🇧 Lebanon,2025-02-17,381,14,603
LB,🇱🇧 Lebanon,2025-03-17,377,17,605
LB,🇱🇧 Lebanon,2025-04-17,353,3,642
LB,🇱🇧 Lebanon,2025-05-17,344,16,639
LB,🇱🇧 Lebanon,2025-06-17,408,28,562
LB,🇱🇧 Lebanon,2025-07-17,81,0,917
LB,🇱🇧 Lebanon,2025-08-17,126,0,872
LB,🇱🇧 Lebanon,2025-09-17,392,21,585
LB,🇱🇧 Lebanon,2025-10-17,429,53,517
LB,🇱🇧 Lebanon,2025-12-17,377,0,622
LB,🇱🇧 Lebanon,2026-01-17,382,18,598
LB,🇱🇧 Lebanon,2026-02-17,427,3,563
LB,🇱🇧 Lebanon,2026-03-17,448,21,526
LS,🇱🇸 Lesotho,2024-05-31,98,448,451
LS,🇱🇸 Lesotho,2024-06-19,100,581,318
LS,🇱🇸 Lesotho,2024-08-09,106,464,429
LS,🇱🇸 Lesotho,2024-08-19,104,472,423
LS,🇱🇸 Lesotho,2024-09-16,103,450,446
LS,🇱🇸 Lesotho,2024-09-18,103,450,446
LS,🇱🇸 Lesotho,2024-10-17,107,428,461
LS,🇱🇸 Lesotho,2024-11-17,101,460,438
LS,🇱🇸 Lesotho,2024-12-18,104,517,378
LS,🇱🇸 Lesotho,2025-01-17,104,450,446
LS,🇱🇸 Lesotho,2025-02-17,104,225,671
LS,🇱🇸 Lesotho,2025-03-17,94,215,690
LS,🇱🇸 Lesotho,2025-04-17,95,524,379
LS,🇱🇸 Lesotho,2025-05-17,100,479,418
LS,🇱🇸 Lesotho,2025-06-17,85,468,444
LS,🇱🇸 Lesotho,2025-07-17,100,460,440
LS,🇱🇸 Lesotho,2025-08-17,89,505,406
LS,🇱🇸 Lesotho,2025-09-17,92,448,460
LS,🇱🇸 Lesotho,2025-10-17,99,579,321
LS,🇱🇸 Lesotho,2025-11-17,94,541,365
LS,🇱🇸 Lesotho,2025-12-17,89,480,430
LS,🇱🇸 Lesotho,2026-01-17,97,484,419
LS,🇱🇸 Lesotho,2026-02-17,85,582,327
LS,🇱🇸 Lesotho,2026-03-17,98,561,332
LR,🇱🇷 Liberia,2024-06-04,21,0,975
LR,🇱🇷 Liberia,2024-06-20,16,0,982
LR,🇱🇷 Liberia,2024-07-29,5,0,993
LR,🇱🇷 Liberia,2024-08-07,26,0,972
LR,🇱🇷 Liberia,2024-08-19,20,5,974
LR,🇱🇷 Liberia,2024-09-16,22,2,973
LR,🇱🇷 Liberia,2024-09-19,22,2,973
LR,🇱🇷 Liberia,2024-10-17,21,4,973
LR,🇱🇷 Liberia,2024-11-17,9,3,985
LR,🇱🇷 Liberia,2024-12-18,10,48,939
LR,🇱🇷 Liberia,2025-01-17,13,0,986
LR,🇱🇷 Liberia,2025-02-17,7,0,990
LR,🇱🇷 Liberia,2025-03-17,6,209,781
LR,🇱🇷 Liberia,2025-04-17,6,197,792
LR,🇱🇷 Liberia,2025-05-17,6,196,794
LR,🇱🇷 Liberia,2025-06-17,5,191,799
LR,🇱🇷 Liberia,2025-07-17,6,191,798
LR,🇱🇷 Liberia,2025-08-17,6,261,729
LR,🇱🇷 Liberia,2025-09-17,6,26,963
LR,🇱🇷 Liberia,2025-10-17,6,2,986
LR,🇱🇷 Liberia,2025-11-17,7,480,507
LR,🇱🇷 Liberia,2025-12-17,6,14,976
LR,🇱🇷 Liberia,2026-01-17,6,386,604
LR,🇱🇷 Liberia,2026-02-17,7,256,726
LR,🇱🇷 Liberia,2026-03-17,11,312,660
LY,🇱🇾 Libya,2024-05-31,28,0,966
LY,🇱🇾 Libya,2024-06-21,32,0,961
LY,🇱🇾 Libya,2024-08-09,33,0,961
LY,🇱🇾 Libya,2024-08-18,34,0,960
LY,🇱🇾 Libya,2024-09-16,29,0,965
LY,🇱🇾 Libya,2024-09-18,29,0,965
LY,🇱🇾 Libya,2024-10-17,37,0,957
LY,🇱🇾 Libya,2024-11-17,26,0,970
LY,🇱🇾 Libya,2024-12-18,28,0,968
LY,🇱🇾 Libya,2025-01-17,23,0,975
LY,🇱🇾 Libya,2025-02-17,26,0,970
LY,🇱🇾 Libya,2025-03-17,30,0,967
LY,🇱🇾 Libya,2025-04-17,25,0,973
LY,🇱🇾 Libya,2025-05-17,24,0,975
LY,🇱🇾 Libya,2025-06-17,24,0,974
LY,🇱🇾 Libya,2025-07-17,25,0,974
LY,🇱🇾 Libya,2025-08-17,31,0,967
LY,🇱🇾 Libya,2025-09-17,29,0,970
LY,🇱🇾 Libya,2025-10-17,32,0,966
LY,🇱🇾 Libya,2025-11-17,30,1,968
LY,🇱🇾 Libya,2025-12-17,28,0,970
LY,🇱🇾 Libya,2026-01-17,22,0,978
LY,🇱🇾 Libya,2026-02-17,25,0,963
LY,🇱🇾 Libya,2026-03-17,28,0,961
LI,🇱🇮 Liechtenstein,2024-06-01,25,72,903
LI,🇱🇮 Liechtenstein,2024-06-18,23,369,608
LI,🇱🇮 Liechtenstein,2024-08-08,23,372,605
LI,🇱🇮 Liechtenstein,2024-08-18,20,369,611
LI,🇱🇮 Liechtenstein,2024-09-16,20,343,637
LI,🇱🇮 Liechtenstein,2024-09-18,20,343,637
LI,🇱🇮 Liechtenstein,2024-10-17,20,250,730
LI,🇱🇮 Liechtenstein,2024-11-17,23,352,625
LI,🇱🇮 Liechtenstein,2024-12-18,21,362,617
LI,🇱🇮 Liechtenstein,2025-01-17,21,245,734
LI,🇱🇮 Liechtenstein,2025-02-17,24,350,626
LI,🇱🇮 Liechtenstein,2025-03-17,28,374,598
LI,🇱🇮 Liechtenstein,2025-04-17,22,388,590
LI,🇱🇮 Liechtenstein,2025-05-17,21,247,732
LI,🇱🇮 Liechtenstein,2025-06-17,24,394,582
LI,🇱🇮 Liechtenstein,2025-07-17,20,386,594
LI,🇱🇮 Liechtenstein,2025-08-17,14,379,607
LI,🇱🇮 Liechtenstein,2025-09-17,19,310,671
LI,🇱🇮 Liechtenstein,2025-10-17,19,347,634
LI,🇱🇮 Liechtenstein,2025-11-17,18,268,714
LI,🇱🇮 Liechtenstein,2025-12-17,19,271,710
LI,🇱🇮 Liechtenstein,2026-01-17,20,411,569
LI,🇱🇮 Liechtenstein,2026-02-17,22,419,548
LI,🇱🇮 Liechtenstein,2026-03-17,19,370,599
LT,🇱🇹 Lithuania,2024-05-31,721,13,266
LT,🇱🇹 Lithuania,2024-06-21,715,32,253
LT,🇱🇹 Lithuania,2024-08-08,719,6,275
LT,🇱🇹 Lithuania,2024-08-17,721,22,257
LT,🇱🇹 Lithuania,2024-09-16,726,8,266
LT,🇱🇹 Lithuania,2024-09-20,726,8,266
LT,🇱🇹 Lithuania,2024-10-17,724,38,238
LT,🇱🇹 Lithuania,2024-11-17,723,20,257
LT,🇱🇹 Lithuania,2024-12-18,419,322,259
LT,🇱🇹 Lithuania,2025-01-17,705,39,256
LT,🇱🇹 Lithuania,2025-02-17,704,9,287
LT,🇱🇹 Lithuania,2025-03-17,706,21,273
LT,🇱🇹 Lithuania,2025-04-17,709,36,255
LT,🇱🇹 Lithuania,2025-05-17,614,96,290
LT,🇱🇹 Lithuania,2025-06-17,375,134,492
LT,🇱🇹 Lithuania,2025-07-17,613,119,268
LT,🇱🇹 Lithuania,2025-08-17,613,132,255
LT,🇱🇹 Lithuania,2025-09-17,718,5,277
LT,🇱🇹 Lithuania,2025-10-17,711,4,285
LT,🇱🇹 Lithuania,2025-11-17,605,119,276
LT,🇱🇹 Lithuania,2025-12-17,605,129,266
LT,🇱🇹 Lithuania,2026-01-17,592,99,308
LT,🇱🇹 Lithuania,2026-02-17,695,6,298
LT,🇱🇹 Lithuania,2026-03-17,686,46,265
LU,🇱🇺 Luxembourg,2024-06-07,285,329,386
LU,🇱🇺 Luxembourg,2024-06-19,282,388,330
LU,🇱🇺 Luxembourg,2024-08-08,301,345,354
LU,🇱🇺 Luxembourg,2024-08-20,289,399,312
LU,🇱🇺 Luxembourg,2024-09-16,289,385,326
LU,🇱🇺 Luxembourg,2024-09-20,289,385,326
LU,🇱🇺 Luxembourg,2024-10-17,311,317,372
LU,🇱🇺 Luxembourg,2024-11-17,294,402,304
LU,🇱🇺 Luxembourg,2024-12-18,296,383,321
LU,🇱🇺 Luxembourg,2025-01-17,301,360,339
LU,🇱🇺 Luxembourg,2025-02-17,321,271,408
LU,🇱🇺 Luxembourg,2025-03-17,314,279,406
LU,🇱🇺 Luxembourg,2025-04-17,304,329,368
LU,🇱🇺 Luxembourg,2025-05-17,449,131,420
LU,🇱🇺 Luxembourg,2025-06-17,296,386,318
LU,🇱🇺 Luxembourg,2025-07-17,310,340,350
LU,🇱🇺 Luxembourg,2025-08-17,292,360,348
LU,🇱🇺 Luxembourg,2025-09-17,500,189,311
LU,🇱🇺 Luxembourg,2025-10-17,226,392,382
LU,🇱🇺 Luxembourg,2025-11-17,436,247,317
LU,🇱🇺 Luxembourg,2025-12-17,506,195,299
LU,🇱🇺 Luxembourg,2026-01-17,299,420,281
LU,🇱🇺 Luxembourg,2026-02-17,505,200,291
LU,🇱🇺 Luxembourg,2026-03-17,220,511,266
MO,🇲🇴 Macao,2024-06-05,536,22,437
MO,🇲🇴 Macao,2024-06-23,513,114,368
MO,🇲🇴 Macao,2024-07-24,547,83,365
MO,🇲🇴 Macao,2024-08-06,585,25,385
MO,🇲🇴 Macao,2024-08-20,565,24,407
MO,🇲🇴 Macao,2024-09-16,559,20,417
MO,🇲🇴 Macao,2024-09-20,559,20,417
MO,🇲🇴 Macao,2024-10-17,617,14,364
MO,🇲🇴 Macao,2024-11-17,522,91,383
MO,🇲🇴 Macao,2024-12-18,518,20,460
MO,🇲🇴 Macao,2025-01-17,524,93,381
MO,🇲🇴 Macao,2025-02-17,528,19,451
MO,🇲🇴 Macao,2025-03-17,517,34,447
MO,🇲🇴 Macao,2025-04-17,496,112,388
MO,🇲🇴 Macao,2025-05-17,517,33,448
MO,🇲🇴 Macao,2025-06-17,500,45,453
MO,🇲🇴 Macao,2025-07-17,506,40,452
MO,🇲🇴 Macao,2025-08-17,506,53,437
MO,🇲🇴 Macao,2025-09-17,501,55,442
MO,🇲🇴 Macao,2025-10-17,537,17,444
MO,🇲🇴 Macao,2025-11-17,507,58,433
MO,🇲🇴 Macao,2025-12-17,511,38,449
MO,🇲🇴 Macao,2026-01-17,534,19,445
MO,🇲🇴 Macao,2026-02-17,542,19,434
MO,🇲🇴 Macao,2026-03-17,541,18,435
MG,🇲🇬 Madagascar,2024-06-03,400,43,554
MG,🇲🇬 Madagascar,2024-06-06,418,151,427
MG,🇲🇬 Madagascar,2024-06-19,516,122,359
MG,🇲🇬 Madagascar,2024-08-08,399,234,363
MG,🇲🇬 Madagascar,2024-08-20,513,78,405
MG,🇲🇬 Madagascar,2024-09-16,407,188,402
MG,🇲🇬 Madagascar,2024-09-19,407,188,402
MG,🇲🇬 Madagascar,2024-10-17,401,167,429
MG,🇲🇬 Madagascar,2024-11-17,523,45,427
MG,🇲🇬 Madagascar,2024-12-18,123,516,357
MG,🇲🇬 Madagascar,2025-01-17,411,218,367
MG,🇲🇬 Madagascar,2025-02-17,499,85,413
MG,🇲🇬 Madagascar,2025-03-17,572,23,401
MG,🇲🇬 Madagascar,2025-04-17,498,29,471
MG,🇲🇬 Madagascar,2025-05-17,111,462,425
MG,🇲🇬 Madagascar,2025-06-17,357,210,430
MG,🇲🇬 Madagascar,2025-07-17,364,206,427
MG,🇲🇬 Madagascar,2025-08-17,119,442,437
MG,🇲🇬 Madagascar,2025-09-17,459,183,357
MG,🇲🇬 Madagascar,2025-10-17,471,93,436
MG,🇲🇬 Madagascar,2025-11-17,106,23,871
MG,🇲🇬 Madagascar,2025-12-17,364,250,385
MG,🇲🇬 Madagascar,2026-01-17,110,569,321
MG,🇲🇬 Madagascar,2026-02-17,325,300,364
MG,🇲🇬 Madagascar,2026-03-17,324,324,336
MW,🇲🇼 Malawi,2024-06-03,134,444,419
MW,🇲🇼 Malawi,2024-06-19,133,571,295
MW,🇲🇼 Malawi,2024-07-27,126,0,873
MW,🇲🇼 Malawi,2024-08-07,146,482,371
MW,🇲🇼 Malawi,2024-08-19,130,486,383
MW,🇲🇼 Malawi,2024-09-16,131,492,375
MW,🇲🇼 Malawi,2024-09-18,131,492,375
MW,🇲🇼 Malawi,2024-10-17,133,495,371
MW,🇲🇼 Malawi,2024-11-17,134,492,372
MW,🇲🇼 Malawi,2024-12-18,121,502,376
MW,🇲🇼 Malawi,2025-01-17,121,507,370
MW,🇲🇼 Malawi,2025-02-17,122,476,401
MW,🇲🇼 Malawi,2025-03-17,119,437,443
MW,🇲🇼 Malawi,2025-04-17,114,436,447
MW,🇲🇼 Malawi,2025-05-17,121,432,444
MW,🇲🇼 Malawi,2025-06-17,121,400,474
MW,🇲🇼 Malawi,2025-07-17,127,434,438
MW,🇲🇼 Malawi,2025-08-17,120,557,323
MW,🇲🇼 Malawi,2025-09-17,118,487,394
MW,🇲🇼 Malawi,2025-10-17,120,541,338
MW,🇲🇼 Malawi,2025-11-17,116,560,323
MW,🇲🇼 Malawi,2025-12-17,113,462,424
MW,🇲🇼 Malawi,2026-01-17,116,493,391
MW,🇲🇼 Malawi,2026-02-17,124,518,352
MW,🇲🇼 Malawi,2026-03-17,69,0,913
MY,🇲🇾 Malaysia,2024-06-01,355,386,259
MY,🇲🇾 Malaysia,2024-06-19,763,35,202
MY,🇲🇾 Malaysia,2024-07-23,766,30,204
MY,🇲🇾 Malaysia,2024-07-24,458,321,221
MY,🇲🇾 Malaysia,2024-08-05,204,551,245
MY,🇲🇾 Malaysia,2024-08-19,388,394,218
MY,🇲🇾 Malaysia,2024-09-16,372,384,244
MY,🇲🇾 Malaysia,2024-09-19,372,384,244
MY,🇲🇾 Malaysia,2024-10-17,456,328,216
MY,🇲🇾 Malaysia,2024-11-17,736,54,210
MY,🇲🇾 Malaysia,2024-12-18,708,81,211
MY,🇲🇾 Malaysia,2025-01-17,737,51,212
MY,🇲🇾 Malaysia,2025-02-17,622,153,225
MY,🇲🇾 Malaysia,2025-03-17,700,75,225
MY,🇲🇾 Malaysia,2025-04-17,707,70,223
MY,🇲🇾 Malaysia,2025-05-17,692,78,230
MY,🇲🇾 Malaysia,2025-06-17,696,79,225
MY,🇲🇾 Malaysia,2025-07-17,609,166,225
MY,🇲🇾 Malaysia,2025-08-17,668,105,227
MY,🇲🇾 Malaysia,2025-09-17,558,151,291
MY,🇲🇾 Malaysia,2025-10-17,675,91,234
MY,🇲🇾 Malaysia,2025-11-17,678,84,238
MY,🇲🇾 Malaysia,2025-12-17,668,101,231
MY,🇲🇾 Malaysia,2026-01-17,675,86,239
MY,🇲🇾 Malaysia,2026-02-17,686,104,204
MY,🇲🇾 Malaysia,2026-03-17,685,101,205
MV,🇲🇻 Maldives,2024-05-31,649,9,340
MV,🇲🇻 Maldives,2024-06-19,626,1,371
MV,🇲🇻 Maldives,2024-07-23,641,96,261
MV,🇲🇻 Maldives,2024-07-24,640,71,287
MV,🇲🇻 Maldives,2024-08-05,318,376,304
MV,🇲🇻 Maldives,2024-08-21,655,25,318
MV,🇲🇻 Maldives,2024-09-16,647,18,332
MV,🇲🇻 Maldives,2024-09-19,647,18,332
MV,🇲🇻 Maldives,2024-10-17,646,16,335
MV,🇲🇻 Maldives,2024-11-17,649,14,335
MV,🇲🇻 Maldives,2024-12-18,655,41,303
MV,🇲🇻 Maldives,2025-01-17,654,100,244
MV,🇲🇻 Maldives,2025-02-17,639,41,319
MV,🇲🇻 Maldives,2025-03-17,616,95,288
MV,🇲🇻 Maldives,2025-04-17,655,15,329
MV,🇲🇻 Maldives,2025-05-17,645,16,338
MV,🇲🇻 Maldives,2025-06-17,640,14,345
MV,🇲🇻 Maldives,2025-07-17,641,12,347
MV,🇲🇻 Maldives,2025-08-17,644,19,337
MV,🇲🇻 Maldives,2025-09-17,640,41,319
MV,🇲🇻 Maldives,2025-10-17,644,67,289
MV,🇲🇻 Maldives,2025-11-17,619,56,325
MV,🇲🇻 Maldives,2025-12-17,631,11,358
MV,🇲🇻 Maldives,2026-01-17,420,0,580
MV,🇲🇻 Maldives,2026-02-17,635,11,343
MV,🇲🇻 Maldives,2026-03-17,647,12,328
ML,🇲🇱 Mali,2024-06-03,17,152,814
ML,🇲🇱 Mali,2024-06-18,15,0,968
ML,🇲🇱 Mali,2024-07-28,5,0,975
ML,🇲🇱 Mali,2024-08-07,15,290,675
ML,🇲🇱 Mali,2024-08-21,16,328,633
ML,🇲🇱 Mali,2024-09-16,17,0,963
ML,🇲🇱 Mali,2024-09-20,17,0,963
ML,🇲🇱 Mali,2024-10-17,13,152,814
ML,🇲🇱 Mali,2024-11-17,8,285,686
ML,🇲🇱 Mali,2024-12-18,13,282,686
ML,🇲🇱 Mali,2025-01-17,10,0,970
ML,🇲🇱 Mali,2025-02-17,11,0,970
ML,🇲🇱 Mali,2025-03-17,12,0,968
ML,🇲🇱 Mali,2025-04-17,11,120,852
ML,🇲🇱 Mali,2025-05-17,14,108,861
ML,🇲🇱 Mali,2025-06-17,12,167,806
ML,🇲🇱 Mali,2025-07-17,11,139,832
ML,🇲🇱 Mali,2025-08-17,15,173,793
ML,🇲🇱 Mali,2025-09-17,15,0,968
ML,🇲🇱 Mali,2025-10-17,14,27,943
ML,🇲🇱 Mali,2025-11-17,14,103,864
ML,🇲🇱 Mali,2025-12-17,14,0,969
ML,🇲🇱 Mali,2026-01-17,14,0,971
ML,🇲🇱 Mali,2026-02-17,14,0,962
ML,🇲🇱 Mali,2026-03-17,13,0,956
MT,🇲🇹 Malta,2024-06-02,128,410,462
MT,🇲🇹 Malta,2024-06-23,116,585,299
MT,🇲🇹 Malta,2024-08-09,121,254,625
MT,🇲🇹 Malta,2024-08-21,119,275,606
MT,🇲🇹 Malta,2024-09-16,113,257,630
MT,🇲🇹 Malta,2024-09-18,113,257,630
MT,🇲🇹 Malta,2024-10-17,132,416,452
MT,🇲🇹 Malta,2024-11-17,123,420,457
MT,🇲🇹 Malta,2024-12-18,126,502,372
MT,🇲🇹 Malta,2025-01-17,129,267,604
MT,🇲🇹 Malta,2025-02-17,123,482,395
MT,🇲🇹 Malta,2025-03-17,120,255,625
MT,🇲🇹 Malta,2025-04-17,113,329,558
MT,🇲🇹 Malta,2025-05-17,117,484,399
MT,🇲🇹 Malta,2025-06-17,111,327,562
MT,🇲🇹 Malta,2025-07-17,109,269,622
MT,🇲🇹 Malta,2025-08-17,107,271,622
MT,🇲🇹 Malta,2025-09-17,108,278,614
MT,🇲🇹 Malta,2025-10-17,116,442,442
MT,🇲🇹 Malta,2025-11-17,111,464,425
MT,🇲🇹 Malta,2025-12-17,103,229,668
MT,🇲🇹 Malta,2026-01-17,103,242,655
MT,🇲🇹 Malta,2026-02-17,104,240,652
MT,🇲🇹 Malta,2026-03-17,107,233,655
MH,🇲🇭 Marshall Islands,2024-06-07,2,0,254
MH,🇲🇭 Marshall Islands,2024-06-18,2,0,255
MH,🇲🇭 Marshall Islands,2024-08-10,2,0,235
MH,🇲🇭 Marshall Islands,2024-08-20,2,0,247
MH,🇲🇭 Marshall Islands,2024-09-16,2,0,257
MH,🇲🇭 Marshall Islands,2024-09-18,2,0,257
MH,🇲🇭 Marshall Islands,2024-10-17,2,0,255
MH,🇲🇭 Marshall Islands,2024-11-17,2,0,237
MH,🇲🇭 Marshall Islands,2024-12-18,2,0,243
MH,🇲🇭 Marshall Islands,2025-01-17,2,0,212
MH,🇲🇭 Marshall Islands,2025-02-17,2,0,226
MH,🇲🇭 Marshall Islands,2025-03-17,2,0,225
MH,🇲🇭 Marshall Islands,2025-04-17,2,0,195
MH,🇲🇭 Marshall Islands,2025-05-17,1,0,194
MH,🇲🇭 Marshall Islands,2025-06-17,2,0,198
MH,🇲🇭 Marshall Islands,2025-07-17,1,0,258
MH,🇲🇭 Marshall Islands,2025-08-17,1,0,274
MH,🇲🇭 Marshall Islands,2025-09-17,1,0,287
MH,🇲🇭 Marshall Islands,2025-10-17,2,0,280
MH,🇲🇭 Marshall Islands,2025-11-17,1,0,285
MH,🇲🇭 Marshall Islands,2025-12-17,0,0,308
MH,🇲🇭 Marshall Islands,2026-01-17,1,0,288
MH,🇲🇭 Marshall Islands,2026-02-17,1,0,341
MH,🇲🇭 Marshall Islands,2026-03-17,2,0,345
MQ,🇲🇶 Martinique,2024-06-05,123,0,877
MQ,🇲🇶 Martinique,2024-06-20,118,1,881
MQ,🇲🇶 Martinique,2024-07-23,131,0,869
MQ,🇲🇶 Martinique,2024-07-24,129,0,871
MQ,🇲🇶 Martinique,2024-08-05,131,0,869
MQ,🇲🇶 Martinique,2024-08-21,134,0,866
MQ,🇲🇶 Martinique,2024-09-16,133,0,867
MQ,🇲🇶 Martinique,2024-09-17,133,0,867
MQ,🇲🇶 Martinique,2024-10-17,123,0,877
MQ,🇲🇶 Martinique,2024-11-17,125,0,875
MQ,🇲🇶 Martinique,2024-12-18,132,0,868
MQ,🇲🇶 Martinique,2025-01-17,130,0,870
MQ,🇲🇶 Martinique,2025-02-17,134,0,866
MQ,🇲🇶 Martinique,2025-03-17,131,0,869
MQ,🇲🇶 Martinique,2025-04-17,134,0,866
MQ,🇲🇶 Martinique,2025-05-17,127,0,873
MQ,🇲🇶 Martinique,2025-06-17,129,0,871
MQ,🇲🇶 Martinique,2025-07-17,128,0,872
MQ,🇲🇶 Martinique,2025-08-17,122,0,878
MQ,🇲🇶 Martinique,2025-09-17,123,0,877
MQ,🇲🇶 Martinique,2025-10-17,116,0,884
MQ,🇲🇶 Martinique,2025-11-17,113,0,887
MQ,🇲🇶 Martinique,2025-12-17,127,0,873
MQ,🇲🇶 Martinique,2026-01-17,127,0,873
MQ,🇲🇶 Martinique,2026-02-17,119,0,877
MQ,🇲🇶 Martinique,2026-03-17,128,0,869
MR,🇲🇷 Mauritania,2024-05-31,21,0,972
MR,🇲🇷 Mauritania,2024-06-20,18,0,971
MR,🇲🇷 Mauritania,2024-08-09,24,0,968
MR,🇲🇷 Mauritania,2024-08-18,23,0,973
MR,🇲🇷 Mauritania,2024-09-16,32,0,964
MR,🇲🇷 Mauritania,2024-10-17,19,0,978
MR,🇲🇷 Mauritania,2024-11-17,28,0,970
MR,🇲🇷 Mauritania,2024-12-18,19,42,937
MR,🇲🇷 Mauritania,2025-01-17,19,41,937
MR,🇲🇷 Mauritania,2025-02-17,23,0,976
MR,🇲🇷 Mauritania,2025-03-17,22,0,977
MR,🇲🇷 Mauritania,2025-04-17,19,0,979
MR,🇲🇷 Mauritania,2025-05-17,22,0,975
MR,🇲🇷 Mauritania,2025-06-17,22,0,976
MR,🇲🇷 Mauritania,2025-07-17,23,0,976
MR,🇲🇷 Mauritania,2025-08-17,22,0,978
MR,🇲🇷 Mauritania,2025-09-17,21,0,979
MR,🇲🇷 Mauritania,2025-10-17,21,0,977
MR,🇲🇷 Mauritania,2025-11-17,22,0,976
MR,🇲🇷 Mauritania,2025-12-17,21,0,977
MR,🇲🇷 Mauritania,2026-01-17,23,0,974
MR,🇲🇷 Mauritania,2026-02-17,27,62,898
MR,🇲🇷 Mauritania,2026-03-17,27,0,958
MU,🇲🇺 Mauritius,2024-06-01,591,33,373
MU,🇲🇺 Mauritius,2024-06-23,588,122,287
MU,🇲🇺 Mauritius,2024-07-26,159,0,838
MU,🇲🇺 Mauritius,2024-08-06,583,32,382
MU,🇲🇺 Mauritius,2024-08-20,596,29,372
MU,🇲🇺 Mauritius,2024-09-16,576,34,387
MU,🇲🇺 Mauritius,2024-09-20,576,34,387
MU,🇲🇺 Mauritius,2024-10-17,576,35,386
MU,🇲🇺 Mauritius,2024-11-17,597,32,368
MU,🇲🇺 Mauritius,2024-12-18,595,29,373
MU,🇲🇺 Mauritius,2025-01-17,509,121,367
MU,🇲🇺 Mauritius,2025-02-17,592,29,376
MU,🇲🇺 Mauritius,2025-03-17,591,29,378
MU,🇲🇺 Mauritius,2025-04-17,589,121,288
MU,🇲🇺 Mauritius,2025-05-17,608,41,348
MU,🇲🇺 Mauritius,2025-06-17,587,30,381
MU,🇲🇺 Mauritius,2025-07-17,607,13,378
MU,🇲🇺 Mauritius,2025-08-17,272,373,352
MU,🇲🇺 Mauritius,2025-09-17,601,47,350
MU,🇲🇺 Mauritius,2025-10-17,591,10,398
MU,🇲🇺 Mauritius,2025-12-17,486,141,372
MU,🇲🇺 Mauritius,2026-01-17,601,17,380
MU,🇲🇺 Mauritius,2026-02-17,608,115,270
MU,🇲🇺 Mauritius,2026-03-17,606,51,337
YT,🇾🇹 Mayotte,2024-06-03,0,308,692
YT,🇾🇹 Mayotte,2024-06-19,0,442,558
YT,🇾🇹 Mayotte,2024-07-29,0,0,1000
YT,🇾🇹 Mayotte,2024-08-07,0,334,666
YT,🇾🇹 Mayotte,2024-08-21,0,341,659
YT,🇾🇹 Mayotte,2024-09-16,0,313,687
YT,🇾🇹 Mayotte,2024-09-19,0,313,687
YT,🇾🇹 Mayotte,2024-10-17,1,286,713
YT,🇾🇹 Mayotte,2024-11-17,0,397,603
YT,🇾🇹 Mayotte,2024-12-18,0,354,646
YT,🇾🇹 Mayotte,2025-01-17,0,312,688
YT,🇾🇹 Mayotte,2025-02-17,0,292,708
YT,🇾🇹 Mayotte,2025-03-17,0,293,707
YT,🇾🇹 Mayotte,2025-04-17,0,351,649
YT,🇾🇹 Mayotte,2025-05-17,1,291,708
YT,🇾🇹 Mayotte,2025-06-17,0,284,716
YT,🇾🇹 Mayotte,2025-07-17,0,318,682
YT,🇾🇹 Mayotte,2025-08-17,0,331,669
YT,🇾🇹 Mayotte,2025-09-17,0,318,682
YT,🇾🇹 Mayotte,2025-10-17,0,333,667
YT,🇾🇹 Mayotte,2025-11-17,0,335,665
YT,🇾🇹 Mayotte,2025-12-17,1,350,649
YT,🇾🇹 Mayotte,2026-01-17,0,415,585
YT,🇾🇹 Mayotte,2026-02-17,0,345,447
YT,🇾🇹 Mayotte,2026-03-17,1,354,612
MX,🇲🇽 Mexico,2024-05-31,298,0,698
MX,🇲🇽 Mexico,2024-06-19,543,0,453
MX,🇲🇽 Mexico,2024-08-10,366,0,630
MX,🇲🇽 Mexico,2024-08-20,504,0,492
MX,🇲🇽 Mexico,2024-09-16,289,91,616
MX,🇲🇽 Mexico,2024-09-19,289,91,616
MX,🇲🇽 Mexico,2024-10-17,370,0,626
MX,🇲🇽 Mexico,2024-11-17,306,0,691
MX,🇲🇽 Mexico,2024-12-18,265,0,732
MX,🇲🇽 Mexico,2025-01-17,301,0,696
MX,🇲🇽 Mexico,2025-02-17,356,0,642
MX,🇲🇽 Mexico,2025-03-17,460,8,532
MX,🇲🇽 Mexico,2025-04-17,614,0,384
MX,🇲🇽 Mexico,2025-05-17,612,0,387
MX,🇲🇽 Mexico,2025-06-17,349,0,650
MX,🇲🇽 Mexico,2025-07-17,543,0,456
MX,🇲🇽 Mexico,2025-08-17,485,1,512
MX,🇲🇽 Mexico,2025-09-17,419,0,579
MX,🇲🇽 Mexico,2025-10-17,635,0,364
MX,🇲🇽 Mexico,2025-11-17,294,1,704
MX,🇲🇽 Mexico,2025-12-17,563,0,437
MX,🇲🇽 Mexico,2026-01-17,474,2,523
MX,🇲🇽 Mexico,2026-02-17,479,0,514
MX,🇲🇽 Mexico,2026-03-17,557,0,440
FM,🇫🇲 Micronesia,2024-06-02,9,199,370
FM,🇫🇲 Micronesia,2024-06-20,9,0,533
FM,🇫🇲 Micronesia,2024-07-27,6,0,532
FM,🇫🇲 Micronesia,2024-08-07,8,186,344
FM,🇫🇲 Micronesia,2024-08-21,9,202,353
FM,🇫🇲 Micronesia,2024-09-16,13,184,351
FM,🇫🇲 Micronesia,2024-09-19,13,184,351
FM,🇫🇲 Micronesia,2024-10-17,14,186,379
FM,🇫🇲 Micronesia,2024-11-17,9,187,355
FM,🇫🇲 Micronesia,2024-12-18,8,202,338
FM,🇫🇲 Micronesia,2025-01-17,6,0,512
FM,🇫🇲 Micronesia,2025-02-17,9,0,567
FM,🇫🇲 Micronesia,2025-03-17,10,130,420
FM,🇫🇲 Micronesia,2025-04-17,9,93,444
FM,🇫🇲 Micronesia,2025-05-17,7,142,371
FM,🇫🇲 Micronesia,2025-06-17,7,113,377
FM,🇫🇲 Micronesia,2025-07-17,8,94,371
FM,🇫🇲 Micronesia,2025-08-17,7,114,366
FM,🇫🇲 Micronesia,2025-09-17,8,142,354
FM,🇫🇲 Micronesia,2025-10-17,7,155,343
FM,🇫🇲 Micronesia,2025-11-17,7,1,484
FM,🇫🇲 Micronesia,2025-12-17,0,0,492
FM,🇫🇲 Micronesia,2026-01-17,7,0,442
FM,🇫🇲 Micronesia,2026-02-17,7,0,523
FM,🇫🇲 Micronesia,2026-03-17,7,0,554
MD,🇲🇩 Moldova,2024-05-31,174,157,669
MD,🇲🇩 Moldova,2024-06-19,177,204,619
MD,🇲🇩 Moldova,2024-07-25,170,224,606
MD,🇲🇩 Moldova,2024-08-06,169,205,626
MD,🇲🇩 Moldova,2024-08-21,172,221,606
MD,🇲🇩 Moldova,2024-09-16,176,217,607
MD,🇲🇩 Moldova,2024-09-18,176,217,607
MD,🇲🇩 Moldova,2024-10-17,174,223,603
MD,🇲🇩 Moldova,2024-11-17,182,180,638
MD,🇲🇩 Moldova,2024-12-18,184,164,652
MD,🇲🇩 Moldova,2025-01-17,185,204,611
MD,🇲🇩 Moldova,2025-02-17,172,224,604
MD,🇲🇩 Moldova,2025-03-17,182,215,603
MD,🇲🇩 Moldova,2025-04-17,179,227,594
MD,🇲🇩 Moldova,2025-05-17,179,171,650
MD,🇲🇩 Moldova,2025-06-17,179,223,598
MD,🇲🇩 Moldova,2025-07-17,164,181,654
MD,🇲🇩 Moldova,2025-08-17,165,164,671
MD,🇲🇩 Moldova,2025-09-17,175,185,640
MD,🇲🇩 Moldova,2025-10-17,174,218,608
MD,🇲🇩 Moldova,2025-11-17,178,189,633
MD,🇲🇩 Moldova,2025-12-17,186,216,598
MD,🇲🇩 Moldova,2026-01-17,186,236,578
MD,🇲🇩 Moldova,2026-02-17,176,198,622
MD,🇲🇩 Moldova,2026-03-17,187,215,597
MC,🇲🇨 Monaco,2024-05-31,220,180,600
MC,🇲🇨 Monaco,2024-06-20,207,0,793
MC,🇲🇨 Monaco,2024-08-08,225,432,343
MC,🇲🇨 Monaco,2024-08-18,225,369,406
MC,🇲🇨 Monaco,2024-09-16,225,277,498
MC,🇲🇨 Monaco,2024-09-18,225,277,498
MC,🇲🇨 Monaco,2024-10-17,224,441,335
MC,🇲🇨 Monaco,2024-11-17,215,290,495
MC,🇲🇨 Monaco,2024-12-18,229,443,328
MC,🇲🇨 Monaco,2025-01-17,227,446,327
MC,🇲🇨 Monaco,2025-02-17,238,292,470
MC,🇲🇨 Monaco,2025-03-17,231,439,330
MC,🇲🇨 Monaco,2025-04-17,234,452,314
MC,🇲🇨 Monaco,2025-05-17,235,431,334
MC,🇲🇨 Monaco,2025-06-17,223,465,312
MC,🇲🇨 Monaco,2025-07-17,240,449,311
MC,🇲🇨 Monaco,2025-08-17,232,458,310
MC,🇲🇨 Monaco,2025-09-17,223,474,303
MC,🇲🇨 Monaco,2025-10-17,237,455,308
MC,🇲🇨 Monaco,2025-11-17,225,321,454
MC,🇲🇨 Monaco,2025-12-17,236,487,277
MC,🇲🇨 Monaco,2026-01-17,224,463,302
MC,🇲🇨 Monaco,2026-02-17,232,344,422
MC,🇲🇨 Monaco,2026-03-17,239,462,299
MN,🇲🇳 Mongolia,2024-06-01,653,49,295
MN,🇲🇳 Mongolia,2024-06-20,652,75,271
MN,🇲🇳 Mongolia,2024-08-09,653,26,320
MN,🇲🇳 Mongolia,2024-08-16,656,59,285
MN,🇲🇳 Mongolia,2024-09-16,656,15,328
MN,🇲🇳 Mongolia,2024-09-17,656,15,328
MN,🇲🇳 Mongolia,2024-10-17,653,15,331
MN,🇲🇳 Mongolia,2024-11-17,652,3,343
MN,🇲🇳 Mongolia,2024-12-18,657,75,267
MN,🇲🇳 Mongolia,2025-01-17,667,43,287
MN,🇲🇳 Mongolia,2025-02-17,667,84,247
MN,🇲🇳 Mongolia,2025-03-17,674,25,299
MN,🇲🇳 Mongolia,2025-04-17,656,33,308
MN,🇲🇳 Mongolia,2025-05-17,649,24,325
MN,🇲🇳 Mongolia,2025-06-17,650,27,321
MN,🇲🇳 Mongolia,2025-07-17,672,5,323
MN,🇲🇳 Mongolia,2025-08-17,646,74,280
MN,🇲🇳 Mongolia,2025-09-17,662,81,257
MN,🇲🇳 Mongolia,2025-10-17,649,46,305
MN,🇲🇳 Mongolia,2025-11-17,637,84,279
MN,🇲🇳 Mongolia,2025-12-17,631,32,337
MN,🇲🇳 Mongolia,2026-01-17,651,24,325
MN,🇲🇳 Mongolia,2026-02-17,664,27,302
MN,🇲🇳 Mongolia,2026-03-17,671,63,262
ME,🇲🇪 Montenegro,2024-05-31,48,1,950
ME,🇲🇪 Montenegro,2024-06-22,41,11,947
ME,🇲🇪 Montenegro,2024-08-09,39,368,592
ME,🇲🇪 Montenegro,2024-08-16,27,1,971
ME,🇲🇪 Montenegro,2024-09-16,26,39,934
ME,🇲🇪 Montenegro,2024-09-17,26,39,934
ME,🇲🇪 Montenegro,2024-10-17,36,62,901
ME,🇲🇪 Montenegro,2024-11-17,38,373,588
ME,🇲🇪 Montenegro,2024-12-18,37,367,596
ME,🇲🇪 Montenegro,2025-01-17,36,386,578
ME,🇲🇪 Montenegro,2025-02-17,32,179,789
ME,🇲🇪 Montenegro,2025-03-17,40,48,912
ME,🇲🇪 Montenegro,2025-04-17,41,401,558
ME,🇲🇪 Montenegro,2025-05-17,37,112,851
ME,🇲🇪 Montenegro,2025-06-17,35,44,921
ME,🇲🇪 Montenegro,2025-07-17,37,385,578
ME,🇲🇪 Montenegro,2025-08-17,26,431,543
ME,🇲🇪 Montenegro,2025-09-17,25,385,590
ME,🇲🇪 Montenegro,2025-10-17,34,358,608
ME,🇲🇪 Montenegro,2025-11-17,41,356,603
ME,🇲🇪 Montenegro,2025-12-17,41,369,590
ME,🇲🇪 Montenegro,2026-01-17,37,416,547
ME,🇲🇪 Montenegro,2026-02-17,34,422,538
ME,🇲🇪 Montenegro,2026-03-17,40,399,558
MS,🇲🇸 Montserrat,2024-06-06,1,1,119
MS,🇲🇸 Montserrat,2024-06-23,1,5,118
MS,🇲🇸 Montserrat,2024-08-09,1,5,119
MS,🇲🇸 Montserrat,2024-08-16,1,4,113
MS,🇲🇸 Montserrat,2024-09-16,1,5,105
MS,🇲🇸 Montserrat,2024-10-17,1,6,100
MS,🇲🇸 Montserrat,2024-11-17,2,0,105
MS,🇲🇸 Montserrat,2024-12-18,1,0,118
MS,🇲🇸 Montserrat,2025-01-17,1,0,106
MS,🇲🇸 Montserrat,2025-02-17,1,0,119
MS,🇲🇸 Montserrat,2025-03-17,1,0,110
MS,🇲🇸 Montserrat,2025-04-17,1,0,116
MS,🇲🇸 Montserrat,2025-05-17,1,0,107
MS,🇲🇸 Montserrat,2025-06-17,1,0,104
MS,🇲🇸 Montserrat,2025-07-17,1,0,114
MS,🇲🇸 Montserrat,2025-08-17,1,0,103
MS,🇲🇸 Montserrat,2025-09-17,1,0,105
MS,🇲🇸 Montserrat,2025-10-17,1,0,104
MS,🇲🇸 Montserrat,2025-11-17,1,0,106
MS,🇲🇸 Montserrat,2025-12-17,1,0,107
MS,🇲🇸 Montserrat,2026-01-17,1,55,60
MS,🇲🇸 Montserrat,2026-02-17,1,0,113
MS,🇲🇸 Montserrat,2026-03-17,1,17,93
MA,🇲🇦 Morocco,2024-06-01,301,0,696
MA,🇲🇦 Morocco,2024-06-20,194,0,804
MA,🇲🇦 Morocco,2024-08-08,322,0,677
MA,🇲🇦 Morocco,2024-08-20,203,0,796
MA,🇲🇦 Morocco,2024-09-16,179,0,818
MA,🇲🇦 Morocco,2024-09-18,179,0,818
MA,🇲🇦 Morocco,2024-10-17,228,0,771
MA,🇲🇦 Morocco,2024-11-17,211,0,787
MA,🇲🇦 Morocco,2024-12-18,195,0,803
MA,🇲🇦 Morocco,2025-01-17,205,0,793
MA,🇲🇦 Morocco,2025-02-17,205,0,794
MA,🇲🇦 Morocco,2025-03-17,201,0,796
MA,🇲🇦 Morocco,2025-04-17,189,0,808
MA,🇲🇦 Morocco,2025-05-17,188,0,811
MA,🇲🇦 Morocco,2025-06-17,188,0,811
MA,🇲🇦 Morocco,2025-07-17,211,0,788
MA,🇲🇦 Morocco,2025-08-17,206,0,793
MA,🇲🇦 Morocco,2025-09-17,176,0,823
MA,🇲🇦 Morocco,2025-10-17,213,0,786
MA,🇲🇦 Morocco,2025-11-17,207,0,792
MA,🇲🇦 Morocco,2025-12-17,197,0,803
MA,🇲🇦 Morocco,2026-01-17,180,0,819
MA,🇲🇦 Morocco,2026-02-17,186,0,808
MA,🇲🇦 Morocco,2026-03-17,206,0,786
MZ,🇲🇿 Mozambique,2024-06-02,145,441,410
MZ,🇲🇿 Mozambique,2024-06-20,152,534,310
MZ,🇲🇿 Mozambique,2024-08-09,142,134,720
MZ,🇲🇿 Mozambique,2024-08-20,136,136,724
MZ,🇲🇿 Mozambique,2024-09-16,125,158,714
MZ,🇲🇿 Mozambique,2024-09-18,125,158,714
MZ,🇲🇿 Mozambique,2024-10-17,131,133,732
MZ,🇲🇿 Mozambique,2024-11-17,122,109,765
MZ,🇲🇿 Mozambique,2024-12-18,134,135,728
MZ,🇲🇿 Mozambique,2025-01-17,125,133,740
MZ,🇲🇿 Mozambique,2025-02-17,133,440,424
MZ,🇲🇿 Mozambique,2025-03-17,131,179,686
MZ,🇲🇿 Mozambique,2025-04-17,131,187,677
MZ,🇲🇿 Mozambique,2025-05-17,105,196,695
MZ,🇲🇿 Mozambique,2025-06-17,120,187,690
MZ,🇲🇿 Mozambique,2025-07-17,128,177,693
MZ,🇲🇿 Mozambique,2025-08-17,129,259,611
MZ,🇲🇿 Mozambique,2025-09-17,121,239,639
MZ,🇲🇿 Mozambique,2025-10-17,107,232,660
MZ,🇲🇿 Mozambique,2025-11-17,126,201,672
MZ,🇲🇿 Mozambique,2025-12-17,124,228,647
MZ,🇲🇿 Mozambique,2026-01-17,118,10,872
MZ,🇲🇿 Mozambique,2026-02-17,124,557,314
MZ,🇲🇿 Mozambique,2026-03-17,125,252,616
MM,🇲🇲 Myanmar,2024-06-02,353,362,281
MM,🇲🇲 Myanmar,2024-06-20,107,622,267
MM,🇲🇲 Myanmar,2024-08-09,61,687,249
MM,🇲🇲 Myanmar,2024-08-19,71,632,295
MM,🇲🇲 Myanmar,2024-09-16,70,629,298
MM,🇲🇲 Myanmar,2024-09-17,70,629,298
MM,🇲🇲 Myanmar,2024-10-17,70,474,454
MM,🇲🇲 Myanmar,2024-11-17,66,453,479
MM,🇲🇲 Myanmar,2024-12-18,75,352,571
MM,🇲🇲 Myanmar,2025-01-17,79,308,611
MM,🇲🇲 Myanmar,2025-02-17,74,637,285
MM,🇲🇲 Myanmar,2025-03-17,73,639,285
MM,🇲🇲 Myanmar,2025-04-17,71,479,447
MM,🇲🇲 Myanmar,2025-05-17,67,639,292
MM,🇲🇲 Myanmar,2025-06-17,67,552,380
MM,🇲🇲 Myanmar,2025-07-17,66,625,307
MM,🇲🇲 Myanmar,2025-08-17,68,437,494
MM,🇲🇲 Myanmar,2025-09-17,66,453,480
MM,🇲🇲 Myanmar,2025-10-17,54,492,453
MM,🇲🇲 Myanmar,2025-11-17,57,556,385
MM,🇲🇲 Myanmar,2025-12-17,57,619,323
MM,🇲🇲 Myanmar,2026-01-17,58,568,373
MM,🇲🇲 Myanmar,2026-02-17,57,664,277
MM,🇲🇲 Myanmar,2026-03-17,60,504,432
NA,🇳🇦 Namibia,2024-06-01,64,0,930
NA,🇳🇦 Namibia,2024-06-20,63,0,933
NA,🇳🇦 Namibia,2024-08-09,58,0,939
NA,🇳🇦 Namibia,2024-08-20,64,0,933
NA,🇳🇦 Namibia,2024-09-16,64,0,931
NA,🇳🇦 Namibia,2024-09-20,64,0,931
NA,🇳🇦 Namibia,2024-10-17,65,0,931
NA,🇳🇦 Namibia,2024-11-17,67,0,930
NA,🇳🇦 Namibia,2024-12-18,64,0,934
NA,🇳🇦 Namibia,2025-01-17,48,0,949
NA,🇳🇦 Namibia,2025-02-17,65,0,931
NA,🇳🇦 Namibia,2025-03-17,67,0,930
NA,🇳🇦 Namibia,2025-04-17,68,0,928
NA,🇳🇦 Namibia,2025-05-17,60,0,937
NA,🇳🇦 Namibia,2025-06-17,63,0,933
NA,🇳🇦 Namibia,2025-07-17,68,0,929
NA,🇳🇦 Namibia,2025-08-17,68,0,929
NA,🇳🇦 Namibia,2025-09-17,67,0,930
NA,🇳🇦 Namibia,2025-10-17,63,0,935
NA,🇳🇦 Namibia,2025-11-17,69,0,929
NA,🇳🇦 Namibia,2025-12-17,63,0,935
NA,🇳🇦 Namibia,2026-01-17,50,0,949
NA,🇳🇦 Namibia,2026-02-17,60,0,933
NA,🇳🇦 Namibia,2026-03-17,69,0,917
NR,🇳🇷 Nauru,2024-06-02,3,0,122
NR,🇳🇷 Nauru,2024-06-20,1,0,124
NR,🇳🇷 Nauru,2024-08-10,2,0,122
NR,🇳🇷 Nauru,2024-08-16,1,0,141
NR,🇳🇷 Nauru,2024-09-16,2,0,130
NR,🇳🇷 Nauru,2024-10-17,1,0,147
NR,🇳🇷 Nauru,2024-11-17,1,0,131
NR,🇳🇷 Nauru,2024-12-18,2,0,138
NR,🇳🇷 Nauru,2025-01-17,2,0,116
NR,🇳🇷 Nauru,2025-02-17,2,0,134
NR,🇳🇷 Nauru,2025-03-17,1,0,135
NR,🇳🇷 Nauru,2025-04-17,2,0,154
NR,🇳🇷 Nauru,2025-05-17,2,0,169
NR,🇳🇷 Nauru,2025-06-17,2,0,168
NR,🇳🇷 Nauru,2025-07-17,0,0,178
NR,🇳🇷 Nauru,2025-08-17,1,0,193
NR,🇳🇷 Nauru,2025-09-17,0,0,185
NR,🇳🇷 Nauru,2025-10-17,0,0,191
NR,🇳🇷 Nauru,2025-11-17,2,0,192
NR,🇳🇷 Nauru,2025-12-17,0,0,200
NR,🇳🇷 Nauru,2026-01-17,2,0,165
NR,🇳🇷 Nauru,2026-02-17,0,0,133
NR,🇳🇷 Nauru,2026-03-17,1,0,178
NP,🇳🇵 Nepal,2024-06-06,588,37,374
NP,🇳🇵 Nepal,2024-06-18,678,71,250
NP,🇳🇵 Nepal,2024-07-29,227,0,771
NP,🇳🇵 Nepal,2024-08-07,689,44,265
NP,🇳🇵 Nepal,2024-08-21,693,46,259
NP,🇳🇵 Nepal,2024-09-16,646,46,306
NP,🇳🇵 Nepal,2024-09-18,646,46,306
NP,🇳🇵 Nepal,2024-10-17,666,45,288
NP,🇳🇵 Nepal,2024-11-17,694,48,257
NP,🇳🇵 Nepal,2024-12-18,694,17,288
NP,🇳🇵 Nepal,2025-01-17,663,77,259
NP,🇳🇵 Nepal,2025-02-17,662,97,240
NP,🇳🇵 Nepal,2025-03-17,721,30,246
NP,🇳🇵 Nepal,2025-04-17,718,27,252
NP,🇳🇵 Nepal,2025-05-17,723,16,260
NP,🇳🇵 Nepal,2025-06-17,717,14,268
NP,🇳🇵 Nepal,2025-07-17,714,29,255
NP,🇳🇵 Nepal,2025-08-17,681,14,303
NP,🇳🇵 Nepal,2025-09-17,675,15,310
NP,🇳🇵 Nepal,2025-10-17,717,33,249
NP,🇳🇵 Nepal,2025-11-17,711,30,259
NP,🇳🇵 Nepal,2025-12-17,705,24,271
NP,🇳🇵 Nepal,2026-01-17,708,39,253
NP,🇳🇵 Nepal,2026-02-17,717,20,257
NP,🇳🇵 Nepal,2026-03-17,669,39,283
NL,🇳🇱 Netherlands,2024-06-01,734,19,247
NL,🇳🇱 Netherlands,2024-06-18,822,6,172
NL,🇳🇱 Netherlands,2024-07-30,309,0,691
NL,🇳🇱 Netherlands,2024-08-07,742,78,180
NL,🇳🇱 Netherlands,2024-08-20,707,126,167
NL,🇳🇱 Netherlands,2024-09-16,774,63,163
NL,🇳🇱 Netherlands,2024-09-19,774,63,163
NL,🇳🇱 Netherlands,2024-10-17,827,9,164
NL,🇳🇱 Netherlands,2024-11-17,770,56,175
NL,🇳🇱 Netherlands,2024-12-18,716,109,175
NL,🇳🇱 Netherlands,2025-01-17,708,58,235
NL,🇳🇱 Netherlands,2025-02-17,798,10,192
NL,🇳🇱 Netherlands,2025-03-17,766,0,234
NL,🇳🇱 Netherlands,2025-04-17,757,16,226
NL,🇳🇱 Netherlands,2025-05-17,785,1,214
NL,🇳🇱 Netherlands,2025-06-17,770,32,198
NL,🇳🇱 Netherlands,2025-07-17,692,100,207
NL,🇳🇱 Netherlands,2025-08-17,799,24,177
NL,🇳🇱 Netherlands,2025-09-17,780,32,188
NL,🇳🇱 Netherlands,2025-10-17,705,95,199
NL,🇳🇱 Netherlands,2025-11-17,721,51,228
NL,🇳🇱 Netherlands,2025-12-17,789,0,211
NL,🇳🇱 Netherlands,2026-01-17,815,12,173
NL,🇳🇱 Netherlands,2026-02-17,771,51,174
NL,🇳🇱 Netherlands,2026-03-17,760,59,178
NC,🇳🇨 New Caledonia,2024-06-01,516,0,482
NC,🇳🇨 New Caledonia,2024-06-23,514,0,486
NC,🇳🇨 New Caledonia,2024-07-24,516,0,484
NC,🇳🇨 New Caledonia,2024-08-05,518,0,482
NC,🇳🇨 New Caledonia,2024-08-19,525,0,474
NC,🇳🇨 New Caledonia,2024-09-16,516,0,483
NC,🇳🇨 New Caledonia,2024-09-20,516,0,483
NC,🇳🇨 New Caledonia,2024-10-17,513,0,485
NC,🇳🇨 New Caledonia,2024-11-17,533,0,467
NC,🇳🇨 New Caledonia,2024-12-18,532,0,467
NC,🇳🇨 New Caledonia,2025-01-17,540,0,460
NC,🇳🇨 New Caledonia,2025-02-17,537,0,463
NC,🇳🇨 New Caledonia,2025-03-17,540,0,459
NC,🇳🇨 New Caledonia,2025-04-17,534,0,465
NC,🇳🇨 New Caledonia,2025-05-17,540,0,460
NC,🇳🇨 New Caledonia,2025-06-17,529,0,470
NC,🇳🇨 New Caledonia,2025-07-17,535,0,464
NC,🇳🇨 New Caledonia,2025-08-17,541,0,458
NC,🇳🇨 New Caledonia,2025-09-17,551,0,448
NC,🇳🇨 New Caledonia,2025-10-17,213,0,786
NC,🇳🇨 New Caledonia,2025-11-17,204,0,796
NC,🇳🇨 New Caledonia,2025-12-17,555,0,444
NC,🇳🇨 New Caledonia,2026-01-17,552,0,448
NC,🇳🇨 New Caledonia,2026-02-17,563,0,435
NC,🇳🇨 New Caledonia,2026-03-17,559,0,440
NZ,🇳🇿 New Zealand,2024-06-04,632,89,279
NZ,🇳🇿 New Zealand,2024-06-21,762,53,185
NZ,🇳🇿 New Zealand,2024-08-09,631,186,183
NZ,🇳🇿 New Zealand,2024-08-16,661,159,180
NZ,🇳🇿 New Zealand,2024-09-16,660,68,272
NZ,🇳🇿 New Zealand,2024-09-17,660,68,272
NZ,🇳🇿 New Zealand,2024-10-17,634,188,178
NZ,🇳🇿 New Zealand,2024-11-17,643,179,178
NZ,🇳🇿 New Zealand,2024-12-18,670,154,176
NZ,🇳🇿 New Zealand,2025-01-17,676,149,174
NZ,🇳🇿 New Zealand,2025-02-17,652,169,178
NZ,🇳🇿 New Zealand,2025-03-17,656,172,171
NZ,🇳🇿 New Zealand,2025-04-17,655,112,232
NZ,🇳🇿 New Zealand,2025-05-17,659,39,302
NZ,🇳🇿 New Zealand,2025-06-17,654,178,168
NZ,🇳🇿 New Zealand,2025-07-17,650,178,172
NZ,🇳🇿 New Zealand,2025-08-17,663,153,184
NZ,🇳🇿 New Zealand,2025-09-17,650,170,180
NZ,🇳🇿 New Zealand,2025-10-17,663,166,171
NZ,🇳🇿 New Zealand,2025-11-17,657,167,176
NZ,🇳🇿 New Zealand,2025-12-17,678,163,159
NZ,🇳🇿 New Zealand,2026-01-17,691,144,165
NZ,🇳🇿 New Zealand,2026-02-17,681,154,160
NZ,🇳🇿 New Zealand,2026-03-17,672,168,157
NI,🇳🇮 Nicaragua,2024-05-31,148,25,826
NI,🇳🇮 Nicaragua,2024-06-20,150,26,823
NI,🇳🇮 Nicaragua,2024-08-10,151,26,822
NI,🇳🇮 Nicaragua,2024-08-20,146,26,827
NI,🇳🇮 Nicaragua,2024-09-16,142,26,831
NI,🇳🇮 Nicaragua,2024-09-18,142,26,831
NI,🇳🇮 Nicaragua,2024-10-17,142,26,831
NI,🇳🇮 Nicaragua,2024-11-17,141,34,824
NI,🇳🇮 Nicaragua,2024-12-18,135,34,830
NI,🇳🇮 Nicaragua,2025-01-17,125,0,874
NI,🇳🇮 Nicaragua,2025-02-17,123,30,846
NI,🇳🇮 Nicaragua,2025-03-17,126,0,873
NI,🇳🇮 Nicaragua,2025-04-17,143,0,856
NI,🇳🇮 Nicaragua,2025-05-17,139,9,851
NI,🇳🇮 Nicaragua,2025-06-17,130,0,869
NI,🇳🇮 Nicaragua,2025-07-17,132,0,867
NI,🇳🇮 Nicaragua,2025-08-17,130,68,800
NI,🇳🇮 Nicaragua,2025-09-17,135,81,782
NI,🇳🇮 Nicaragua,2025-10-17,121,79,797
NI,🇳🇮 Nicaragua,2025-11-17,137,20,839
NI,🇳🇮 Nicaragua,2025-12-17,136,11,852
NI,🇳🇮 Nicaragua,2026-01-17,120,41,839
NI,🇳🇮 Nicaragua,2026-02-17,128,41,817
NI,🇳🇮 Nicaragua,2026-03-17,124,41,817
NE,🇳🇪 Niger,2024-06-05,15,0,977
NE,🇳🇪 Niger,2024-06-18,11,0,983
NE,🇳🇪 Niger,2024-08-10,17,263,714
NE,🇳🇪 Niger,2024-08-20,18,0,976
NE,🇳🇪 Niger,2024-09-16,11,0,981
NE,🇳🇪 Niger,2024-09-17,11,0,981
NE,🇳🇪 Niger,2024-10-17,19,0,977
NE,🇳🇪 Niger,2024-11-17,9,0,985
NE,🇳🇪 Niger,2024-12-18,8,0,989
NE,🇳🇪 Niger,2025-01-17,4,8,985
NE,🇳🇪 Niger,2025-02-17,8,0,988
NE,🇳🇪 Niger,2025-03-17,6,0,990
NE,🇳🇪 Niger,2025-04-17,8,34,955
NE,🇳🇪 Niger,2025-05-17,9,31,957
NE,🇳🇪 Niger,2025-06-17,8,340,648
NE,🇳🇪 Niger,2025-07-17,0,1,995
NE,🇳🇪 Niger,2025-08-17,9,0,989
NE,🇳🇪 Niger,2025-09-17,8,291,699
NE,🇳🇪 Niger,2025-10-17,0,103,897
NE,🇳🇪 Niger,2025-11-17,10,150,838
NE,🇳🇪 Niger,2025-12-17,8,88,902
NE,🇳🇪 Niger,2026-01-17,3,369,627
NE,🇳🇪 Niger,2026-02-17,11,32,884
NE,🇳🇪 Niger,2026-03-17,7,363,607
NG,🇳🇬 Nigeria,2024-06-07,79,0,918
NG,🇳🇬 Nigeria,2024-06-19,108,0,888
NG,🇳🇬 Nigeria,2024-08-08,493,0,503
NG,🇳🇬 Nigeria,2024-08-20,479,0,518
NG,🇳🇬 Nigeria,2024-09-16,121,0,876
NG,🇳🇬 Nigeria,2024-10-17,622,0,375
NG,🇳🇬 Nigeria,2024-11-17,410,0,588
NG,🇳🇬 Nigeria,2024-12-18,217,0,781
NG,🇳🇬 Nigeria,2025-01-17,423,0,574
NG,🇳🇬 Nigeria,2025-02-17,381,0,617
NG,🇳🇬 Nigeria,2025-03-17,393,0,604
NG,🇳🇬 Nigeria,2025-04-17,410,0,586
NG,🇳🇬 Nigeria,2025-05-17,402,0,593
NG,🇳🇬 Nigeria,2025-06-17,500,0,497
NG,🇳🇬 Nigeria,2025-07-17,102,0,894
NG,🇳🇬 Nigeria,2025-08-17,100,0,897
NG,🇳🇬 Nigeria,2025-09-17,102,0,896
NG,🇳🇬 Nigeria,2025-10-17,95,0,902
NG,🇳🇬 Nigeria,2025-11-17,95,0,901
NG,🇳🇬 Nigeria,2025-12-17,110,0,886
NG,🇳🇬 Nigeria,2026-01-17,98,123,776
NG,🇳🇬 Nigeria,2026-02-17,102,0,882
NG,🇳🇬 Nigeria,2026-03-17,105,0,878
NF,🇳🇫 Norfolk Island,2024-06-07,0,0,17
NF,🇳🇫 Norfolk Island,2024-06-18,0,0,16
NF,🇳🇫 Norfolk Island,2024-07-23,0,0,13
NF,🇳🇫 Norfolk Island,2024-07-24,0,0,13
NF,🇳🇫 Norfolk Island,2024-08-05,0,0,13
NF,🇳🇫 Norfolk Island,2024-08-20,0,0,13
NF,🇳🇫 Norfolk Island,2024-09-16,0,0,10
NF,🇳🇫 Norfolk Island,2024-09-20,0,0,10
NF,🇳🇫 Norfolk Island,2024-10-17,0,0,13
NF,🇳🇫 Norfolk Island,2024-11-17,0,0,19
NF,🇳🇫 Norfolk Island,2024-12-18,0,0,18
NF,🇳🇫 Norfolk Island,2025-01-17,0,0,17
NF,🇳🇫 Norfolk Island,2025-02-17,0,0,14
NF,🇳🇫 Norfolk Island,2025-03-17,0,0,17
NF,🇳🇫 Norfolk Island,2025-04-17,0,0,15
NF,🇳🇫 Norfolk Island,2025-05-17,0,0,17
NF,🇳🇫 Norfolk Island,2025-06-17,0,0,15
NF,🇳🇫 Norfolk Island,2025-07-17,0,0,14
NF,🇳🇫 Norfolk Island,2025-08-17,0,0,6
NF,🇳🇫 Norfolk Island,2025-09-17,0,0,10
NF,🇳🇫 Norfolk Island,2025-10-17,0,0,11
NF,🇳🇫 Norfolk Island,2025-11-17,0,0,10
NF,🇳🇫 Norfolk Island,2025-12-17,0,0,13
NF,🇳🇫 Norfolk Island,2026-01-17,0,0,13
KP,🇰🇵 North Korea,2024-06-01,0,0,27
KP,🇰🇵 North Korea,2024-06-19,0,0,36
KP,🇰🇵 North Korea,2024-08-09,0,0,49
KP,🇰🇵 North Korea,2024-08-16,0,0,32
KP,🇰🇵 North Korea,2024-09-16,0,0,22
KP,🇰🇵 North Korea,2024-09-19,0,0,22
KP,🇰🇵 North Korea,2024-10-17,0,0,21
KP,🇰🇵 North Korea,2024-11-17,0,0,17
KP,🇰🇵 North Korea,2024-12-18,0,0,16
KP,🇰🇵 North Korea,2025-01-17,0,0,1
KP,🇰🇵 North Korea,2025-06-17,0,0,1
KP,🇰🇵 North Korea,2025-08-17,0,0,1
KP,🇰🇵 North Korea,2025-09-17,0,0,1
KP,🇰🇵 North Korea,2025-10-17,0,0,1
KP,🇰🇵 North Korea,2025-11-17,0,0,1
KP,🇰🇵 North Korea,2025-12-17,0,0,1
KP,🇰🇵 North Korea,2026-01-17,0,0,1
MK,🇲🇰 North Macedonia,2024-06-02,187,0,812
MK,🇲🇰 North Macedonia,2024-06-20,183,2,814
MK,🇲🇰 North Macedonia,2024-07-27,177,0,822
MK,🇲🇰 North Macedonia,2024-08-07,187,0,812
MK,🇲🇰 North Macedonia,2024-08-16,177,1,821
MK,🇲🇰 North Macedonia,2024-09-16,184,40,775
MK,🇲🇰 North Macedonia,2024-09-20,184,40,775
MK,🇲🇰 North Macedonia,2024-10-17,197,1,801
MK,🇲🇰 North Macedonia,2024-11-17,184,3,813
MK,🇲🇰 North Macedonia,2024-12-18,188,0,812
MK,🇲🇰 North Macedonia,2025-01-17,181,0,819
MK,🇲🇰 North Macedonia,2025-02-17,176,0,824
MK,🇲🇰 North Macedonia,2025-03-17,175,2,823
MK,🇲🇰 North Macedonia,2025-04-17,172,0,828
MK,🇲🇰 North Macedonia,2025-05-17,166,27,807
MK,🇲🇰 North Macedonia,2025-06-17,177,1,822
MK,🇲🇰 North Macedonia,2025-08-17,158,0,842
MK,🇲🇰 North Macedonia,2025-09-17,320,0,680
MK,🇲🇰 North Macedonia,2025-10-17,325,30,645
MK,🇲🇰 North Macedonia,2025-11-17,325,0,675
MK,🇲🇰 North Macedonia,2025-12-17,164,24,811
MK,🇲🇰 North Macedonia,2026-01-17,163,3,834
MK,🇲🇰 North Macedonia,2026-02-17,152,0,844
MK,🇲🇰 North Macedonia,2026-03-17,171,10,816
MP,🇲🇵 Northern Mariana Islands,2024-06-02,78,64,238
MP,🇲🇵 Northern Mariana Islands,2024-06-23,73,0,271
MP,🇲🇵 Northern Mariana Islands,2024-07-27,70,0,274
MP,🇲🇵 Northern Mariana Islands,2024-08-07,69,57,218
MP,🇲🇵 Northern Mariana Islands,2024-08-19,70,52,216
MP,🇲🇵 Northern Mariana Islands,2024-09-16,83,0,328
MP,🇲🇵 Northern Mariana Islands,2024-09-20,83,0,328
MP,🇲🇵 Northern Mariana Islands,2024-10-17,85,1,341
MP,🇲🇵 Northern Mariana Islands,2024-11-17,88,0,319
MP,🇲🇵 Northern Mariana Islands,2024-12-18,84,0,324
MP,🇲🇵 Northern Mariana Islands,2025-01-17,72,0,289
MP,🇲🇵 Northern Mariana Islands,2025-02-17,82,0,315
MP,🇲🇵 Northern Mariana Islands,2025-03-17,78,69,262
MP,🇲🇵 Northern Mariana Islands,2025-04-17,77,65,237
MP,🇲🇵 Northern Mariana Islands,2025-05-17,78,61,240
MP,🇲🇵 Northern Mariana Islands,2025-06-17,71,52,231
MP,🇲🇵 Northern Mariana Islands,2025-07-17,71,39,205
MP,🇲🇵 Northern Mariana Islands,2025-08-17,76,32,241
MP,🇲🇵 Northern Mariana Islands,2025-09-17,84,58,259
MP,🇲🇵 Northern Mariana Islands,2025-10-17,80,72,253
MP,🇲🇵 Northern Mariana Islands,2025-11-17,78,0,329
MP,🇲🇵 Northern Mariana Islands,2025-12-17,126,0,498
MP,🇲🇵 Northern Mariana Islands,2026-01-17,129,137,537
MP,🇲🇵 Northern Mariana Islands,2026-02-17,165,223,602
NO,🇳🇴 Norway,2024-05-31,602,60,338
NO,🇳🇴 Norway,2024-06-21,705,78,217
NO,🇳🇴 Norway,2024-08-09,658,77,265
NO,🇳🇴 Norway,2024-08-17,659,110,231
NO,🇳🇴 Norway,2024-09-16,641,127,232
NO,🇳🇴 Norway,2024-09-19,641,127,232
NO,🇳🇴 Norway,2024-10-17,654,125,221
NO,🇳🇴 Norway,2024-11-17,656,102,242
NO,🇳🇴 Norway,2024-12-18,683,26,291
NO,🇳🇴 Norway,2025-01-17,659,81,260
NO,🇳🇴 Norway,2025-02-17,644,31,325
NO,🇳🇴 Norway,2025-03-17,704,72,225
NO,🇳🇴 Norway,2025-04-17,687,105,208
NO,🇳🇴 Norway,2025-05-17,687,103,210
NO,🇳🇴 Norway,2025-06-17,709,16,275
NO,🇳🇴 Norway,2025-07-17,688,121,191
NO,🇳🇴 Norway,2025-08-17,652,110,239
NO,🇳🇴 Norway,2025-09-17,669,70,261
NO,🇳🇴 Norway,2025-10-17,715,67,218
NO,🇳🇴 Norway,2025-11-17,691,63,247
NO,🇳🇴 Norway,2025-12-17,673,138,189
NO,🇳🇴 Norway,2026-01-17,659,149,192
NO,🇳🇴 Norway,2026-02-17,492,290,218
NO,🇳🇴 Norway,2026-03-17,399,419,181
OM,🇴🇲 Oman,2024-06-05,687,4,308
OM,🇴🇲 Oman,2024-06-21,742,5,252
OM,🇴🇲 Oman,2024-08-09,707,5,287
OM,🇴🇲 Oman,2024-08-19,722,4,273
OM,🇴🇲 Oman,2024-09-16,700,5,294
OM,🇴🇲 Oman,2024-10-17,713,4,283
OM,🇴🇲 Oman,2024-11-17,710,5,285
OM,🇴🇲 Oman,2024-12-18,705,6,289
OM,🇴🇲 Oman,2025-01-17,701,5,294
OM,🇴🇲 Oman,2025-02-17,685,4,310
OM,🇴🇲 Oman,2025-03-17,691,5,304
OM,🇴🇲 Oman,2025-04-17,686,4,309
OM,🇴🇲 Oman,2025-05-17,702,4,294
OM,🇴🇲 Oman,2025-06-17,694,4,302
OM,🇴🇲 Oman,2025-07-17,701,4,295
OM,🇴🇲 Oman,2025-08-17,308,3,689
OM,🇴🇲 Oman,2025-09-17,392,3,605
OM,🇴🇲 Oman,2025-10-17,687,4,309
OM,🇴🇲 Oman,2025-11-17,678,3,319
OM,🇴🇲 Oman,2025-12-17,670,3,327
OM,🇴🇲 Oman,2026-01-17,646,4,350
OM,🇴🇲 Oman,2026-02-17,671,4,315
OM,🇴🇲 Oman,2026-03-17,677,5,309
PK,🇵🇰 Pakistan,2024-06-03,398,0,600
PK,🇵🇰 Pakistan,2024-06-20,571,2,426
PK,🇵🇰 Pakistan,2024-07-30,125,0,873
PK,🇵🇰 Pakistan,2024-08-07,431,0,567
PK,🇵🇰 Pakistan,2024-08-19,359,0,639
PK,🇵🇰 Pakistan,2024-09-16,363,0,634
PK,🇵🇰 Pakistan,2024-10-17,225,0,773
PK,🇵🇰 Pakistan,2024-11-17,395,0,605
PK,🇵🇰 Pakistan,2024-12-18,430,0,570
PK,🇵🇰 Pakistan,2025-01-17,381,0,619
PK,🇵🇰 Pakistan,2025-02-17,583,0,417
PK,🇵🇰 Pakistan,2025-03-17,673,1,326
PK,🇵🇰 Pakistan,2025-04-17,655,0,345
PK,🇵🇰 Pakistan,2025-05-17,660,0,340
PK,🇵🇰 Pakistan,2025-06-17,648,0,351
PK,🇵🇰 Pakistan,2025-07-17,632,0,367
PK,🇵🇰 Pakistan,2025-08-17,550,0,448
PK,🇵🇰 Pakistan,2025-09-17,649,2,346
PK,🇵🇰 Pakistan,2025-10-17,475,0,523
PK,🇵🇰 Pakistan,2025-11-17,497,0,502
PK,🇵🇰 Pakistan,2025-12-17,407,0,592
PK,🇵🇰 Pakistan,2026-01-17,525,2,471
PK,🇵🇰 Pakistan,2026-02-17,488,0,501
PK,🇵🇰 Pakistan,2026-03-17,494,17,476
PW,🇵🇼 Palau,2024-06-06,3,108,266
PW,🇵🇼 Palau,2024-06-18,3,103,272
PW,🇵🇼 Palau,2024-08-09,3,0,366
PW,🇵🇼 Palau,2024-08-19,4,0,367
PW,🇵🇼 Palau,2024-09-16,11,0,385
PW,🇵🇼 Palau,2024-09-19,11,0,385
PW,🇵🇼 Palau,2024-10-17,10,0,369
PW,🇵🇼 Palau,2024-11-17,4,0,354
PW,🇵🇼 Palau,2024-12-18,4,0,379
PW,🇵🇼 Palau,2025-01-17,3,0,364
PW,🇵🇼 Palau,2025-02-17,5,0,380
PW,🇵🇼 Palau,2025-03-17,4,0,371
PW,🇵🇼 Palau,2025-04-17,3,0,997
PW,🇵🇼 Palau,2025-05-17,4,0,343
PW,🇵🇼 Palau,2025-06-17,3,0,348
PW,🇵🇼 Palau,2025-07-17,3,0,344
PW,🇵🇼 Palau,2025-08-17,3,0,367
PW,🇵🇼 Palau,2025-09-17,4,0,333
PW,🇵🇼 Palau,2025-10-17,0,0,359
PW,🇵🇼 Palau,2025-11-17,3,0,365
PW,🇵🇼 Palau,2025-12-17,0,0,379
PW,🇵🇼 Palau,2026-01-17,2,0,356
PW,🇵🇼 Palau,2026-02-17,3,0,374
PW,🇵🇼 Palau,2026-03-17,3,0,394
PS,"🇵🇸 Palestine, State of",2024-05-31,41,92,866
PS,"🇵🇸 Palestine, State of",2024-06-23,53,93,853
PS,"🇵🇸 Palestine, State of",2024-07-26,40,0,959
PS,"🇵🇸 Palestine, State of",2024-08-06,47,88,864
PS,"🇵🇸 Palestine, State of",2024-08-19,53,88,858
PS,"🇵🇸 Palestine, State of",2024-09-16,53,0,944
PS,"🇵🇸 Palestine, State of",2024-09-20,53,0,944
PS,"🇵🇸 Palestine, State of",2024-10-17,50,0,948
PS,"🇵🇸 Palestine, State of",2024-11-17,44,11,943
PS,"🇵🇸 Palestine, State of",2024-12-18,43,1,954
PS,"🇵🇸 Palestine, State of",2025-01-17,44,0,954
PS,"🇵🇸 Palestine, State of",2025-02-17,49,11,938
PS,"🇵🇸 Palestine, State of",2025-03-17,51,16,931
PS,"🇵🇸 Palestine, State of",2025-04-17,41,11,947
PS,"🇵🇸 Palestine, State of",2025-05-17,43,10,946
PS,"🇵🇸 Palestine, State of",2025-06-17,46,8,944
PS,"🇵🇸 Palestine, State of",2025-07-17,38,34,926
PS,"🇵🇸 Palestine, State of",2025-08-17,45,23,930
PS,"🇵🇸 Palestine, State of",2025-09-17,47,20,931
PS,"🇵🇸 Palestine, State of",2025-10-17,48,38,913
PS,"🇵🇸 Palestine, State of",2025-11-17,42,35,921
PS,"🇵🇸 Palestine, State of",2025-12-17,45,21,932
PS,"🇵🇸 Palestine, State of",2026-01-17,41,0,958
PS,"🇵🇸 Palestine, State of",2026-02-17,49,0,938
PS,"🇵🇸 Palestine, State of",2026-03-17,49,0,933
PA,🇵🇦 Panama,2024-06-01,366,1,633
PA,🇵🇦 Panama,2024-06-18,372,78,550
PA,🇵🇦 Panama,2024-08-08,380,1,619
PA,🇵🇦 Panama,2024-08-20,383,1,616
PA,🇵🇦 Panama,2024-09-16,389,1,610
PA,🇵🇦 Panama,2024-09-19,389,1,610
PA,🇵🇦 Panama,2024-10-17,161,1,838
PA,🇵🇦 Panama,2024-11-17,363,0,637
PA,🇵🇦 Panama,2024-12-18,381,0,619
PA,🇵🇦 Panama,2025-01-17,326,0,674
PA,🇵🇦 Panama,2025-02-17,152,1,847
PA,🇵🇦 Panama,2025-03-17,151,0,849
PA,🇵🇦 Panama,2025-04-17,359,0,641
PA,🇵🇦 Panama,2025-05-17,148,0,852
PA,🇵🇦 Panama,2025-06-17,143,0,856
PA,🇵🇦 Panama,2025-07-17,365,0,635
PA,🇵🇦 Panama,2025-08-17,152,0,848
PA,🇵🇦 Panama,2025-09-17,304,0,696
PA,🇵🇦 Panama,2025-10-17,302,5,693
PA,🇵🇦 Panama,2025-11-17,305,6,689
PA,🇵🇦 Panama,2025-12-17,301,6,692
PA,🇵🇦 Panama,2026-01-17,303,0,696
PA,🇵🇦 Panama,2026-02-17,311,0,685
PA,🇵🇦 Panama,2026-03-17,312,0,680
PG,🇵🇬 Papua New Guinea,2024-05-30,35,0,959
PG,🇵🇬 Papua New Guinea,2024-06-23,29,0,967
PG,🇵🇬 Papua New Guinea,2024-08-08,21,0,975
PG,🇵🇬 Papua New Guinea,2024-08-17,29,0,964
PG,🇵🇬 Papua New Guinea,2024-09-16,26,0,968
PG,🇵🇬 Papua New Guinea,2024-09-18,26,0,968
PG,🇵🇬 Papua New Guinea,2024-10-17,25,0,970
PG,🇵🇬 Papua New Guinea,2024-11-17,23,0,973
PG,🇵🇬 Papua New Guinea,2024-12-18,18,0,979
PG,🇵🇬 Papua New Guinea,2025-01-17,16,158,820
PG,🇵🇬 Papua New Guinea,2025-02-17,16,0,980
PG,🇵🇬 Papua New Guinea,2025-03-17,20,0,977
PG,🇵🇬 Papua New Guinea,2025-04-17,19,0,977
PG,🇵🇬 Papua New Guinea,2025-05-17,19,0,977
PG,🇵🇬 Papua New Guinea,2025-06-17,22,0,974
PG,🇵🇬 Papua New Guinea,2025-07-17,18,0,978
PG,🇵🇬 Papua New Guinea,2025-08-17,16,0,980
PG,🇵🇬 Papua New Guinea,2025-09-17,19,0,976
PG,🇵🇬 Papua New Guinea,2025-10-17,18,0,978
PG,🇵🇬 Papua New Guinea,2025-11-17,19,0,977
PG,🇵🇬 Papua New Guinea,2025-12-17,19,0,979
PG,🇵🇬 Papua New Guinea,2026-01-17,15,0,982
PG,🇵🇬 Papua New Guinea,2026-02-17,21,0,977
PG,🇵🇬 Papua New Guinea,2026-03-17,18,0,971
PY,🇵🇾 Paraguay,2024-06-06,386,212,397
PY,🇵🇾 Paraguay,2024-06-21,364,333,300
PY,🇵🇾 Paraguay,2024-07-23,378,324,294
PY,🇵🇾 Paraguay,2024-07-24,377,323,296
PY,🇵🇾 Paraguay,2024-08-05,376,207,413
PY,🇵🇾 Paraguay,2024-08-19,387,212,397
PY,🇵🇾 Paraguay,2024-09-16,381,212,403
PY,🇵🇾 Paraguay,2024-09-17,381,212,403
PY,🇵🇾 Paraguay,2024-10-17,382,51,564
PY,🇵🇾 Paraguay,2024-11-17,384,211,401
PY,🇵🇾 Paraguay,2024-12-18,377,201,419
PY,🇵🇾 Paraguay,2025-01-17,378,210,410
PY,🇵🇾 Paraguay,2025-02-17,191,356,451
PY,🇵🇾 Paraguay,2025-03-17,359,278,361
PY,🇵🇾 Paraguay,2025-04-17,362,297,338
PY,🇵🇾 Paraguay,2025-05-17,201,392,404
PY,🇵🇾 Paraguay,2025-06-17,205,353,439
PY,🇵🇾 Paraguay,2025-07-17,213,377,408
PY,🇵🇾 Paraguay,2025-08-17,215,368,415
PY,🇵🇾 Paraguay,2025-09-17,213,381,403
PY,🇵🇾 Paraguay,2025-10-17,203,381,414
PY,🇵🇾 Paraguay,2025-11-17,373,228,397
PY,🇵🇾 Paraguay,2025-12-17,211,390,397
PY,🇵🇾 Paraguay,2026-01-17,196,407,396
PY,🇵🇾 Paraguay,2026-02-17,189,414,388
PY,🇵🇾 Paraguay,2026-03-17,212,394,384
PE,🇵🇪 Peru,2024-06-07,489,136,375
PE,🇵🇪 Peru,2024-06-23,679,42,279
PE,🇵🇪 Peru,2024-08-08,530,194,276
PE,🇵🇪 Peru,2024-08-16,488,250,262
PE,🇵🇪 Peru,2024-09-16,473,266,261
PE,🇵🇪 Peru,2024-09-18,473,266,261
PE,🇵🇪 Peru,2024-10-17,398,240,362
PE,🇵🇪 Peru,2024-11-17,481,101,418
PE,🇵🇪 Peru,2024-12-18,381,223,396
PE,🇵🇪 Peru,2025-01-17,469,198,332
PE,🇵🇪 Peru,2025-02-17,396,320,284
PE,🇵🇪 Peru,2025-03-17,355,323,322
PE,🇵🇪 Peru,2025-04-17,340,314,346
PE,🇵🇪 Peru,2025-05-17,225,410,365
PE,🇵🇪 Peru,2025-06-17,226,494,279
PE,🇵🇪 Peru,2025-07-17,364,315,321
PE,🇵🇪 Peru,2025-08-17,224,273,504
PE,🇵🇪 Peru,2025-09-17,453,169,378
PE,🇵🇪 Peru,2025-10-17,314,404,282
PE,🇵🇪 Peru,2025-11-17,349,220,431
PE,🇵🇪 Peru,2025-12-17,345,202,453
PE,🇵🇪 Peru,2026-01-17,360,208,431
PE,🇵🇪 Peru,2026-02-17,370,193,428
PE,🇵🇪 Peru,2026-03-17,332,235,424
PH,🇵🇭 Philippines,2024-06-01,244,68,687
PH,🇵🇭 Philippines,2024-06-24,304,237,459
PH,🇵🇭 Philippines,2024-08-10,314,110,576
PH,🇵🇭 Philippines,2024-08-19,238,54,708
PH,🇵🇭 Philippines,2024-09-16,260,166,574
PH,🇵🇭 Philippines,2024-09-18,260,166,574
PH,🇵🇭 Philippines,2024-10-17,237,152,611
PH,🇵🇭 Philippines,2024-11-17,152,163,685
PH,🇵🇭 Philippines,2024-12-18,157,255,588
PH,🇵🇭 Philippines,2025-01-17,123,257,620
PH,🇵🇭 Philippines,2025-02-17,528,144,328
PH,🇵🇭 Philippines,2025-03-17,252,174,573
PH,🇵🇭 Philippines,2025-04-17,155,271,574
PH,🇵🇭 Philippines,2025-05-17,114,268,618
PH,🇵🇭 Philippines,2025-06-17,127,273,600
PH,🇵🇭 Philippines,2025-07-17,124,301,575
PH,🇵🇭 Philippines,2025-08-17,117,268,615
PH,🇵🇭 Philippines,2025-09-17,115,279,606
PH,🇵🇭 Philippines,2025-10-17,138,270,593
PH,🇵🇭 Philippines,2025-11-17,109,258,633
PH,🇵🇭 Philippines,2025-12-17,184,482,334
PH,🇵🇭 Philippines,2026-01-17,95,247,658
PH,🇵🇭 Philippines,2026-02-17,393,243,359
PH,🇵🇭 Philippines,2026-03-17,410,328,253
PL,🇵🇱 Poland,2024-06-07,653,0,347
PL,🇵🇱 Poland,2024-06-20,736,0,264
PL,🇵🇱 Poland,2024-07-23,716,0,284
PL,🇵🇱 Poland,2024-07-24,673,0,327
PL,🇵🇱 Poland,2024-08-05,651,0,349
PL,🇵🇱 Poland,2024-08-16,649,0,351
PL,🇵🇱 Poland,2024-09-16,641,0,359
PL,🇵🇱 Poland,2024-09-20,641,0,359
PL,🇵🇱 Poland,2024-10-17,662,0,338
PL,🇵🇱 Poland,2024-11-17,705,0,295
PL,🇵🇱 Poland,2024-12-18,640,0,360
PL,🇵🇱 Poland,2025-01-17,652,1,347
PL,🇵🇱 Poland,2025-02-17,643,2,355
PL,🇵🇱 Poland,2025-03-17,695,2,303
PL,🇵🇱 Poland,2025-04-17,677,1,322
PL,🇵🇱 Poland,2025-05-17,635,3,362
PL,🇵🇱 Poland,2025-06-17,602,6,392
PL,🇵🇱 Poland,2025-07-17,701,0,299
PL,🇵🇱 Poland,2025-08-17,633,0,367
PL,🇵🇱 Poland,2025-09-17,690,4,306
PL,🇵🇱 Poland,2025-10-17,654,0,346
PL,🇵🇱 Poland,2025-11-17,647,0,353
PL,🇵🇱 Poland,2025-12-17,621,0,379
PL,🇵🇱 Poland,2026-01-17,642,1,357
PL,🇵🇱 Poland,2026-02-17,637,2,356
PL,🇵🇱 Poland,2026-03-17,650,0,350
PT,🇵🇹 Portugal,2024-05-31,643,0,357
PT,🇵🇹 Portugal,2024-06-21,775,0,225
PT,🇵🇹 Portugal,2024-08-09,665,0,335
PT,🇵🇹 Portugal,2024-08-17,671,1,328
PT,🇵🇹 Portugal,2024-09-16,664,0,336
PT,🇵🇹 Portugal,2024-09-18,664,0,336
PT,🇵🇹 Portugal,2024-10-17,680,28,292
PT,🇵🇹 Portugal,2024-11-17,683,81,236
PT,🇵🇹 Portugal,2024-12-18,678,38,284
PT,🇵🇹 Portugal,2025-01-17,680,1,319
PT,🇵🇹 Portugal,2025-02-17,586,1,413
PT,🇵🇹 Portugal,2025-03-17,677,30,293
PT,🇵🇹 Portugal,2025-04-17,672,1,327
PT,🇵🇹 Portugal,2025-05-17,688,40,272
PT,🇵🇹 Portugal,2025-06-17,692,29,279
PT,🇵🇹 Portugal,2025-07-17,694,0,306
PT,🇵🇹 Portugal,2025-08-17,732,0,268
PT,🇵🇹 Portugal,2025-09-17,683,0,317
PT,🇵🇹 Portugal,2025-10-17,683,0,317
PT,🇵🇹 Portugal,2025-11-17,689,0,311
PT,🇵🇹 Portugal,2025-12-17,690,0,310
PT,🇵🇹 Portugal,2026-01-17,687,0,313
PT,🇵🇹 Portugal,2026-02-17,690,0,309
PT,🇵🇹 Portugal,2026-03-17,672,0,312
PR,🇵🇷 Puerto Rico,2024-06-04,218,0,782
PR,🇵🇷 Puerto Rico,2024-06-23,211,0,789
PR,🇵🇷 Puerto Rico,2024-08-08,203,0,797
PR,🇵🇷 Puerto Rico,2024-08-20,213,0,787
PR,🇵🇷 Puerto Rico,2024-09-16,213,0,786
PR,🇵🇷 Puerto Rico,2024-09-19,213,0,786
PR,🇵🇷 Puerto Rico,2024-10-17,208,0,792
PR,🇵🇷 Puerto Rico,2024-11-17,209,0,791
PR,🇵🇷 Puerto Rico,2024-12-18,210,0,790
PR,🇵🇷 Puerto Rico,2025-01-17,211,0,789
PR,🇵🇷 Puerto Rico,2025-02-17,210,0,790
PR,🇵🇷 Puerto Rico,2025-03-17,217,0,783
PR,🇵🇷 Puerto Rico,2025-04-17,217,0,783
PR,🇵🇷 Puerto Rico,2025-05-17,216,0,784
PR,🇵🇷 Puerto Rico,2025-06-17,216,0,784
PR,🇵🇷 Puerto Rico,2025-07-17,217,0,783
PR,🇵🇷 Puerto Rico,2025-08-17,219,0,780
PR,🇵🇷 Puerto Rico,2025-09-17,213,0,786
PR,🇵🇷 Puerto Rico,2025-10-17,209,0,791
PR,🇵🇷 Puerto Rico,2025-11-17,206,0,794
PR,🇵🇷 Puerto Rico,2025-12-17,209,0,791
PR,🇵🇷 Puerto Rico,2026-01-17,206,0,794
PR,🇵🇷 Puerto Rico,2026-02-17,209,0,788
PR,🇵🇷 Puerto Rico,2026-03-17,216,0,784
QA,🇶🇦 Qatar,2024-06-05,675,6,319
QA,🇶🇦 Qatar,2024-06-23,686,73,241
QA,🇶🇦 Qatar,2024-08-09,704,5,291
QA,🇶🇦 Qatar,2024-08-18,714,5,281
QA,🇶🇦 Qatar,2024-09-16,705,6,288
QA,🇶🇦 Qatar,2024-10-17,297,6,697
QA,🇶🇦 Qatar,2024-11-17,699,6,295
QA,🇶🇦 Qatar,2024-12-18,683,6,311
QA,🇶🇦 Qatar,2025-01-17,292,7,701
QA,🇶🇦 Qatar,2025-02-17,578,7,415
QA,🇶🇦 Qatar,2025-03-17,708,24,268
QA,🇶🇦 Qatar,2025-04-17,284,6,709
QA,🇶🇦 Qatar,2025-05-17,687,6,306
QA,🇶🇦 Qatar,2025-06-17,693,6,300
QA,🇶🇦 Qatar,2025-07-17,695,12,293
QA,🇶🇦 Qatar,2025-08-17,664,5,331
QA,🇶🇦 Qatar,2025-09-17,703,5,292
QA,🇶🇦 Qatar,2025-10-17,676,6,318
QA,🇶🇦 Qatar,2025-11-17,643,6,351
QA,🇶🇦 Qatar,2025-12-17,653,6,341
QA,🇶🇦 Qatar,2026-01-17,686,6,308
QA,🇶🇦 Qatar,2026-02-17,665,7,319
QA,🇶🇦 Qatar,2026-03-17,673,7,311
RE,🇷🇪 Réunion,2024-06-07,281,207,512
RE,🇷🇪 Réunion,2024-06-22,298,184,518
RE,🇷🇪 Réunion,2024-08-08,276,204,520
RE,🇷🇪 Réunion,2024-08-21,284,208,508
RE,🇷🇪 Réunion,2024-09-16,277,199,524
RE,🇷🇪 Réunion,2024-09-18,277,199,524
RE,🇷🇪 Réunion,2024-10-17,371,114,515
RE,🇷🇪 Réunion,2024-11-17,287,199,514
RE,🇷🇪 Réunion,2024-12-18,370,115,515
RE,🇷🇪 Réunion,2025-01-17,259,246,495
RE,🇷🇪 Réunion,2025-02-17,359,145,496
RE,🇷🇪 Réunion,2025-03-17,351,145,504
RE,🇷🇪 Réunion,2025-04-17,376,137,487
RE,🇷🇪 Réunion,2025-05-17,379,108,513
RE,🇷🇪 Réunion,2025-06-17,147,361,492
RE,🇷🇪 Réunion,2025-07-17,411,112,477
RE,🇷🇪 Réunion,2025-08-17,437,81,482
RE,🇷🇪 Réunion,2025-09-17,427,99,474
RE,🇷🇪 Réunion,2025-10-17,414,108,478
RE,🇷🇪 Réunion,2025-11-17,419,104,477
RE,🇷🇪 Réunion,2025-12-17,415,131,454
RE,🇷🇪 Réunion,2026-01-17,424,121,455
RE,🇷🇪 Réunion,2026-02-17,439,97,458
RE,🇷🇪 Réunion,2026-03-17,364,166,469
RO,🇷🇴 Romania,2024-06-02,579,61,360
RO,🇷🇴 Romania,2024-06-20,656,58,286
RO,🇷🇴 Romania,2024-08-09,579,2,419
RO,🇷🇴 Romania,2024-08-17,597,2,401
RO,🇷🇴 Romania,2024-09-16,578,2,420
RO,🇷🇴 Romania,2024-09-20,578,2,420
RO,🇷🇴 Romania,2024-10-17,593,11,396
RO,🇷🇴 Romania,2024-11-17,580,63,357
RO,🇷🇴 Romania,2024-12-18,568,58,373
RO,🇷🇴 Romania,2025-01-17,588,62,350
RO,🇷🇴 Romania,2025-02-17,646,2,352
RO,🇷🇴 Romania,2025-03-17,595,60,345
RO,🇷🇴 Romania,2025-04-17,594,58,347
RO,🇷🇴 Romania,2025-05-17,597,57,346
RO,🇷🇴 Romania,2025-06-17,609,3,388
RO,🇷🇴 Romania,2025-07-17,614,60,327
RO,🇷🇴 Romania,2025-08-17,578,2,420
RO,🇷🇴 Romania,2025-09-17,608,3,389
RO,🇷🇴 Romania,2025-10-17,613,62,325
RO,🇷🇴 Romania,2025-11-17,606,59,335
RO,🇷🇴 Romania,2025-12-17,618,61,321
RO,🇷🇴 Romania,2026-01-17,609,60,331
RO,🇷🇴 Romania,2026-02-17,613,3,376
RO,🇷🇴 Romania,2026-03-17,611,57,327
RU,🇷🇺 Russia,2024-06-05,745,38,215
RU,🇷🇺 Russia,2024-06-19,499,34,465
RU,🇷🇺 Russia,2024-08-07,712,0,286
RU,🇷🇺 Russia,2024-08-19,659,28,312
RU,🇷🇺 Russia,2024-09-16,722,36,241
RU,🇷🇺 Russia,2024-09-17,722,36,241
RU,🇷🇺 Russia,2024-10-17,695,38,266
RU,🇷🇺 Russia,2024-11-17,757,18,224
RU,🇷🇺 Russia,2024-12-18,774,0,225
RU,🇷🇺 Russia,2025-01-17,765,0,234
RU,🇷🇺 Russia,2025-02-17,582,21,397
RU,🇷🇺 Russia,2025-03-17,646,15,338
RU,🇷🇺 Russia,2025-04-17,696,13,290
RU,🇷🇺 Russia,2025-05-17,703,25,272
RU,🇷🇺 Russia,2025-06-17,711,24,263
RU,🇷🇺 Russia,2025-07-17,677,14,308
RU,🇷🇺 Russia,2025-08-17,751,14,234
RU,🇷🇺 Russia,2025-09-17,743,14,243
RU,🇷🇺 Russia,2025-10-17,738,12,249
RU,🇷🇺 Russia,2025-11-17,671,0,329
RU,🇷🇺 Russia,2025-12-17,656,0,344
RU,🇷🇺 Russia,2026-01-17,677,0,322
RU,🇷🇺 Russia,2026-02-17,611,5,369
RU,🇷🇺 Russia,2026-03-17,764,7,221
RW,🇷🇼 Rwanda,2024-06-04,242,332,423
RW,🇷🇼 Rwanda,2024-06-19,196,506,296
RW,🇷🇼 Rwanda,2024-08-09,258,345,395
RW,🇷🇼 Rwanda,2024-08-18,251,349,398
RW,🇷🇼 Rwanda,2024-09-16,255,361,382
RW,🇷🇼 Rwanda,2024-09-19,255,361,382
RW,🇷🇼 Rwanda,2024-10-17,262,334,403
RW,🇷🇼 Rwanda,2024-11-17,260,328,412
RW,🇷🇼 Rwanda,2024-12-18,259,324,417
RW,🇷🇼 Rwanda,2025-01-17,268,320,412
RW,🇷🇼 Rwanda,2025-02-17,232,346,421
RW,🇷🇼 Rwanda,2025-04-17,201,389,409
RW,🇷🇼 Rwanda,2025-05-17,219,359,420
RW,🇷🇼 Rwanda,2025-06-17,199,367,431
RW,🇷🇼 Rwanda,2025-07-17,212,351,436
RW,🇷🇼 Rwanda,2025-08-17,246,377,375
RW,🇷🇼 Rwanda,2025-09-17,288,352,359
RW,🇷🇼 Rwanda,2025-10-17,313,299,386
RW,🇷🇼 Rwanda,2025-12-17,239,420,340
RW,🇷🇼 Rwanda,2026-01-17,213,416,370
RW,🇷🇼 Rwanda,2026-02-17,216,460,309
RW,🇷🇼 Rwanda,2026-03-17,223,466,289
BL,🇧🇱 Saint Barthélemy,2024-06-07,0,32,160
BL,🇧🇱 Saint Barthélemy,2024-06-19,0,41,129
BL,🇧🇱 Saint Barthélemy,2024-08-10,0,31,147
BL,🇧🇱 Saint Barthélemy,2024-08-21,0,11,148
BL,🇧🇱 Saint Barthélemy,2024-09-16,0,6,121
BL,🇧🇱 Saint Barthélemy,2024-09-19,0,6,121
BL,🇧🇱 Saint Barthélemy,2024-10-17,0,0,92
BL,🇧🇱 Saint Barthélemy,2024-11-17,0,14,104
BL,🇧🇱 Saint Barthélemy,2024-12-18,0,23,146
BL,🇧🇱 Saint Barthélemy,2025-01-17,0,0,173
BL,🇧🇱 Saint Barthélemy,2025-02-17,0,53,125
BL,🇧🇱 Saint Barthélemy,2025-03-17,0,12,168
BL,🇧🇱 Saint Barthélemy,2025-04-17,0,57,127
BL,🇧🇱 Saint Barthélemy,2025-05-17,0,28,143
BL,🇧🇱 Saint Barthélemy,2025-06-17,0,29,152
BL,🇧🇱 Saint Barthélemy,2025-07-17,0,51,99
BL,🇧🇱 Saint Barthélemy,2025-08-17,0,50,86
BL,🇧🇱 Saint Barthélemy,2025-09-17,0,0,114
BL,🇧🇱 Saint Barthélemy,2025-10-17,0,0,90
BL,🇧🇱 Saint Barthélemy,2025-11-17,0,0,107
BL,🇧🇱 Saint Barthélemy,2025-12-17,0,40,97
BL,🇧🇱 Saint Barthélemy,2026-01-17,0,49,89
BL,🇧🇱 Saint Barthélemy,2026-02-17,0,27,76
BL,🇧🇱 Saint Barthélemy,2026-03-17,0,50,133
SH,"🇸🇭 Saint Helena, Ascension and Tristan da Cunha",2024-06-01,0,8,40
SH,"🇸🇭 Saint Helena, Ascension and Tristan da Cunha",2024-06-21,0,14,40
SH,"🇸🇭 Saint Helena, Ascension and Tristan da Cunha",2024-08-09,0,8,50
SH,"🇸🇭 Saint Helena, Ascension and Tristan da Cunha",2024-08-19,0,9,53
SH,"🇸🇭 Saint Helena, Ascension and Tristan da Cunha",2024-09-16,0,15,46
SH,"🇸🇭 Saint Helena, Ascension and Tristan da Cunha",2024-09-18,0,15,46
SH,"🇸🇭 Saint Helena, Ascension and Tristan da Cunha",2024-10-17,0,29,48
SH,"🇸🇭 Saint Helena, Ascension and Tristan da Cunha",2024-11-17,0,21,53
SH,"🇸🇭 Saint Helena, Ascension and Tristan da Cunha",2024-12-18,0,10,73
SH,"🇸🇭 Saint Helena, Ascension and Tristan da Cunha",2025-01-17,0,34,41
SH,"🇸🇭 Saint Helena, Ascension and Tristan da Cunha",2025-02-17,0,0,78
SH,"🇸🇭 Saint Helena, Ascension and Tristan da Cunha",2025-03-17,0,27,52
SH,"🇸🇭 Saint Helena, Ascension and Tristan da Cunha",2025-04-17,0,11,60
SH,"🇸🇭 Saint Helena, Ascension and Tristan da Cunha",2025-05-17,0,26,48
SH,"🇸🇭 Saint Helena, Ascension and Tristan da Cunha",2025-06-17,0,20,44
SH,"🇸🇭 Saint Helena, Ascension and Tristan da Cunha",2025-07-17,0,27,45
SH,"🇸🇭 Saint Helena, Ascension and Tristan da Cunha",2025-08-17,0,0,76
SH,"🇸🇭 Saint Helena, Ascension and Tristan da Cunha",2025-09-17,0,0,70
SH,"🇸🇭 Saint Helena, Ascension and Tristan da Cunha",2025-10-17,0,0,81
SH,"🇸🇭 Saint Helena, Ascension and Tristan da Cunha",2025-11-17,0,0,86
SH,"🇸🇭 Saint Helena, Ascension and Tristan da Cunha",2025-12-17,0,0,87
SH,"🇸🇭 Saint Helena, Ascension and Tristan da Cunha",2026-01-17,0,34,35
SH,"🇸🇭 Saint Helena, Ascension and Tristan da Cunha",2026-02-17,0,47,14
SH,"🇸🇭 Saint Helena, Ascension and Tristan da Cunha",2026-03-17,0,34,20
KN,🇰🇳 Saint Kitts and Nevis,2024-05-31,11,0,988
KN,🇰🇳 Saint Kitts and Nevis,2024-06-18,6,5,988
KN,🇰🇳 Saint Kitts and Nevis,2024-08-09,9,1,989
KN,🇰🇳 Saint Kitts and Nevis,2024-08-20,8,1,990
KN,🇰🇳 Saint Kitts and Nevis,2024-09-16,4,5,990
KN,🇰🇳 Saint Kitts and Nevis,2024-10-17,5,5,989
KN,🇰🇳 Saint Kitts and Nevis,2024-11-17,9,1,989
KN,🇰🇳 Saint Kitts and Nevis,2024-12-18,4,0,995
KN,🇰🇳 Saint Kitts and Nevis,2025-01-17,4,0,995
KN,🇰🇳 Saint Kitts and Nevis,2025-02-17,5,0,994
KN,🇰🇳 Saint Kitts and Nevis,2025-03-17,4,0,995
KN,🇰🇳 Saint Kitts and Nevis,2025-04-17,6,0,993
KN,🇰🇳 Saint Kitts and Nevis,2025-05-17,1,0,998
KN,🇰🇳 Saint Kitts and Nevis,2025-06-17,1,0,998
KN,🇰🇳 Saint Kitts and Nevis,2025-07-17,1,0,998
KN,🇰🇳 Saint Kitts and Nevis,2025-08-17,1,0,998
KN,🇰🇳 Saint Kitts and Nevis,2025-09-17,1,0,998
KN,🇰🇳 Saint Kitts and Nevis,2025-10-17,1,0,998
KN,🇰🇳 Saint Kitts and Nevis,2025-11-17,1,0,998
KN,🇰🇳 Saint Kitts and Nevis,2025-12-17,1,0,998
KN,🇰🇳 Saint Kitts and Nevis,2026-01-17,1,0,998
KN,🇰🇳 Saint Kitts and Nevis,2026-02-17,2,0,975
KN,🇰🇳 Saint Kitts and Nevis,2026-03-17,4,1,977
LC,🇱🇨 Saint Lucia,2024-06-02,147,79,773
LC,🇱🇨 Saint Lucia,2024-06-23,138,80,782
LC,🇱🇨 Saint Lucia,2024-08-09,147,80,773
LC,🇱🇨 Saint Lucia,2024-08-20,151,85,764
LC,🇱🇨 Saint Lucia,2024-09-16,158,77,765
LC,🇱🇨 Saint Lucia,2024-09-20,158,77,765
LC,🇱🇨 Saint Lucia,2024-10-17,144,79,777
LC,🇱🇨 Saint Lucia,2024-11-17,150,81,769
LC,🇱🇨 Saint Lucia,2024-12-18,147,0,853
LC,🇱🇨 Saint Lucia,2025-01-17,163,81,756
LC,🇱🇨 Saint Lucia,2025-02-17,147,37,816
LC,🇱🇨 Saint Lucia,2025-03-17,150,124,726
LC,🇱🇨 Saint Lucia,2025-04-17,148,20,832
LC,🇱🇨 Saint Lucia,2025-05-17,137,123,740
LC,🇱🇨 Saint Lucia,2025-06-17,150,107,743
LC,🇱🇨 Saint Lucia,2025-07-17,151,105,744
LC,🇱🇨 Saint Lucia,2025-08-17,154,99,747
LC,🇱🇨 Saint Lucia,2025-09-17,143,135,722
LC,🇱🇨 Saint Lucia,2025-10-17,142,114,744
LC,🇱🇨 Saint Lucia,2025-11-17,150,118,732
LC,🇱🇨 Saint Lucia,2025-12-17,149,0,851
LC,🇱🇨 Saint Lucia,2026-01-17,143,0,857
LC,🇱🇨 Saint Lucia,2026-02-17,146,0,844
LC,🇱🇨 Saint Lucia,2026-03-17,142,89,755
MF,🇲🇫 Saint Martin (French part),2024-06-02,3,0,997
MF,🇲🇫 Saint Martin (French part),2024-06-21,3,1,996
MF,🇲🇫 Saint Martin (French part),2024-07-29,2,0,998
MF,🇲🇫 Saint Martin (French part),2024-08-07,2,1,997
MF,🇲🇫 Saint Martin (French part),2024-08-21,3,0,997
MF,🇲🇫 Saint Martin (French part),2024-09-16,3,0,997
MF,🇲🇫 Saint Martin (French part),2024-09-18,3,0,997
MF,🇲🇫 Saint Martin (French part),2024-10-17,2,0,998
MF,🇲🇫 Saint Martin (French part),2024-11-17,2,1,996
MF,🇲🇫 Saint Martin (French part),2024-12-18,1,0,999
MF,🇲🇫 Saint Martin (French part),2025-01-17,1,0,999
MF,🇲🇫 Saint Martin (French part),2025-02-17,1,0,999
MF,🇲🇫 Saint Martin (French part),2025-03-17,1,184,815
MF,🇲🇫 Saint Martin (French part),2025-04-17,1,105,894
MF,🇲🇫 Saint Martin (French part),2025-05-17,0,156,844
MF,🇲🇫 Saint Martin (French part),2025-06-17,0,116,884
MF,🇲🇫 Saint Martin (French part),2025-07-17,0,167,833
MF,🇲🇫 Saint Martin (French part),2025-08-17,0,36,964
MF,🇲🇫 Saint Martin (French part),2025-09-17,0,34,966
MF,🇲🇫 Saint Martin (French part),2025-10-17,0,0,1000
MF,🇲🇫 Saint Martin (French part),2025-11-17,0,218,782
MF,🇲🇫 Saint Martin (French part),2025-12-17,0,84,916
MF,🇲🇫 Saint Martin (French part),2026-01-17,0,89,911
MF,🇲🇫 Saint Martin (French part),2026-02-17,0,70,926
MF,🇲🇫 Saint Martin (French part),2026-03-17,0,117,881
PM,🇵🇲 Saint Pierre and Miquelon,2024-06-04,5,60,130
PM,🇵🇲 Saint Pierre and Miquelon,2024-06-20,5,0,187
PM,🇵🇲 Saint Pierre and Miquelon,2024-08-09,5,0,185
PM,🇵🇲 Saint Pierre and Miquelon,2024-08-20,6,75,133
PM,🇵🇲 Saint Pierre and Miquelon,2024-09-16,6,81,129
PM,🇵🇲 Saint Pierre and Miquelon,2024-09-18,6,81,129
PM,🇵🇲 Saint Pierre and Miquelon,2024-10-17,5,81,128
PM,🇵🇲 Saint Pierre and Miquelon,2024-11-17,5,78,125
PM,🇵🇲 Saint Pierre and Miquelon,2024-12-18,5,72,136
PM,🇵🇲 Saint Pierre and Miquelon,2025-01-17,5,72,118
PM,🇵🇲 Saint Pierre and Miquelon,2025-02-17,5,71,132
PM,🇵🇲 Saint Pierre and Miquelon,2025-03-17,5,0,196
PM,🇵🇲 Saint Pierre and Miquelon,2025-04-17,5,0,187
PM,🇵🇲 Saint Pierre and Miquelon,2025-05-17,0,0,196
PM,🇵🇲 Saint Pierre and Miquelon,2025-06-17,0,0,187
PM,🇵🇲 Saint Pierre and Miquelon,2025-07-17,0,0,196
PM,🇵🇲 Saint Pierre and Miquelon,2025-08-17,0,0,199
PM,🇵🇲 Saint Pierre and Miquelon,2025-09-17,5,0,199
PM,🇵🇲 Saint Pierre and Miquelon,2025-10-17,5,0,190
PM,🇵🇲 Saint Pierre and Miquelon,2025-11-17,0,0,188
PM,🇵🇲 Saint Pierre and Miquelon,2025-12-17,5,0,199
PM,🇵🇲 Saint Pierre and Miquelon,2026-01-17,5,71,112
PM,🇵🇲 Saint Pierre and Miquelon,2026-02-17,5,0,196
PM,🇵🇲 Saint Pierre and Miquelon,2026-03-17,5,0,186
VC,🇻🇨 Saint Vincent and the Grenadines,2024-06-02,28,11,960
VC,🇻🇨 Saint Vincent and the Grenadines,2024-06-21,26,2,971
VC,🇻🇨 Saint Vincent and the Grenadines,2024-07-29,16,0,983
VC,🇻🇨 Saint Vincent and the Grenadines,2024-08-07,23,1,975
VC,🇻🇨 Saint Vincent and the Grenadines,2024-08-17,25,1,973
VC,🇻🇨 Saint Vincent and the Grenadines,2024-09-16,24,0,975
VC,🇻🇨 Saint Vincent and the Grenadines,2024-09-19,24,0,975
VC,🇻🇨 Saint Vincent and the Grenadines,2024-10-17,29,0,971
VC,🇻🇨 Saint Vincent and the Grenadines,2024-11-17,22,0,978
VC,🇻🇨 Saint Vincent and the Grenadines,2024-12-18,18,0,982
VC,🇻🇨 Saint Vincent and the Grenadines,2025-01-17,23,0,977
VC,🇻🇨 Saint Vincent and the Grenadines,2025-02-17,19,0,980
VC,🇻🇨 Saint Vincent and the Grenadines,2025-03-17,19,64,917
VC,🇻🇨 Saint Vincent and the Grenadines,2025-04-17,23,0,977
VC,🇻🇨 Saint Vincent and the Grenadines,2025-05-17,17,0,983
VC,🇻🇨 Saint Vincent and the Grenadines,2025-06-17,22,0,977
VC,🇻🇨 Saint Vincent and the Grenadines,2025-07-17,19,98,882
VC,🇻🇨 Saint Vincent and the Grenadines,2025-08-17,20,75,904
VC,🇻🇨 Saint Vincent and the Grenadines,2025-09-17,21,0,978
VC,🇻🇨 Saint Vincent and the Grenadines,2025-10-17,22,0,977
VC,🇻🇨 Saint Vincent and the Grenadines,2025-11-17,22,0,978
VC,🇻🇨 Saint Vincent and the Grenadines,2025-12-17,26,0,974
VC,🇻🇨 Saint Vincent and the Grenadines,2026-01-17,20,0,980
VC,🇻🇨 Saint Vincent and the Grenadines,2026-02-17,25,0,962
VC,🇻🇨 Saint Vincent and the Grenadines,2026-03-17,25,2,957
WS,🇼🇸 Samoa,2024-06-03,26,0,972
WS,🇼🇸 Samoa,2024-06-22,22,0,972
WS,🇼🇸 Samoa,2024-08-09,33,0,962
WS,🇼🇸 Samoa,2024-08-16,38,0,956
WS,🇼🇸 Samoa,2024-09-16,37,0,957
WS,🇼🇸 Samoa,2024-09-17,37,0,957
WS,🇼🇸 Samoa,2024-10-17,25,0,972
WS,🇼🇸 Samoa,2024-11-17,35,0,964
WS,🇼🇸 Samoa,2024-12-18,24,0,975
WS,🇼🇸 Samoa,2025-01-17,20,0,979
WS,🇼🇸 Samoa,2025-02-17,26,0,973
WS,🇼🇸 Samoa,2025-03-17,23,0,975
WS,🇼🇸 Samoa,2025-04-17,26,0,972
WS,🇼🇸 Samoa,2025-05-17,25,0,973
WS,🇼🇸 Samoa,2025-06-17,26,0,972
WS,🇼🇸 Samoa,2025-07-17,25,0,974
WS,🇼🇸 Samoa,2025-08-17,23,0,976
WS,🇼🇸 Samoa,2025-09-17,22,0,976
WS,🇼🇸 Samoa,2025-10-17,0,0,999
WS,🇼🇸 Samoa,2025-11-17,21,0,977
WS,🇼🇸 Samoa,2025-12-17,4,0,995
WS,🇼🇸 Samoa,2026-01-17,22,0,976
WS,🇼🇸 Samoa,2026-02-17,22,0,971
WS,🇼🇸 Samoa,2026-03-17,22,0,968
SM,🇸🇲 San Marino,2024-06-01,38,254,708
SM,🇸🇲 San Marino,2024-06-20,42,407,551
SM,🇸🇲 San Marino,2024-07-26,39,0,961
SM,🇸🇲 San Marino,2024-08-06,40,243,717
SM,🇸🇲 San Marino,2024-08-17,41,249,710
SM,🇸🇲 San Marino,2024-09-16,34,266,700
SM,🇸🇲 San Marino,2024-10-17,38,273,689
SM,🇸🇲 San Marino,2024-11-17,38,259,703
SM,🇸🇲 San Marino,2024-12-18,39,259,702
SM,🇸🇲 San Marino,2025-01-17,35,279,686
SM,🇸🇲 San Marino,2025-02-17,35,266,699
SM,🇸🇲 San Marino,2025-03-17,37,275,688
SM,🇸🇲 San Marino,2025-04-17,37,275,688
SM,🇸🇲 San Marino,2025-05-17,46,269,685
SM,🇸🇲 San Marino,2025-06-17,28,266,706
SM,🇸🇲 San Marino,2025-07-17,0,254,746
SM,🇸🇲 San Marino,2025-08-17,19,51,930
SM,🇸🇲 San Marino,2025-09-17,46,0,954
SM,🇸🇲 San Marino,2025-10-17,47,263,690
SM,🇸🇲 San Marino,2025-11-17,47,297,656
SM,🇸🇲 San Marino,2025-12-17,52,304,644
SM,🇸🇲 San Marino,2026-01-17,44,330,626
SM,🇸🇲 San Marino,2026-02-17,48,319,629
SM,🇸🇲 San Marino,2026-03-17,51,313,621
ST,🇸🇹 Sao Tome and Principe,2024-06-07,8,308,437
ST,🇸🇹 Sao Tome and Principe,2024-06-22,8,418,361
ST,🇸🇹 Sao Tome and Principe,2024-07-29,6,0,815
ST,🇸🇹 Sao Tome and Principe,2024-08-07,11,353,457
ST,🇸🇹 Sao Tome and Principe,2024-08-21,9,362,413
ST,🇸🇹 Sao Tome and Principe,2024-09-16,11,373,488
ST,🇸🇹 Sao Tome and Principe,2024-09-20,11,373,488
ST,🇸🇹 Sao Tome and Principe,2024-10-17,11,314,576
ST,🇸🇹 Sao Tome and Principe,2024-11-17,11,289,582
ST,🇸🇹 Sao Tome and Principe,2024-12-18,11,307,551
ST,🇸🇹 Sao Tome and Principe,2025-01-17,8,395,447
ST,🇸🇹 Sao Tome and Principe,2025-02-17,9,430,488
ST,🇸🇹 Sao Tome and Principe,2025-03-17,9,36,874
ST,🇸🇹 Sao Tome and Principe,2025-04-17,8,35,837
ST,🇸🇹 Sao Tome and Principe,2025-05-17,9,342,478
ST,🇸🇹 Sao Tome and Principe,2025-06-17,8,330,486
ST,🇸🇹 Sao Tome and Principe,2025-07-17,6,257,544
ST,🇸🇹 Sao Tome and Principe,2025-08-17,7,23,768
ST,🇸🇹 Sao Tome and Principe,2025-09-17,6,317,446
ST,🇸🇹 Sao Tome and Principe,2025-10-17,6,0,778
ST,🇸🇹 Sao Tome and Principe,2025-11-17,9,300,499
ST,🇸🇹 Sao Tome and Principe,2025-12-17,7,230,540
ST,🇸🇹 Sao Tome and Principe,2026-01-17,8,291,513
ST,🇸🇹 Sao Tome and Principe,2026-02-17,9,314,465
ST,🇸🇹 Sao Tome and Principe,2026-03-17,8,445,367
SA,🇸🇦 Saudi Arabia,2024-06-07,403,5,592
SA,🇸🇦 Saudi Arabia,2024-06-23,523,27,450
SA,🇸🇦 Saudi Arabia,2024-08-09,594,3,403
SA,🇸🇦 Saudi Arabia,2024-08-16,531,2,467
SA,🇸🇦 Saudi Arabia,2024-09-16,718,2,280
SA,🇸🇦 Saudi Arabia,2024-09-18,718,2,280
SA,🇸🇦 Saudi Arabia,2024-10-17,606,10,384
SA,🇸🇦 Saudi Arabia,2024-11-17,431,2,566
SA,🇸🇦 Saudi Arabia,2024-12-18,728,3,268
SA,🇸🇦 Saudi Arabia,2025-01-17,494,4,501
SA,🇸🇦 Saudi Arabia,2025-02-17,595,5,399
SA,🇸🇦 Saudi Arabia,2025-03-17,411,4,584
SA,🇸🇦 Saudi Arabia,2025-04-17,330,2,668
SA,🇸🇦 Saudi Arabia,2025-05-17,735,0,265
SA,🇸🇦 Saudi Arabia,2025-06-17,736,16,248
SA,🇸🇦 Saudi Arabia,2025-07-17,674,3,322
SA,🇸🇦 Saudi Arabia,2025-08-17,639,4,356
SA,🇸🇦 Saudi Arabia,2025-09-17,423,0,576
SA,🇸🇦 Saudi Arabia,2025-10-17,426,5,569
SA,🇸🇦 Saudi Arabia,2025-11-17,361,0,639
SA,🇸🇦 Saudi Arabia,2025-12-17,355,0,645
SA,🇸🇦 Saudi Arabia,2026-01-17,197,2,801
SA,🇸🇦 Saudi Arabia,2026-02-17,311,5,678
SA,🇸🇦 Saudi Arabia,2026-03-17,277,12,707
SN,🇸🇳 Senegal,2024-06-07,146,0,848
SN,🇸🇳 Senegal,2024-06-19,151,0,841
SN,🇸🇳 Senegal,2024-08-10,462,0,531
SN,🇸🇳 Senegal,2024-08-21,455,0,542
SN,🇸🇳 Senegal,2024-09-16,477,0,520
SN,🇸🇳 Senegal,2024-09-19,477,0,520
SN,🇸🇳 Senegal,2024-10-17,480,0,517
SN,🇸🇳 Senegal,2024-11-17,469,0,529
SN,🇸🇳 Senegal,2024-12-18,153,0,847
SN,🇸🇳 Senegal,2025-01-17,156,0,844
SN,🇸🇳 Senegal,2025-02-17,155,0,842
SN,🇸🇳 Senegal,2025-03-17,143,0,857
SN,🇸🇳 Senegal,2025-04-17,443,0,557
SN,🇸🇳 Senegal,2025-05-17,445,0,555
SN,🇸🇳 Senegal,2025-06-17,448,0,552
SN,🇸🇳 Senegal,2025-07-17,146,0,852
SN,🇸🇳 Senegal,2025-08-17,461,0,538
SN,🇸🇳 Senegal,2025-09-17,481,5,513
SN,🇸🇳 Senegal,2025-10-17,483,0,517
SN,🇸🇳 Senegal,2025-11-17,514,104,382
SN,🇸🇳 Senegal,2025-12-17,513,0,487
SN,🇸🇳 Senegal,2026-01-17,532,0,468
SN,🇸🇳 Senegal,2026-02-17,478,0,512
SN,🇸🇳 Senegal,2026-03-17,464,0,520
RS,🇷🇸 Serbia,2024-05-31,221,12,766
RS,🇷🇸 Serbia,2024-06-19,346,4,649
RS,🇷🇸 Serbia,2024-08-10,509,12,478
RS,🇷🇸 Serbia,2024-08-20,221,3,775
RS,🇷🇸 Serbia,2024-09-16,211,11,778
RS,🇷🇸 Serbia,2024-09-17,211,11,778
RS,🇷🇸 Serbia,2024-10-17,219,3,778
RS,🇷🇸 Serbia,2024-11-17,491,6,502
RS,🇷🇸 Serbia,2024-12-18,498,1,501
RS,🇷🇸 Serbia,2025-01-17,354,8,636
RS,🇷🇸 Serbia,2025-02-17,517,7,476
RS,🇷🇸 Serbia,2025-03-17,525,28,447
RS,🇷🇸 Serbia,2025-04-17,521,0,479
RS,🇷🇸 Serbia,2025-05-17,532,0,468
RS,🇷🇸 Serbia,2025-06-17,531,10,459
RS,🇷🇸 Serbia,2025-07-17,535,0,465
RS,🇷🇸 Serbia,2025-08-17,530,0,470
RS,🇷🇸 Serbia,2025-09-17,524,8,468
RS,🇷🇸 Serbia,2025-10-17,526,19,455
RS,🇷🇸 Serbia,2025-11-17,522,0,478
RS,🇷🇸 Serbia,2025-12-17,529,0,471
RS,🇷🇸 Serbia,2026-01-17,525,0,475
RS,🇷🇸 Serbia,2026-02-17,537,0,461
RS,🇷🇸 Serbia,2026-03-17,533,0,465
SC,🇸🇨 Seychelles,2024-06-03,30,406,564
SC,🇸🇨 Seychelles,2024-06-05,30,406,564
SC,🇸🇨 Seychelles,2024-06-18,32,513,455
SC,🇸🇨 Seychelles,2024-08-09,33,92,875
SC,🇸🇨 Seychelles,2024-08-18,32,465,503
SC,🇸🇨 Seychelles,2024-09-16,28,448,524
SC,🇸🇨 Seychelles,2024-09-20,28,448,524
SC,🇸🇨 Seychelles,2024-10-17,31,390,579
SC,🇸🇨 Seychelles,2024-11-17,36,415,549
SC,🇸🇨 Seychelles,2024-12-18,21,348,631
SC,🇸🇨 Seychelles,2025-01-17,29,516,455
SC,🇸🇨 Seychelles,2025-02-17,23,475,502
SC,🇸🇨 Seychelles,2025-03-17,26,381,593
SC,🇸🇨 Seychelles,2025-04-17,27,450,523
SC,🇸🇨 Seychelles,2025-05-17,24,362,612
SC,🇸🇨 Seychelles,2025-06-17,23,295,682
SC,🇸🇨 Seychelles,2025-07-17,22,186,790
SC,🇸🇨 Seychelles,2025-08-17,22,140,836
SC,🇸🇨 Seychelles,2025-09-17,22,442,534
SC,🇸🇨 Seychelles,2025-10-17,25,426,549
SC,🇸🇨 Seychelles,2025-11-17,25,363,612
SC,🇸🇨 Seychelles,2025-12-17,24,437,539
SC,🇸🇨 Seychelles,2026-01-17,26,445,529
SC,🇸🇨 Seychelles,2026-02-17,26,452,518
SC,🇸🇨 Seychelles,2026-03-17,22,431,540
SL,🇸🇱 Sierra Leone,2024-06-04,16,0,983
SL,🇸🇱 Sierra Leone,2024-06-20,6,0,993
SL,🇸🇱 Sierra Leone,2024-08-08,6,0,993
SL,🇸🇱 Sierra Leone,2024-08-20,16,0,984
SL,🇸🇱 Sierra Leone,2024-09-16,14,0,985
SL,🇸🇱 Sierra Leone,2024-09-19,14,0,985
SL,🇸🇱 Sierra Leone,2024-10-17,17,0,982
SL,🇸🇱 Sierra Leone,2024-11-17,18,0,981
SL,🇸🇱 Sierra Leone,2024-12-18,11,0,988
SL,🇸🇱 Sierra Leone,2025-01-17,11,0,988
SL,🇸🇱 Sierra Leone,2025-02-17,5,0,994
SL,🇸🇱 Sierra Leone,2025-03-17,5,0,991
SL,🇸🇱 Sierra Leone,2025-04-17,5,0,992
SL,🇸🇱 Sierra Leone,2025-05-17,5,0,992
SL,🇸🇱 Sierra Leone,2025-06-17,6,0,990
SL,🇸🇱 Sierra Leone,2025-07-17,6,0,993
SL,🇸🇱 Sierra Leone,2025-08-17,6,0,994
SL,🇸🇱 Sierra Leone,2025-09-17,6,0,993
SL,🇸🇱 Sierra Leone,2025-10-17,6,0,994
SL,🇸🇱 Sierra Leone,2025-11-17,7,4,989
SL,🇸🇱 Sierra Leone,2025-12-17,7,10,983
SL,🇸🇱 Sierra Leone,2026-01-17,7,0,993
SL,🇸🇱 Sierra Leone,2026-02-17,9,0,954
SL,🇸🇱 Sierra Leone,2026-03-17,6,0,983
SG,🇸🇬 Singapore,2024-06-05,774,0,226
SG,🇸🇬 Singapore,2024-06-19,765,0,235
SG,🇸🇬 Singapore,2024-08-08,764,0,236
SG,🇸🇬 Singapore,2024-08-20,671,0,329
SG,🇸🇬 Singapore,2024-09-16,660,0,340
SG,🇸🇬 Singapore,2024-09-20,660,0,340
SG,🇸🇬 Singapore,2024-10-17,718,0,282
SG,🇸🇬 Singapore,2024-11-17,618,0,382
SG,🇸🇬 Singapore,2024-12-18,608,0,392
SG,🇸🇬 Singapore,2025-01-17,621,1,378
SG,🇸🇬 Singapore,2025-02-17,728,0,272
SG,🇸🇬 Singapore,2025-03-17,698,24,278
SG,🇸🇬 Singapore,2025-04-17,700,0,300
SG,🇸🇬 Singapore,2025-05-17,699,35,266
SG,🇸🇬 Singapore,2025-06-17,705,0,295
SG,🇸🇬 Singapore,2025-07-17,652,0,348
SG,🇸🇬 Singapore,2025-08-17,687,14,299
SG,🇸🇬 Singapore,2025-09-17,646,0,354
SG,🇸🇬 Singapore,2025-10-17,651,0,349
SG,🇸🇬 Singapore,2025-11-17,690,0,310
SG,🇸🇬 Singapore,2025-12-17,690,0,310
SG,🇸🇬 Singapore,2026-01-17,718,0,282
SG,🇸🇬 Singapore,2026-02-17,704,20,267
SG,🇸🇬 Singapore,2026-03-17,750,14,227
SX,🇸🇽 Sint Maarten (Dutch part),2024-06-05,194,0,806
SX,🇸🇽 Sint Maarten (Dutch part),2024-06-21,192,0,808
SX,🇸🇽 Sint Maarten (Dutch part),2024-08-09,183,0,817
SX,🇸🇽 Sint Maarten (Dutch part),2024-08-19,212,0,788
SX,🇸🇽 Sint Maarten (Dutch part),2024-09-16,190,0,809
SX,🇸🇽 Sint Maarten (Dutch part),2024-09-19,190,0,809
SX,🇸🇽 Sint Maarten (Dutch part),2024-10-17,195,0,805
SX,🇸🇽 Sint Maarten (Dutch part),2024-11-17,186,0,814
SX,🇸🇽 Sint Maarten (Dutch part),2024-12-18,195,0,805
SX,🇸🇽 Sint Maarten (Dutch part),2025-01-17,206,0,794
SX,🇸🇽 Sint Maarten (Dutch part),2025-02-17,202,0,798
SX,🇸🇽 Sint Maarten (Dutch part),2025-03-17,207,0,793
SX,🇸🇽 Sint Maarten (Dutch part),2025-04-17,208,0,792
SX,🇸🇽 Sint Maarten (Dutch part),2025-05-17,194,4,802
SX,🇸🇽 Sint Maarten (Dutch part),2025-06-17,202,19,779
SX,🇸🇽 Sint Maarten (Dutch part),2025-07-17,190,6,804
SX,🇸🇽 Sint Maarten (Dutch part),2025-08-17,189,27,784
SX,🇸🇽 Sint Maarten (Dutch part),2025-09-17,179,0,820
SX,🇸🇽 Sint Maarten (Dutch part),2025-10-17,180,0,819
SX,🇸🇽 Sint Maarten (Dutch part),2025-11-17,186,39,774
SX,🇸🇽 Sint Maarten (Dutch part),2025-12-17,197,42,761
SX,🇸🇽 Sint Maarten (Dutch part),2026-01-17,191,12,797
SX,🇸🇽 Sint Maarten (Dutch part),2026-02-17,189,59,735
SX,🇸🇽 Sint Maarten (Dutch part),2026-03-17,198,56,726
SK,🇸🇰 Slovakia,2024-05-31,371,55,574
SK,🇸🇰 Slovakia,2024-06-23,380,54,566
SK,🇸🇰 Slovakia,2024-07-23,371,73,557
SK,🇸🇰 Slovakia,2024-07-24,371,73,557
SK,🇸🇰 Slovakia,2024-08-05,372,52,576
SK,🇸🇰 Slovakia,2024-08-19,379,54,567
SK,🇸🇰 Slovakia,2024-09-16,364,57,579
SK,🇸🇰 Slovakia,2024-10-17,381,0,619
SK,🇸🇰 Slovakia,2024-11-17,293,130,577
SK,🇸🇰 Slovakia,2024-12-18,402,22,577
SK,🇸🇰 Slovakia,2025-01-17,290,130,580
SK,🇸🇰 Slovakia,2025-02-17,356,0,644
SK,🇸🇰 Slovakia,2025-03-17,294,0,706
SK,🇸🇰 Slovakia,2025-04-17,431,0,569
SK,🇸🇰 Slovakia,2025-05-17,431,0,569
SK,🇸🇰 Slovakia,2025-06-17,435,0,565
SK,🇸🇰 Slovakia,2025-07-17,426,0,574
SK,🇸🇰 Slovakia,2025-08-17,414,0,586
SK,🇸🇰 Slovakia,2025-09-17,413,2,585
SK,🇸🇰 Slovakia,2025-10-17,432,0,568
SK,🇸🇰 Slovakia,2025-11-17,410,0,590
SK,🇸🇰 Slovakia,2025-12-17,405,0,595
SK,🇸🇰 Slovakia,2026-01-17,417,2,581
SK,🇸🇰 Slovakia,2026-02-17,405,0,587
SK,🇸🇰 Slovakia,2026-03-17,419,0,575
SI,🇸🇮 Slovenia,2024-06-05,412,18,570
SI,🇸🇮 Slovenia,2024-06-18,401,11,588
SI,🇸🇮 Slovenia,2024-07-25,389,20,591
SI,🇸🇮 Slovenia,2024-08-06,390,22,588
SI,🇸🇮 Slovenia,2024-08-17,381,24,595
SI,🇸🇮 Slovenia,2024-09-16,384,11,605
SI,🇸🇮 Slovenia,2024-10-17,395,9,596
SI,🇸🇮 Slovenia,2024-11-17,393,9,598
SI,🇸🇮 Slovenia,2024-12-18,383,19,598
SI,🇸🇮 Slovenia,2025-01-17,375,1,624
SI,🇸🇮 Slovenia,2025-02-17,388,0,612
SI,🇸🇮 Slovenia,2025-03-17,387,7,606
SI,🇸🇮 Slovenia,2025-04-17,376,9,615
SI,🇸🇮 Slovenia,2025-05-17,377,24,599
SI,🇸🇮 Slovenia,2025-06-17,382,0,618
SI,🇸🇮 Slovenia,2025-07-17,370,0,630
SI,🇸🇮 Slovenia,2025-08-17,352,6,642
SI,🇸🇮 Slovenia,2025-09-17,362,0,638
SI,🇸🇮 Slovenia,2025-10-17,370,0,630
SI,🇸🇮 Slovenia,2025-11-17,359,13,628
SI,🇸🇮 Slovenia,2025-12-17,357,0,642
SI,🇸🇮 Slovenia,2026-01-17,358,0,642
SI,🇸🇮 Slovenia,2026-02-17,367,0,631
SI,🇸🇮 Slovenia,2026-03-17,363,0,635
SB,🇸🇧 Solomon Islands,2024-06-02,11,0,985
SB,🇸🇧 Solomon Islands,2024-06-19,13,0,980
SB,🇸🇧 Solomon Islands,2024-07-27,10,0,983
SB,🇸🇧 Solomon Islands,2024-08-07,3,0,990
SB,🇸🇧 Solomon Islands,2024-08-16,11,0,982
SB,🇸🇧 Solomon Islands,2024-09-16,12,0,982
SB,🇸🇧 Solomon Islands,2024-10-17,12,0,985
SB,🇸🇧 Solomon Islands,2024-11-17,13,0,984
SB,🇸🇧 Solomon Islands,2024-12-18,11,0,987
SB,🇸🇧 Solomon Islands,2025-01-17,10,0,988
SB,🇸🇧 Solomon Islands,2025-02-17,10,0,987
SB,🇸🇧 Solomon Islands,2025-03-17,11,0,985
SB,🇸🇧 Solomon Islands,2025-04-17,10,0,988
SB,🇸🇧 Solomon Islands,2025-05-17,10,0,988
SB,🇸🇧 Solomon Islands,2025-06-17,8,0,989
SB,🇸🇧 Solomon Islands,2025-07-17,9,0,989
SB,🇸🇧 Solomon Islands,2025-08-17,9,0,988
SB,🇸🇧 Solomon Islands,2025-09-17,10,0,986
SB,🇸🇧 Solomon Islands,2025-10-17,11,0,984
SB,🇸🇧 Solomon Islands,2025-11-17,11,0,987
SB,🇸🇧 Solomon Islands,2025-12-17,10,0,986
SB,🇸🇧 Solomon Islands,2026-01-17,8,0,991
SB,🇸🇧 Solomon Islands,2026-02-17,10,0,971
SB,🇸🇧 Solomon Islands,2026-03-17,12,0,972
SO,🇸🇴 Somalia,2024-05-30,21,46,929
SO,🇸🇴 Somalia,2024-06-24,24,321,651
SO,🇸🇴 Somalia,2024-07-26,12,0,984
SO,🇸🇴 Somalia,2024-08-06,21,522,453
SO,🇸🇴 Somalia,2024-08-19,23,441,534
SO,🇸🇴 Somalia,2024-09-16,23,451,524
SO,🇸🇴 Somalia,2024-09-17,23,451,524
SO,🇸🇴 Somalia,2024-10-17,25,325,649
SO,🇸🇴 Somalia,2024-11-17,21,172,807
SO,🇸🇴 Somalia,2024-12-18,18,342,639
SO,🇸🇴 Somalia,2025-01-17,18,1,980
SO,🇸🇴 Somalia,2025-02-17,18,19,963
SO,🇸🇴 Somalia,2025-03-17,18,317,665
SO,🇸🇴 Somalia,2025-04-17,18,270,712
SO,🇸🇴 Somalia,2025-05-17,17,265,717
SO,🇸🇴 Somalia,2025-06-17,17,106,876
SO,🇸🇴 Somalia,2025-07-17,16,195,789
SO,🇸🇴 Somalia,2025-08-17,19,530,451
SO,🇸🇴 Somalia,2025-09-17,16,348,636
SO,🇸🇴 Somalia,2025-10-17,17,419,564
SO,🇸🇴 Somalia,2025-11-17,16,0,984
SO,🇸🇴 Somalia,2025-12-17,20,0,980
SO,🇸🇴 Somalia,2026-01-17,21,0,979
SO,🇸🇴 Somalia,2026-02-17,20,75,893
SO,🇸🇴 Somalia,2026-03-17,24,75,883
ZA,🇿🇦 South Africa,2024-06-02,711,0,286
ZA,🇿🇦 South Africa,2024-06-21,861,0,137
ZA,🇿🇦 South Africa,2024-08-09,711,0,287
ZA,🇿🇦 South Africa,2024-08-20,734,0,264
ZA,🇿🇦 South Africa,2024-09-16,725,0,273
ZA,🇿🇦 South Africa,2024-09-19,725,0,273
ZA,🇿🇦 South Africa,2024-10-17,773,0,225
ZA,🇿🇦 South Africa,2024-11-17,781,0,217
ZA,🇿🇦 South Africa,2024-12-18,751,0,247
ZA,🇿🇦 South Africa,2025-01-17,785,0,213
ZA,🇿🇦 South Africa,2025-02-17,834,0,163
ZA,🇿🇦 South Africa,2025-03-17,707,0,292
ZA,🇿🇦 South Africa,2025-04-17,719,0,280
ZA,🇿🇦 South Africa,2025-05-17,693,0,305
ZA,🇿🇦 South Africa,2025-06-17,672,0,326
ZA,🇿🇦 South Africa,2025-07-17,692,0,306
ZA,🇿🇦 South Africa,2025-08-17,674,0,324
ZA,🇿🇦 South Africa,2025-09-17,678,0,322
ZA,🇿🇦 South Africa,2025-10-17,693,0,307
ZA,🇿🇦 South Africa,2025-11-17,716,0,284
ZA,🇿🇦 South Africa,2025-12-17,714,0,286
ZA,🇿🇦 South Africa,2026-01-17,700,0,299
ZA,🇿🇦 South Africa,2026-02-17,692,0,301
ZA,🇿🇦 South Africa,2026-03-17,697,0,298
KR,🇰🇷 South Korea,2024-06-02,876,27,97
KR,🇰🇷 South Korea,2024-06-20,912,1,87
KR,🇰🇷 South Korea,2024-08-07,890,8,102
KR,🇰🇷 South Korea,2024-08-16,855,48,97
KR,🇰🇷 South Korea,2024-09-16,910,2,88
KR,🇰🇷 South Korea,2024-09-20,910,2,88
KR,🇰🇷 South Korea,2024-10-17,909,2,89
KR,🇰🇷 South Korea,2024-11-17,907,2,91
KR,🇰🇷 South Korea,2024-12-18,906,0,94
KR,🇰🇷 South Korea,2025-01-17,842,0,158
KR,🇰🇷 South Korea,2025-02-17,909,2,89
KR,🇰🇷 South Korea,2025-03-17,885,19,95
KR,🇰🇷 South Korea,2025-04-17,906,2,91
KR,🇰🇷 South Korea,2025-05-17,885,19,96
KR,🇰🇷 South Korea,2025-06-17,906,0,93
KR,🇰🇷 South Korea,2025-07-17,881,0,117
KR,🇰🇷 South Korea,2025-08-17,885,20,93
KR,🇰🇷 South Korea,2025-09-17,901,0,98
KR,🇰🇷 South Korea,2025-10-17,900,4,95
KR,🇰🇷 South Korea,2025-11-17,893,14,92
KR,🇰🇷 South Korea,2025-12-17,833,61,106
KR,🇰🇷 South Korea,2026-01-17,902,1,96
KR,🇰🇷 South Korea,2026-02-17,838,70,84
KR,🇰🇷 South Korea,2026-03-17,903,1,87
SS,🇸🇸 South Sudan,2024-06-07,9,489,497
SS,🇸🇸 South Sudan,2024-06-19,0,0,998
SS,🇸🇸 South Sudan,2024-08-09,15,491,492
SS,🇸🇸 South Sudan,2024-08-19,12,493,490
SS,🇸🇸 South Sudan,2024-09-16,13,487,495
SS,🇸🇸 South Sudan,2024-09-20,13,487,495
SS,🇸🇸 South Sudan,2024-10-17,4,522,472
SS,🇸🇸 South Sudan,2024-11-17,15,469,514
SS,🇸🇸 South Sudan,2024-12-18,3,465,529
SS,🇸🇸 South Sudan,2025-01-17,4,482,512
SS,🇸🇸 South Sudan,2025-02-17,0,542,456
SS,🇸🇸 South Sudan,2025-03-17,0,456,540
SS,🇸🇸 South Sudan,2025-04-17,0,475,521
SS,🇸🇸 South Sudan,2025-05-17,0,491,505
SS,🇸🇸 South Sudan,2025-06-17,0,462,534
SS,🇸🇸 South Sudan,2025-07-17,0,468,529
SS,🇸🇸 South Sudan,2025-08-17,0,539,459
SS,🇸🇸 South Sudan,2025-09-17,0,536,462
SS,🇸🇸 South Sudan,2025-10-17,1,474,521
SS,🇸🇸 South Sudan,2025-11-17,1,567,430
SS,🇸🇸 South Sudan,2025-12-17,2,279,718
SS,🇸🇸 South Sudan,2026-01-17,2,318,679
SS,🇸🇸 South Sudan,2026-02-17,3,359,631
SS,🇸🇸 South Sudan,2026-03-17,2,258,729
ES,🇪🇸 Spain,2024-06-07,713,0,287
ES,🇪🇸 Spain,2024-06-24,803,13,184
ES,🇪🇸 Spain,2024-07-30,299,0,701
ES,🇪🇸 Spain,2024-08-07,774,23,203
ES,🇪🇸 Spain,2024-08-20,825,0,175
ES,🇪🇸 Spain,2024-09-16,782,0,218
ES,🇪🇸 Spain,2024-09-18,782,0,218
ES,🇪🇸 Spain,2024-10-17,678,33,290
ES,🇪🇸 Spain,2024-11-17,784,0,216
ES,🇪🇸 Spain,2024-12-18,724,0,276
ES,🇪🇸 Spain,2025-01-17,792,35,173
ES,🇪🇸 Spain,2025-02-17,757,0,243
ES,🇪🇸 Spain,2025-03-17,838,0,162
ES,🇪🇸 Spain,2025-04-17,831,0,169
ES,🇪🇸 Spain,2025-05-17,825,0,175
ES,🇪🇸 Spain,2025-06-17,758,0,242
ES,🇪🇸 Spain,2025-07-17,616,0,384
ES,🇪🇸 Spain,2025-08-17,681,0,319
ES,🇪🇸 Spain,2025-09-17,664,0,336
ES,🇪🇸 Spain,2025-10-17,657,0,343
ES,🇪🇸 Spain,2025-11-17,660,0,340
ES,🇪🇸 Spain,2025-12-17,702,0,298
ES,🇪🇸 Spain,2026-01-17,675,0,325
ES,🇪🇸 Spain,2026-02-17,678,0,321
ES,🇪🇸 Spain,2026-03-17,669,0,330
LK,🇱🇰 Sri Lanka,2024-05-31,296,0,700
LK,🇱🇰 Sri Lanka,2024-06-19,467,0,529
LK,🇱🇰 Sri Lanka,2024-08-09,300,0,698
LK,🇱🇰 Sri Lanka,2024-08-21,315,0,682
LK,🇱🇰 Sri Lanka,2024-09-16,301,0,697
LK,🇱🇰 Sri Lanka,2024-09-19,301,0,697
LK,🇱🇰 Sri Lanka,2024-10-17,307,0,691
LK,🇱🇰 Sri Lanka,2024-11-17,327,0,670
LK,🇱🇰 Sri Lanka,2024-12-18,218,0,778
LK,🇱🇰 Sri Lanka,2025-01-17,328,0,671
LK,🇱🇰 Sri Lanka,2025-02-17,227,0,771
LK,🇱🇰 Sri Lanka,2025-03-17,286,0,713
LK,🇱🇰 Sri Lanka,2025-04-17,273,0,727
LK,🇱🇰 Sri Lanka,2025-05-17,274,0,726
LK,🇱🇰 Sri Lanka,2025-06-17,234,0,766
LK,🇱🇰 Sri Lanka,2025-07-17,240,0,759
LK,🇱🇰 Sri Lanka,2025-08-17,239,0,759
LK,🇱🇰 Sri Lanka,2025-09-17,236,0,762
LK,🇱🇰 Sri Lanka,2025-10-17,189,0,809
LK,🇱🇰 Sri Lanka,2025-11-17,226,0,773
LK,🇱🇰 Sri Lanka,2025-12-17,274,0,725
LK,🇱🇰 Sri Lanka,2026-01-17,264,52,683
LK,🇱🇰 Sri Lanka,2026-02-17,280,2,711
LK,🇱🇰 Sri Lanka,2026-03-17,222,0,769
SD,🇸🇩 Sudan,2024-05-31,4,0,989
SD,🇸🇩 Sudan,2024-06-19,11,0,982
SD,🇸🇩 Sudan,2024-08-09,9,0,988
SD,🇸🇩 Sudan,2024-08-21,11,4,982
SD,🇸🇩 Sudan,2024-09-16,10,0,986
SD,🇸🇩 Sudan,2024-09-19,10,0,986
SD,🇸🇩 Sudan,2024-10-17,9,0,987
SD,🇸🇩 Sudan,2024-11-17,9,0,988
SD,🇸🇩 Sudan,2024-12-18,12,45,940
SD,🇸🇩 Sudan,2025-01-17,11,0,986
SD,🇸🇩 Sudan,2025-02-17,13,0,983
SD,🇸🇩 Sudan,2025-03-17,13,0,984
SD,🇸🇩 Sudan,2025-04-17,13,0,984
SD,🇸🇩 Sudan,2025-05-17,14,0,985
SD,🇸🇩 Sudan,2025-06-17,15,0,984
SD,🇸🇩 Sudan,2025-07-17,12,0,985
SD,🇸🇩 Sudan,2025-08-17,14,0,985
SD,🇸🇩 Sudan,2025-09-17,13,0,986
SD,🇸🇩 Sudan,2025-10-17,14,0,985
SD,🇸🇩 Sudan,2025-11-17,21,0,978
SD,🇸🇩 Sudan,2025-12-17,22,0,975
SD,🇸🇩 Sudan,2026-01-17,21,0,977
SD,🇸🇩 Sudan,2026-02-17,16,0,970
SD,🇸🇩 Sudan,2026-03-17,17,0,968
SR,🇸🇷 Suriname,2024-06-02,500,35,462
SR,🇸🇷 Suriname,2024-06-18,504,32,462
SR,🇸🇷 Suriname,2024-07-27,122,0,876
SR,🇸🇷 Suriname,2024-08-07,127,38,833
SR,🇸🇷 Suriname,2024-08-21,507,0,491
SR,🇸🇷 Suriname,2024-09-16,499,87,412
SR,🇸🇷 Suriname,2024-09-18,499,87,412
SR,🇸🇷 Suriname,2024-10-17,138,52,808
SR,🇸🇷 Suriname,2024-11-17,514,128,356
SR,🇸🇷 Suriname,2024-12-18,506,51,442
SR,🇸🇷 Suriname,2025-01-17,492,93,413
SR,🇸🇷 Suriname,2025-02-17,482,62,454
SR,🇸🇷 Suriname,2025-03-17,129,93,776
SR,🇸🇷 Suriname,2025-04-17,489,108,401
SR,🇸🇷 Suriname,2025-05-17,501,0,497
SR,🇸🇷 Suriname,2025-06-17,546,40,412
SR,🇸🇷 Suriname,2025-07-17,504,164,330
SR,🇸🇷 Suriname,2025-08-17,116,58,824
SR,🇸🇷 Suriname,2025-09-17,501,63,434
SR,🇸🇷 Suriname,2025-10-17,495,68,435
SR,🇸🇷 Suriname,2025-11-17,492,66,440
SR,🇸🇷 Suriname,2025-12-17,555,6,438
SR,🇸🇷 Suriname,2026-01-17,564,0,435
SR,🇸🇷 Suriname,2026-02-17,509,71,414
SR,🇸🇷 Suriname,2026-03-17,479,84,424
SJ,🇸🇯 Svalbard and Jan Mayen,2024-06-02,0,0,98
SJ,🇸🇯 Svalbard and Jan Mayen,2024-06-21,0,0,117
SJ,🇸🇯 Svalbard and Jan Mayen,2024-07-23,0,0,93
SJ,🇸🇯 Svalbard and Jan Mayen,2024-07-24,0,0,93
SJ,🇸🇯 Svalbard and Jan Mayen,2024-08-05,0,0,93
SJ,🇸🇯 Svalbard and Jan Mayen,2024-08-20,0,0,73
SJ,🇸🇯 Svalbard and Jan Mayen,2024-09-16,0,0,107
SJ,🇸🇯 Svalbard and Jan Mayen,2024-10-17,0,0,85
SJ,🇸🇯 Svalbard and Jan Mayen,2024-11-17,0,0,87
SJ,🇸🇯 Svalbard and Jan Mayen,2024-12-18,0,0,76
SJ,🇸🇯 Svalbard and Jan Mayen,2025-01-17,0,0,33
SJ,🇸🇯 Svalbard and Jan Mayen,2025-02-17,0,0,62
SJ,🇸🇯 Svalbard and Jan Mayen,2025-03-17,0,0,87
SJ,🇸🇯 Svalbard and Jan Mayen,2025-04-17,0,0,83
SJ,🇸🇯 Svalbard and Jan Mayen,2025-05-17,0,0,79
SJ,🇸🇯 Svalbard and Jan Mayen,2025-06-17,0,0,90
SJ,🇸🇯 Svalbard and Jan Mayen,2025-07-17,0,0,124
SJ,🇸🇯 Svalbard and Jan Mayen,2025-08-17,0,0,102
SJ,🇸🇯 Svalbard and Jan Mayen,2025-09-17,0,0,97
SJ,🇸🇯 Svalbard and Jan Mayen,2025-10-17,0,0,72
SJ,🇸🇯 Svalbard and Jan Mayen,2025-11-17,0,0,66
SJ,🇸🇯 Svalbard and Jan Mayen,2025-12-17,0,0,53
SE,🇸🇪 Sweden,2024-06-01,611,67,322
SE,🇸🇪 Sweden,2024-06-21,608,227,165
SE,🇸🇪 Sweden,2024-08-08,655,170,175
SE,🇸🇪 Sweden,2024-08-16,713,110,177
SE,🇸🇪 Sweden,2024-09-16,686,145,169
SE,🇸🇪 Sweden,2024-09-17,686,145,169
SE,🇸🇪 Sweden,2024-10-17,687,22,291
SE,🇸🇪 Sweden,2024-11-17,541,271,187
SE,🇸🇪 Sweden,2024-12-18,584,179,237
SE,🇸🇪 Sweden,2025-01-17,711,107,182
SE,🇸🇪 Sweden,2025-02-17,654,113,233
SE,🇸🇪 Sweden,2025-03-17,439,370,191
SE,🇸🇪 Sweden,2025-04-17,418,295,286
SE,🇸🇪 Sweden,2025-05-17,664,57,279
SE,🇸🇪 Sweden,2025-06-17,530,208,260
SE,🇸🇪 Sweden,2025-07-17,541,202,257
SE,🇸🇪 Sweden,2025-08-17,768,57,175
SE,🇸🇪 Sweden,2025-09-17,770,13,217
SE,🇸🇪 Sweden,2025-10-17,721,81,198
SE,🇸🇪 Sweden,2025-11-17,647,149,204
SE,🇸🇪 Sweden,2025-12-17,701,150,149
SE,🇸🇪 Sweden,2026-01-17,695,143,162
SE,🇸🇪 Sweden,2026-02-17,691,149,153
SE,🇸🇪 Sweden,2026-03-17,728,55,213
CH,🇨🇭 Switzerland,2024-06-02,313,95,592
CH,🇨🇭 Switzerland,2024-06-20,571,144,285
CH,🇨🇭 Switzerland,2024-07-24,665,39,296
CH,🇨🇭 Switzerland,2024-08-05,570,164,266
CH,🇨🇭 Switzerland,2024-08-17,559,122,319
CH,🇨🇭 Switzerland,2024-09-16,569,125,306
CH,🇨🇭 Switzerland,2024-09-19,569,125,306
CH,🇨🇭 Switzerland,2024-10-17,588,129,283
CH,🇨🇭 Switzerland,2024-11-17,593,167,240
CH,🇨🇭 Switzerland,2024-12-18,591,111,298
CH,🇨🇭 Switzerland,2025-01-17,575,112,313
CH,🇨🇭 Switzerland,2025-02-17,667,86,247
CH,🇨🇭 Switzerland,2025-03-17,623,131,246
CH,🇨🇭 Switzerland,2025-04-17,623,103,274
CH,🇨🇭 Switzerland,2025-05-17,627,75,298
CH,🇨🇭 Switzerland,2025-06-17,580,169,251
CH,🇨🇭 Switzerland,2025-07-17,600,160,240
CH,🇨🇭 Switzerland,2025-08-17,573,167,260
CH,🇨🇭 Switzerland,2025-09-17,606,95,299
CH,🇨🇭 Switzerland,2025-10-17,455,113,432
CH,🇨🇭 Switzerland,2025-11-17,614,153,233
CH,🇨🇭 Switzerland,2025-12-17,617,113,270
CH,🇨🇭 Switzerland,2026-01-17,621,159,220
CH,🇨🇭 Switzerland,2026-02-17,644,150,202
CH,🇨🇭 Switzerland,2026-03-17,595,170,229
SY,🇸🇾 Syria,2024-06-04,37,0,958
SY,🇸🇾 Syria,2024-06-21,47,7,942
SY,🇸🇾 Syria,2024-08-08,47,0,948
SY,🇸🇾 Syria,2024-08-21,53,6,934
SY,🇸🇾 Syria,2024-09-16,49,0,943
SY,🇸🇾 Syria,2024-09-18,49,0,943
SY,🇸🇾 Syria,2024-10-17,55,7,931
SY,🇸🇾 Syria,2024-11-17,60,0,934
SY,🇸🇾 Syria,2024-12-18,46,0,949
SY,🇸🇾 Syria,2025-01-17,23,0,971
SY,🇸🇾 Syria,2025-02-17,26,0,969
SY,🇸🇾 Syria,2025-03-17,47,0,950
SY,🇸🇾 Syria,2025-04-17,37,0,960
SY,🇸🇾 Syria,2025-05-17,34,0,963
SY,🇸🇾 Syria,2025-06-17,31,0,965
SY,🇸🇾 Syria,2025-07-17,31,0,966
SY,🇸🇾 Syria,2025-08-17,35,0,961
SY,🇸🇾 Syria,2025-09-17,27,0,971
SY,🇸🇾 Syria,2025-10-17,34,0,964
SY,🇸🇾 Syria,2025-11-17,29,0,969
SY,🇸🇾 Syria,2025-12-17,27,0,971
SY,🇸🇾 Syria,2026-01-17,24,0,974
SY,🇸🇾 Syria,2026-02-17,26,0,961
SY,🇸🇾 Syria,2026-03-17,32,0,954
TW,🇹🇼 Taiwan,2024-06-05,645,85,267
TW,🇹🇼 Taiwan,2024-06-23,774,7,216
TW,🇹🇼 Taiwan,2024-07-25,723,54,220
TW,🇹🇼 Taiwan,2024-08-06,656,123,218
TW,🇹🇼 Taiwan,2024-08-20,656,132,209
TW,🇹🇼 Taiwan,2024-09-16,665,90,242
TW,🇹🇼 Taiwan,2024-10-17,646,127,224
TW,🇹🇼 Taiwan,2024-11-17,665,80,252
TW,🇹🇼 Taiwan,2024-12-18,649,116,234
TW,🇹🇼 Taiwan,2025-01-17,638,133,228
TW,🇹🇼 Taiwan,2025-02-17,647,129,223
TW,🇹🇼 Taiwan,2025-03-17,662,119,218
TW,🇹🇼 Taiwan,2025-04-17,653,128,218
TW,🇹🇼 Taiwan,2025-05-17,634,142,223
TW,🇹🇼 Taiwan,2025-06-17,648,127,224
TW,🇹🇼 Taiwan,2025-07-17,579,200,220
TW,🇹🇼 Taiwan,2025-08-17,647,118,234
TW,🇹🇼 Taiwan,2025-09-17,678,86,235
TW,🇹🇼 Taiwan,2025-10-17,683,87,229
TW,🇹🇼 Taiwan,2025-11-17,712,63,224
TW,🇹🇼 Taiwan,2025-12-17,653,132,214
TW,🇹🇼 Taiwan,2026-01-17,715,69,215
TW,🇹🇼 Taiwan,2026-02-17,668,119,209
TW,🇹🇼 Taiwan,2026-03-17,643,131,220
TJ,🇹🇯 Tajikistan,2024-06-05,87,0,910
TJ,🇹🇯 Tajikistan,2024-06-23,97,0,901
TJ,🇹🇯 Tajikistan,2024-07-23,89,0,909
TJ,🇹🇯 Tajikistan,2024-07-24,89,0,909
TJ,🇹🇯 Tajikistan,2024-08-05,88,0,910
TJ,🇹🇯 Tajikistan,2024-08-21,76,0,923
TJ,🇹🇯 Tajikistan,2024-09-16,74,0,924
TJ,🇹🇯 Tajikistan,2024-09-18,74,0,924
TJ,🇹🇯 Tajikistan,2024-10-17,89,0,910
TJ,🇹🇯 Tajikistan,2024-11-17,99,0,900
TJ,🇹🇯 Tajikistan,2024-12-18,93,0,906
TJ,🇹🇯 Tajikistan,2025-01-17,93,0,905
TJ,🇹🇯 Tajikistan,2025-02-17,89,0,909
TJ,🇹🇯 Tajikistan,2025-03-17,90,0,909
TJ,🇹🇯 Tajikistan,2025-04-17,81,0,917
TJ,🇹🇯 Tajikistan,2025-05-17,84,0,912
TJ,🇹🇯 Tajikistan,2025-06-17,93,0,904
TJ,🇹🇯 Tajikistan,2025-07-17,77,0,921
TJ,🇹🇯 Tajikistan,2025-08-17,65,0,931
TJ,🇹🇯 Tajikistan,2025-09-17,73,0,924
TJ,🇹🇯 Tajikistan,2025-11-17,100,0,896
TJ,🇹🇯 Tajikistan,2025-12-17,100,0,894
TJ,🇹🇯 Tajikistan,2026-01-17,96,0,899
TJ,🇹🇯 Tajikistan,2026-02-17,75,0,794
TJ,🇹🇯 Tajikistan,2026-03-17,88,0,894
TZ,🇹🇿 Tanzania,2024-06-03,339,278,379
TZ,🇹🇿 Tanzania,2024-06-06,244,366,386
TZ,🇹🇿 Tanzania,2024-06-20,249,480,269
TZ,🇹🇿 Tanzania,2024-08-09,249,279,470
TZ,🇹🇿 Tanzania,2024-08-20,370,217,410
TZ,🇹🇿 Tanzania,2024-09-16,356,277,362
TZ,🇹🇿 Tanzania,2024-09-20,356,277,362
TZ,🇹🇿 Tanzania,2024-10-17,377,252,368
TZ,🇹🇿 Tanzania,2024-11-17,305,310,381
TZ,🇹🇿 Tanzania,2024-12-18,401,221,375
TZ,🇹🇿 Tanzania,2025-01-17,390,247,360
TZ,🇹🇿 Tanzania,2025-02-17,419,207,371
TZ,🇹🇿 Tanzania,2025-03-17,489,137,371
TZ,🇹🇿 Tanzania,2025-04-17,403,251,341
TZ,🇹🇿 Tanzania,2025-05-17,393,238,364
TZ,🇹🇿 Tanzania,2025-06-17,392,237,366
TZ,🇹🇿 Tanzania,2025-07-17,398,214,385
TZ,🇹🇿 Tanzania,2025-08-17,273,240,483
TZ,🇹🇿 Tanzania,2025-09-17,283,426,289
TZ,🇹🇿 Tanzania,2025-10-17,527,60,411
TZ,🇹🇿 Tanzania,2025-11-17,372,297,329
TZ,🇹🇿 Tanzania,2025-12-17,460,211,326
TZ,🇹🇿 Tanzania,2026-01-17,515,172,310
TZ,🇹🇿 Tanzania,2026-02-17,393,293,305
TZ,🇹🇿 Tanzania,2026-03-17,377,242,374
TH,🇹🇭 Thailand,2024-06-02,721,79,200
TH,🇹🇭 Thailand,2024-06-18,794,60,146
TH,🇹🇭 Thailand,2024-08-08,736,106,158
TH,🇹🇭 Thailand,2024-08-20,739,114,146
TH,🇹🇭 Thailand,2024-09-16,606,244,150
TH,🇹🇭 Thailand,2024-09-18,606,244,150
TH,🇹🇭 Thailand,2024-10-17,628,229,143
TH,🇹🇭 Thailand,2024-11-17,647,210,143
TH,🇹🇭 Thailand,2024-12-18,470,378,152
TH,🇹🇭 Thailand,2025-01-17,580,257,163
TH,🇹🇭 Thailand,2025-02-17,724,120,156
TH,🇹🇭 Thailand,2025-03-17,592,239,169
TH,🇹🇭 Thailand,2025-04-17,740,106,154
TH,🇹🇭 Thailand,2025-05-17,571,260,169
TH,🇹🇭 Thailand,2025-06-17,346,491,163
TH,🇹🇭 Thailand,2025-07-17,535,302,163
TH,🇹🇭 Thailand,2025-08-17,526,302,172
TH,🇹🇭 Thailand,2025-09-17,662,149,189
TH,🇹🇭 Thailand,2025-10-17,485,330,185
TH,🇹🇭 Thailand,2025-11-17,526,291,183
TH,🇹🇭 Thailand,2025-12-17,357,471,172
TH,🇹🇭 Thailand,2026-01-17,451,383,166
TH,🇹🇭 Thailand,2026-02-17,647,202,149
TH,🇹🇭 Thailand,2026-03-17,338,515,146
TL,🇹🇱 Timor-Leste,2024-06-06,36,0,961
TL,🇹🇱 Timor-Leste,2024-06-21,33,0,960
TL,🇹🇱 Timor-Leste,2024-08-08,38,608,349
TL,🇹🇱 Timor-Leste,2024-08-16,43,601,353
TL,🇹🇱 Timor-Leste,2024-09-16,37,603,357
TL,🇹🇱 Timor-Leste,2024-09-19,37,603,357
TL,🇹🇱 Timor-Leste,2024-10-17,40,563,396
TL,🇹🇱 Timor-Leste,2024-11-17,43,596,361
TL,🇹🇱 Timor-Leste,2024-12-18,33,568,398
TL,🇹🇱 Timor-Leste,2025-01-17,30,609,359
TL,🇹🇱 Timor-Leste,2025-02-17,38,584,377
TL,🇹🇱 Timor-Leste,2025-03-17,39,561,399
TL,🇹🇱 Timor-Leste,2025-04-17,38,565,396
TL,🇹🇱 Timor-Leste,2025-05-17,38,479,482
TL,🇹🇱 Timor-Leste,2025-06-17,38,431,529
TL,🇹🇱 Timor-Leste,2025-07-17,37,78,884
TL,🇹🇱 Timor-Leste,2025-08-17,27,496,475
TL,🇹🇱 Timor-Leste,2025-09-17,37,73,888
TL,🇹🇱 Timor-Leste,2025-10-17,38,568,393
TL,🇹🇱 Timor-Leste,2025-11-17,32,476,491
TL,🇹🇱 Timor-Leste,2025-12-17,32,534,433
TL,🇹🇱 Timor-Leste,2026-01-17,31,557,412
TL,🇹🇱 Timor-Leste,2026-02-17,36,580,367
TL,🇹🇱 Timor-Leste,2026-03-17,38,565,371
TG,🇹🇬 Togo,2024-06-05,118,7,873
TG,🇹🇬 Togo,2024-06-19,114,1,883
TG,🇹🇬 Togo,2024-07-26,106,0,891
TG,🇹🇬 Togo,2024-08-06,116,350,531
TG,🇹🇬 Togo,2024-08-21,118,124,756
TG,🇹🇬 Togo,2024-09-16,120,235,642
TG,🇹🇬 Togo,2024-09-17,120,235,642
TG,🇹🇬 Togo,2024-10-17,128,347,523
TG,🇹🇬 Togo,2024-11-17,119,249,630
TG,🇹🇬 Togo,2024-12-18,120,8,870
TG,🇹🇬 Togo,2025-01-17,122,127,749
TG,🇹🇬 Togo,2025-02-17,118,341,539
TG,🇹🇬 Togo,2025-03-17,120,238,640
TG,🇹🇬 Togo,2025-04-17,125,173,699
TG,🇹🇬 Togo,2025-05-17,114,376,507
TG,🇹🇬 Togo,2025-06-17,106,360,531
TG,🇹🇬 Togo,2025-07-17,109,10,879
TG,🇹🇬 Togo,2025-08-17,110,55,832
TG,🇹🇬 Togo,2025-09-17,99,418,480
TG,🇹🇬 Togo,2025-10-17,102,524,371
TG,🇹🇬 Togo,2025-11-17,101,422,476
TG,🇹🇬 Togo,2025-12-17,99,487,413
TG,🇹🇬 Togo,2026-01-17,95,228,675
TG,🇹🇬 Togo,2026-02-17,107,187,690
TG,🇹🇬 Togo,2026-03-17,106,400,470
TO,🇹🇴 Tonga,2024-05-31,13,0,547
TO,🇹🇴 Tonga,2024-06-21,6,0,589
TO,🇹🇴 Tonga,2024-08-09,12,0,555
TO,🇹🇴 Tonga,2024-08-16,11,0,548
TO,🇹🇴 Tonga,2024-09-16,14,0,566
TO,🇹🇴 Tonga,2024-09-17,14,0,566
TO,🇹🇴 Tonga,2024-10-17,15,0,569
TO,🇹🇴 Tonga,2024-11-17,6,0,578
TO,🇹🇴 Tonga,2024-12-18,7,0,572
TO,🇹🇴 Tonga,2025-01-17,6,0,571
TO,🇹🇴 Tonga,2025-02-17,6,0,568
TO,🇹🇴 Tonga,2025-03-17,8,0,557
TO,🇹🇴 Tonga,2025-04-17,6,0,538
TO,🇹🇴 Tonga,2025-05-17,6,0,560
TO,🇹🇴 Tonga,2025-06-17,6,0,574
TO,🇹🇴 Tonga,2025-07-17,6,0,568
TO,🇹🇴 Tonga,2025-08-17,0,0,589
TO,🇹🇴 Tonga,2025-09-17,6,0,571
TO,🇹🇴 Tonga,2025-10-17,6,0,578
TO,🇹🇴 Tonga,2025-11-17,8,0,587
TO,🇹🇴 Tonga,2025-12-17,1,0,573
TO,🇹🇴 Tonga,2026-01-17,4,0,524
TO,🇹🇴 Tonga,2026-02-17,8,0,549
TO,🇹🇴 Tonga,2026-03-17,0,0,397
TT,🇹🇹 Trinidad and Tobago,2024-06-03,140,0,858
TT,🇹🇹 Trinidad and Tobago,2024-06-22,136,0,862
TT,🇹🇹 Trinidad and Tobago,2024-08-10,307,0,691
TT,🇹🇹 Trinidad and Tobago,2024-08-19,304,0,694
TT,🇹🇹 Trinidad and Tobago,2024-09-16,299,0,699
TT,🇹🇹 Trinidad and Tobago,2024-09-20,299,0,699
TT,🇹🇹 Trinidad and Tobago,2024-10-17,298,0,700
TT,🇹🇹 Trinidad and Tobago,2024-11-17,315,41,642
TT,🇹🇹 Trinidad and Tobago,2024-12-18,324,0,674
TT,🇹🇹 Trinidad and Tobago,2025-01-17,140,0,858
TT,🇹🇹 Trinidad and Tobago,2025-02-17,295,0,703
TT,🇹🇹 Trinidad and Tobago,2025-03-17,283,0,715
TT,🇹🇹 Trinidad and Tobago,2025-04-17,288,0,710
TT,🇹🇹 Trinidad and Tobago,2025-05-17,139,0,859
TT,🇹🇹 Trinidad and Tobago,2025-06-17,289,0,709
TT,🇹🇹 Trinidad and Tobago,2025-07-17,290,0,708
TT,🇹🇹 Trinidad and Tobago,2025-08-17,287,0,710
TT,🇹🇹 Trinidad and Tobago,2025-09-17,283,0,715
TT,🇹🇹 Trinidad and Tobago,2025-10-17,270,0,728
TT,🇹🇹 Trinidad and Tobago,2025-11-17,268,0,730
TT,🇹🇹 Trinidad and Tobago,2025-12-17,279,0,720
TT,🇹🇹 Trinidad and Tobago,2026-01-17,287,0,712
TT,🇹🇹 Trinidad and Tobago,2026-02-17,287,0,707
TT,🇹🇹 Trinidad and Tobago,2026-03-17,285,0,705
TN,🇹🇳 Tunisia,2024-06-02,399,0,597
TN,🇹🇳 Tunisia,2024-06-20,418,0,578
TN,🇹🇳 Tunisia,2024-08-09,429,0,566
TN,🇹🇳 Tunisia,2024-08-20,429,0,567
TN,🇹🇳 Tunisia,2024-09-16,430,0,566
TN,🇹🇳 Tunisia,2024-09-19,430,0,566
TN,🇹🇳 Tunisia,2024-10-17,447,0,549
TN,🇹🇳 Tunisia,2024-11-17,431,0,565
TN,🇹🇳 Tunisia,2024-12-18,416,0,580
TN,🇹🇳 Tunisia,2025-01-17,240,0,757
TN,🇹🇳 Tunisia,2025-02-17,426,0,572
TN,🇹🇳 Tunisia,2025-03-17,422,0,575
TN,🇹🇳 Tunisia,2025-04-17,287,0,709
TN,🇹🇳 Tunisia,2025-05-17,418,0,579
TN,🇹🇳 Tunisia,2025-06-17,427,0,571
TN,🇹🇳 Tunisia,2025-07-17,308,0,690
TN,🇹🇳 Tunisia,2025-08-17,307,0,689
TN,🇹🇳 Tunisia,2025-09-17,309,0,689
TN,🇹🇳 Tunisia,2025-10-17,444,0,554
TN,🇹🇳 Tunisia,2025-11-17,162,0,836
TN,🇹🇳 Tunisia,2025-12-17,332,0,666
TN,🇹🇳 Tunisia,2026-01-17,304,0,694
TN,🇹🇳 Tunisia,2026-02-17,307,0,688
TN,🇹🇳 Tunisia,2026-03-17,438,0,554
TR,🇹🇷 Türkiye,2024-06-02,479,0,520
TR,🇹🇷 Türkiye,2024-06-22,419,0,581
TR,🇹🇷 Türkiye,2024-08-08,551,0,448
TR,🇹🇷 Türkiye,2024-08-20,365,0,635
TR,🇹🇷 Türkiye,2024-09-16,638,0,362
TR,🇹🇷 Türkiye,2024-09-19,638,0,362
TR,🇹🇷 Türkiye,2024-10-17,634,0,366
TR,🇹🇷 Türkiye,2024-11-17,422,0,578
TR,🇹🇷 Türkiye,2024-12-18,616,0,384
TR,🇹🇷 Türkiye,2025-01-17,638,0,362
TR,🇹🇷 Türkiye,2025-02-17,649,0,351
TR,🇹🇷 Türkiye,2025-03-17,632,0,368
TR,🇹🇷 Türkiye,2025-04-17,623,0,377
TR,🇹🇷 Türkiye,2025-05-17,640,0,360
TR,🇹🇷 Türkiye,2025-06-17,622,0,377
TR,🇹🇷 Türkiye,2025-07-17,451,0,548
TR,🇹🇷 Türkiye,2025-08-17,627,0,372
TR,🇹🇷 Türkiye,2025-09-17,631,0,368
TR,🇹🇷 Türkiye,2025-10-17,616,0,383
TR,🇹🇷 Türkiye,2025-11-17,615,0,385
TR,🇹🇷 Türkiye,2026-01-17,645,0,355
TR,🇹🇷 Türkiye,2026-02-17,641,0,347
TR,🇹🇷 Türkiye,2026-03-17,655,0,330
TM,🇹🇲 Turkmenistan,2024-05-30,96,0,904
TM,🇹🇲 Turkmenistan,2024-06-21,98,0,902
TM,🇹🇲 Turkmenistan,2024-08-07,73,0,927
TM,🇹🇲 Turkmenistan,2024-08-18,70,0,930
TM,🇹🇲 Turkmenistan,2024-09-16,68,0,932
TM,🇹🇲 Turkmenistan,2024-10-17,83,0,917
TM,🇹🇲 Turkmenistan,2024-11-17,91,0,909
TM,🇹🇲 Turkmenistan,2024-12-18,88,0,911
TM,🇹🇲 Turkmenistan,2025-01-17,94,0,906
TM,🇹🇲 Turkmenistan,2025-02-17,84,0,915
TM,🇹🇲 Turkmenistan,2025-03-17,99,0,899
TM,🇹🇲 Turkmenistan,2025-04-17,96,0,904
TM,🇹🇲 Turkmenistan,2025-05-17,0,0,999
TM,🇹🇲 Turkmenistan,2025-06-17,108,163,728
TM,🇹🇲 Turkmenistan,2025-07-17,0,0,999
TM,🇹🇲 Turkmenistan,2025-08-17,1,0,996
TM,🇹🇲 Turkmenistan,2025-09-17,0,0,999
TM,🇹🇲 Turkmenistan,2025-10-17,103,0,896
TM,🇹🇲 Turkmenistan,2025-11-17,49,0,949
TM,🇹🇲 Turkmenistan,2025-12-17,72,0,927
TM,🇹🇲 Turkmenistan,2026-01-17,73,0,927
TM,🇹🇲 Turkmenistan,2026-02-17,47,0,715
TM,🇹🇲 Turkmenistan,2026-03-17,78,0,909
TC,🇹🇨 Turks and Caicos Islands,2024-06-07,8,0,992
TC,🇹🇨 Turks and Caicos Islands,2024-06-23,13,0,987
TC,🇹🇨 Turks and Caicos Islands,2024-07-24,13,0,987
TC,🇹🇨 Turks and Caicos Islands,2024-08-05,8,0,992
TC,🇹🇨 Turks and Caicos Islands,2024-08-16,11,0,989
TC,🇹🇨 Turks and Caicos Islands,2024-09-16,13,0,987
TC,🇹🇨 Turks and Caicos Islands,2024-10-17,8,0,992
TC,🇹🇨 Turks and Caicos Islands,2024-11-17,1,0,999
TC,🇹🇨 Turks and Caicos Islands,2024-12-18,3,0,997
TC,🇹🇨 Turks and Caicos Islands,2025-01-17,3,1,996
TC,🇹🇨 Turks and Caicos Islands,2025-02-17,2,0,998
TC,🇹🇨 Turks and Caicos Islands,2025-03-17,1,0,999
TC,🇹🇨 Turks and Caicos Islands,2025-04-17,2,0,998
TC,🇹🇨 Turks and Caicos Islands,2025-05-17,1,0,999
TC,🇹🇨 Turks and Caicos Islands,2025-06-17,1,0,999
TC,🇹🇨 Turks and Caicos Islands,2025-07-17,1,0,999
TC,🇹🇨 Turks and Caicos Islands,2025-08-17,2,0,998
TC,🇹🇨 Turks and Caicos Islands,2025-09-17,2,0,998
TC,🇹🇨 Turks and Caicos Islands,2025-10-17,3,0,997
TC,🇹🇨 Turks and Caicos Islands,2025-11-17,2,0,998
TC,🇹🇨 Turks and Caicos Islands,2025-12-17,3,0,997
TC,🇹🇨 Turks and Caicos Islands,2026-01-17,2,0,998
TC,🇹🇨 Turks and Caicos Islands,2026-02-17,3,0,972
TC,🇹🇨 Turks and Caicos Islands,2026-03-17,3,0,974
TV,🇹🇻 Tuvalu,2024-06-06,0,0,30
TV,🇹🇻 Tuvalu,2024-06-22,0,0,35
TV,🇹🇻 Tuvalu,2024-08-08,0,0,42
TV,🇹🇻 Tuvalu,2024-08-16,0,0,48
TV,🇹🇻 Tuvalu,2024-09-16,0,0,40
TV,🇹🇻 Tuvalu,2024-10-17,0,0,37
TV,🇹🇻 Tuvalu,2024-11-17,0,0,36
TV,🇹🇻 Tuvalu,2024-12-18,0,0,39
TV,🇹🇻 Tuvalu,2025-01-17,0,0,39
TV,🇹🇻 Tuvalu,2025-02-17,0,0,35
TV,🇹🇻 Tuvalu,2025-03-17,0,0,37
TV,🇹🇻 Tuvalu,2025-04-17,0,0,65
TV,🇹🇻 Tuvalu,2025-05-17,0,0,90
TV,🇹🇻 Tuvalu,2025-06-17,0,0,97
TV,🇹🇻 Tuvalu,2025-07-17,0,0,113
TV,🇹🇻 Tuvalu,2025-08-17,0,0,125
TV,🇹🇻 Tuvalu,2025-09-17,0,0,116
TV,🇹🇻 Tuvalu,2025-10-17,0,0,127
TV,🇹🇻 Tuvalu,2025-11-17,0,0,109
TV,🇹🇻 Tuvalu,2025-12-17,0,0,110
TV,🇹🇻 Tuvalu,2026-01-17,0,0,101
TV,🇹🇻 Tuvalu,2026-02-17,0,0,119
TV,🇹🇻 Tuvalu,2026-03-17,0,0,119
UG,🇺🇬 Uganda,2024-06-03,150,410,434
UG,🇺🇬 Uganda,2024-06-23,133,548,314
UG,🇺🇬 Uganda,2024-07-29,135,0,860
UG,🇺🇬 Uganda,2024-08-07,333,246,416
UG,🇺🇬 Uganda,2024-08-17,328,253,416
UG,🇺🇬 Uganda,2024-09-16,325,258,413
UG,🇺🇬 Uganda,2024-09-19,325,258,413
UG,🇺🇬 Uganda,2024-10-17,330,260,406
UG,🇺🇬 Uganda,2024-11-17,323,263,411
UG,🇺🇬 Uganda,2024-12-18,327,251,416
UG,🇺🇬 Uganda,2025-01-17,120,465,410
UG,🇺🇬 Uganda,2025-02-17,342,239,416
UG,🇺🇬 Uganda,2025-03-17,341,206,448
UG,🇺🇬 Uganda,2025-04-17,354,208,433
UG,🇺🇬 Uganda,2025-05-17,343,221,432
UG,🇺🇬 Uganda,2025-06-17,317,241,438
UG,🇺🇬 Uganda,2025-07-17,329,227,440
UG,🇺🇬 Uganda,2025-08-17,321,277,398
UG,🇺🇬 Uganda,2025-09-17,326,283,387
UG,🇺🇬 Uganda,2025-10-17,330,277,389
UG,🇺🇬 Uganda,2025-11-17,360,211,425
UG,🇺🇬 Uganda,2025-12-17,354,307,335
UG,🇺🇬 Uganda,2026-01-17,363,258,374
UG,🇺🇬 Uganda,2026-02-17,335,240,412
UG,🇺🇬 Uganda,2026-03-17,343,263,377
UA,🇺🇦 Ukraine,2024-06-05,118,266,615
UA,🇺🇦 Ukraine,2024-06-22,119,121,759
UA,🇺🇦 Ukraine,2024-07-25,622,48,329
UA,🇺🇦 Ukraine,2024-08-06,586,37,376
UA,🇺🇦 Ukraine,2024-08-19,579,57,363
UA,🇺🇦 Ukraine,2024-09-16,579,37,382
UA,🇺🇦 Ukraine,2024-10-17,576,55,368
UA,🇺🇦 Ukraine,2024-11-17,570,35,394
UA,🇺🇦 Ukraine,2024-12-18,471,43,485
UA,🇺🇦 Ukraine,2025-01-17,511,93,395
UA,🇺🇦 Ukraine,2025-02-17,553,73,373
UA,🇺🇦 Ukraine,2025-03-17,123,499,377
UA,🇺🇦 Ukraine,2025-04-17,117,498,384
UA,🇺🇦 Ukraine,2025-05-17,110,518,371
UA,🇺🇦 Ukraine,2025-06-17,106,499,394
UA,🇺🇦 Ukraine,2025-07-17,106,492,402
UA,🇺🇦 Ukraine,2025-08-17,109,479,411
UA,🇺🇦 Ukraine,2025-09-17,114,511,373
UA,🇺🇦 Ukraine,2025-10-17,114,516,369
UA,🇺🇦 Ukraine,2025-11-17,115,488,396
UA,🇺🇦 Ukraine,2025-12-17,120,478,402
UA,🇺🇦 Ukraine,2026-01-17,539,76,385
UA,🇺🇦 Ukraine,2026-02-17,579,39,381
UA,🇺🇦 Ukraine,2026-03-17,118,511,369
AE,🇦🇪 United Arab Emirates,2024-06-05,315,0,685
AE,🇦🇪 United Arab Emirates,2024-06-19,374,0,626
AE,🇦🇪 United Arab Emirates,2024-07-25,358,0,642
AE,🇦🇪 United Arab Emirates,2024-08-06,356,0,644
AE,🇦🇪 United Arab Emirates,2024-08-21,257,0,743
AE,🇦🇪 United Arab Emirates,2024-09-16,262,0,738
AE,🇦🇪 United Arab Emirates,2024-09-20,262,0,738
AE,🇦🇪 United Arab Emirates,2024-10-17,279,0,721
AE,🇦🇪 United Arab Emirates,2024-11-17,347,0,653
AE,🇦🇪 United Arab Emirates,2024-12-18,254,0,746
AE,🇦🇪 United Arab Emirates,2025-01-17,254,0,746
AE,🇦🇪 United Arab Emirates,2025-02-17,372,0,628
AE,🇦🇪 United Arab Emirates,2025-03-17,258,0,742
AE,🇦🇪 United Arab Emirates,2025-04-17,236,0,764
AE,🇦🇪 United Arab Emirates,2025-05-17,238,0,762
AE,🇦🇪 United Arab Emirates,2025-06-17,629,0,371
AE,🇦🇪 United Arab Emirates,2025-07-17,733,0,267
AE,🇦🇪 United Arab Emirates,2025-08-17,749,0,251
AE,🇦🇪 United Arab Emirates,2025-09-17,619,0,381
AE,🇦🇪 United Arab Emirates,2025-10-17,717,0,283
AE,🇦🇪 United Arab Emirates,2025-11-17,719,0,281
AE,🇦🇪 United Arab Emirates,2025-12-17,715,0,285
AE,🇦🇪 United Arab Emirates,2026-01-17,597,0,403
AE,🇦🇪 United Arab Emirates,2026-02-17,732,0,261
AE,🇦🇪 United Arab Emirates,2026-03-17,704,0,286
GB,🇬🇧 United Kingdom,2024-06-03,729,0,271
GB,🇬🇧 United Kingdom,2024-06-19,835,0,165
GB,🇬🇧 United Kingdom,2024-07-23,805,0,195
GB,🇬🇧 United Kingdom,2024-07-24,806,0,194
GB,🇬🇧 United Kingdom,2024-08-05,719,34,246
GB,🇬🇧 United Kingdom,2024-08-20,802,0,198
GB,🇬🇧 United Kingdom,2024-09-16,693,0,307
GB,🇬🇧 United Kingdom,2024-09-19,693,0,307
GB,🇬🇧 United Kingdom,2024-10-17,827,0,173
GB,🇬🇧 United Kingdom,2024-11-17,726,48,226
GB,🇬🇧 United Kingdom,2024-12-18,732,3,265
GB,🇬🇧 United Kingdom,2025-01-17,781,20,199
GB,🇬🇧 United Kingdom,2025-02-17,830,0,170
GB,🇬🇧 United Kingdom,2025-03-17,789,0,211
GB,🇬🇧 United Kingdom,2025-04-17,792,0,208
GB,🇬🇧 United Kingdom,2025-05-17,832,0,168
GB,🇬🇧 United Kingdom,2025-06-17,718,0,282
GB,🇬🇧 United Kingdom,2025-07-17,790,0,210
GB,🇬🇧 United Kingdom,2025-08-17,781,0,219
GB,🇬🇧 United Kingdom,2025-09-17,823,0,177
GB,🇬🇧 United Kingdom,2025-10-17,835,0,165
GB,🇬🇧 United Kingdom,2025-11-17,756,37,207
GB,🇬🇧 United Kingdom,2025-12-17,817,2,181
GB,🇬🇧 United Kingdom,2026-01-17,802,0,198
GB,🇬🇧 United Kingdom,2026-02-17,844,0,147
GB,🇬🇧 United Kingdom,2026-03-17,757,5,232
US,🇺🇸 United States of America,2024-05-30,946,0,54
US,🇺🇸 United States of America,2024-06-06,925,0,75
US,🇺🇸 United States of America,2024-06-18,948,0,52
US,🇺🇸 United States of America,2024-07-30,921,0,79
US,🇺🇸 United States of America,2024-08-07,949,0,51
US,🇺🇸 United States of America,2024-08-16,932,0,68
US,🇺🇸 United States of America,2024-09-16,943,0,57
US,🇺🇸 United States of America,2024-09-18,943,0,57
US,🇺🇸 United States of America,2024-10-17,944,0,56
US,🇺🇸 United States of America,2024-11-17,952,0,48
US,🇺🇸 United States of America,2024-12-18,950,0,50
US,🇺🇸 United States of America,2025-01-17,938,11,51
US,🇺🇸 United States of America,2025-02-17,951,0,49
US,🇺🇸 United States of America,2025-03-17,949,0,51
US,🇺🇸 United States of America,2025-04-17,950,0,50
US,🇺🇸 United States of America,2025-05-17,945,0,55
US,🇺🇸 United States of America,2025-06-17,945,0,55
US,🇺🇸 United States of America,2025-07-17,941,0,59
US,🇺🇸 United States of America,2025-08-17,943,0,57
US,🇺🇸 United States of America,2025-09-17,947,0,53
US,🇺🇸 United States of America,2025-10-17,947,0,53
US,🇺🇸 United States of America,2025-11-17,946,0,54
US,🇺🇸 United States of America,2025-12-17,918,0,82
US,🇺🇸 United States of America,2026-01-17,931,0,69
US,🇺🇸 United States of America,2026-02-17,952,0,47
US,🇺🇸 United States of America,2026-03-17,943,0,56
UY,🇺🇾 Uruguay,2024-06-01,288,324,387
UY,🇺🇾 Uruguay,2024-06-20,299,459,241
UY,🇺🇾 Uruguay,2024-08-07,312,310,377
UY,🇺🇾 Uruguay,2024-08-21,305,319,375
UY,🇺🇾 Uruguay,2024-09-16,304,323,372
UY,🇺🇾 Uruguay,2024-10-17,305,328,366
UY,🇺🇾 Uruguay,2024-11-17,282,341,376
UY,🇺🇾 Uruguay,2024-12-18,300,316,383
UY,🇺🇾 Uruguay,2025-01-17,300,342,357
UY,🇺🇾 Uruguay,2025-02-17,276,465,258
UY,🇺🇾 Uruguay,2025-03-17,297,325,377
UY,🇺🇾 Uruguay,2025-04-17,296,322,381
UY,🇺🇾 Uruguay,2025-05-17,291,342,366
UY,🇺🇾 Uruguay,2025-06-17,289,337,373
UY,🇺🇾 Uruguay,2025-07-17,310,315,374
UY,🇺🇾 Uruguay,2025-08-17,297,341,361
UY,🇺🇾 Uruguay,2025-09-17,297,339,363
UY,🇺🇾 Uruguay,2025-10-17,295,455,249
UY,🇺🇾 Uruguay,2025-11-17,299,334,366
UY,🇺🇾 Uruguay,2025-12-17,321,321,358
UY,🇺🇾 Uruguay,2026-01-17,321,342,337
UY,🇺🇾 Uruguay,2026-02-17,293,349,355
UY,🇺🇾 Uruguay,2026-03-17,320,322,357
UZ,🇺🇿 Uzbekistan,2024-06-04,225,0,772
UZ,🇺🇿 Uzbekistan,2024-06-19,234,0,765
UZ,🇺🇿 Uzbekistan,2024-07-23,209,0,791
UZ,🇺🇿 Uzbekistan,2024-07-24,209,0,791
UZ,🇺🇿 Uzbekistan,2024-08-05,208,0,792
UZ,🇺🇿 Uzbekistan,2024-08-19,185,0,815
UZ,🇺🇿 Uzbekistan,2024-09-16,179,0,821
UZ,🇺🇿 Uzbekistan,2024-09-20,179,0,821
UZ,🇺🇿 Uzbekistan,2024-10-17,206,0,794
UZ,🇺🇿 Uzbekistan,2024-11-17,220,0,780
UZ,🇺🇿 Uzbekistan,2024-12-18,228,0,772
UZ,🇺🇿 Uzbekistan,2025-01-17,218,0,782
UZ,🇺🇿 Uzbekistan,2025-02-17,216,0,783
UZ,🇺🇿 Uzbekistan,2025-03-17,200,0,798
UZ,🇺🇿 Uzbekistan,2025-04-17,207,0,793
UZ,🇺🇿 Uzbekistan,2025-05-17,217,0,782
UZ,🇺🇿 Uzbekistan,2025-06-17,215,0,785
UZ,🇺🇿 Uzbekistan,2025-07-17,204,0,796
UZ,🇺🇿 Uzbekistan,2025-08-17,193,0,806
UZ,🇺🇿 Uzbekistan,2025-09-17,194,0,804
UZ,🇺🇿 Uzbekistan,2025-10-17,216,0,782
UZ,🇺🇿 Uzbekistan,2025-11-17,243,0,756
UZ,🇺🇿 Uzbekistan,2025-12-17,230,0,769
UZ,🇺🇿 Uzbekistan,2026-01-17,229,0,771
UZ,🇺🇿 Uzbekistan,2026-02-17,226,0,766
UZ,🇺🇿 Uzbekistan,2026-03-17,245,0,742
VU,🇻🇺 Vanuatu,2024-06-05,28,13,952
VU,🇻🇺 Vanuatu,2024-06-21,27,0,968
VU,🇻🇺 Vanuatu,2024-08-08,32,0,964
VU,🇻🇺 Vanuatu,2024-08-18,24,0,972
VU,🇻🇺 Vanuatu,2024-09-16,26,0,969
VU,🇻🇺 Vanuatu,2024-09-18,26,0,969
VU,🇻🇺 Vanuatu,2024-10-17,31,0,965
VU,🇻🇺 Vanuatu,2024-11-17,32,339,628
VU,🇻🇺 Vanuatu,2024-12-18,8,0,991
VU,🇻🇺 Vanuatu,2025-01-17,17,446,537
VU,🇻🇺 Vanuatu,2025-02-17,27,39,932
VU,🇻🇺 Vanuatu,2025-03-17,30,70,900
VU,🇻🇺 Vanuatu,2025-04-17,29,0,970
VU,🇻🇺 Vanuatu,2025-05-17,26,184,789
VU,🇻🇺 Vanuatu,2025-06-17,30,178,791
VU,🇻🇺 Vanuatu,2025-07-17,30,140,829
VU,🇻🇺 Vanuatu,2025-08-17,26,0,971
VU,🇻🇺 Vanuatu,2025-09-17,29,0,969
VU,🇻🇺 Vanuatu,2025-10-17,26,286,686
VU,🇻🇺 Vanuatu,2025-11-17,26,270,702
VU,🇻🇺 Vanuatu,2025-12-17,9,0,989
VU,🇻🇺 Vanuatu,2026-01-17,21,244,734
VU,🇻🇺 Vanuatu,2026-02-17,24,232,737
VU,🇻🇺 Vanuatu,2026-03-17,32,260,692
VE,🇻🇪 Venezuela,2024-05-31,165,99,734
VE,🇻🇪 Venezuela,2024-06-18,163,94,742
VE,🇻🇪 Venezuela,2024-07-26,156,0,843
VE,🇻🇪 Venezuela,2024-08-06,167,159,672
VE,🇻🇪 Venezuela,2024-08-19,169,114,716
VE,🇻🇪 Venezuela,2024-09-16,151,153,695
VE,🇻🇪 Venezuela,2024-09-18,151,153,695
VE,🇻🇪 Venezuela,2024-10-17,144,176,678
VE,🇻🇪 Venezuela,2024-11-17,147,107,745
VE,🇻🇪 Venezuela,2024-12-18,148,107,744
VE,🇻🇪 Venezuela,2025-01-17,133,109,757
VE,🇻🇪 Venezuela,2025-02-17,150,103,745
VE,🇻🇪 Venezuela,2025-03-17,140,143,716
VE,🇻🇪 Venezuela,2025-04-17,147,57,794
VE,🇻🇪 Venezuela,2025-05-17,143,109,748
VE,🇻🇪 Venezuela,2025-06-17,141,138,721
VE,🇻🇪 Venezuela,2025-07-17,150,77,773
VE,🇻🇪 Venezuela,2025-08-17,148,115,736
VE,🇻🇪 Venezuela,2025-09-17,145,104,750
VE,🇻🇪 Venezuela,2025-10-17,137,132,730
VE,🇻🇪 Venezuela,2025-11-17,135,91,771
VE,🇻🇪 Venezuela,2025-12-17,128,168,703
VE,🇻🇪 Venezuela,2026-01-17,118,97,785
VE,🇻🇪 Venezuela,2026-02-17,129,146,709
VE,🇻🇪 Venezuela,2026-03-17,130,202,652
VN,🇻🇳 Vietnam,2024-06-04,263,62,674
VN,🇻🇳 Vietnam,2024-06-19,266,2,731
VN,🇻🇳 Vietnam,2024-07-30,257,0,742
VN,🇻🇳 Vietnam,2024-08-07,261,75,663
VN,🇻🇳 Vietnam,2024-08-20,249,15,736
VN,🇻🇳 Vietnam,2024-09-16,242,324,434
VN,🇻🇳 Vietnam,2024-09-19,242,324,434
VN,🇻🇳 Vietnam,2024-10-17,257,80,663
VN,🇻🇳 Vietnam,2024-11-17,248,316,436
VN,🇻🇳 Vietnam,2024-12-18,257,88,655
VN,🇻🇳 Vietnam,2025-01-17,241,332,427
VN,🇻🇳 Vietnam,2025-02-17,230,296,474
VN,🇻🇳 Vietnam,2025-03-17,246,80,674
VN,🇻🇳 Vietnam,2025-04-17,249,84,667
VN,🇻🇳 Vietnam,2025-05-17,248,63,689
VN,🇻🇳 Vietnam,2025-06-17,229,50,721
VN,🇻🇳 Vietnam,2025-07-17,215,325,460
VN,🇻🇳 Vietnam,2025-08-17,218,332,450
VN,🇻🇳 Vietnam,2025-09-17,211,36,754
VN,🇻🇳 Vietnam,2025-10-17,231,105,664
VN,🇻🇳 Vietnam,2025-11-17,225,72,704
VN,🇻🇳 Vietnam,2025-12-17,214,104,682
VN,🇻🇳 Vietnam,2026-01-17,206,57,737
VN,🇻🇳 Vietnam,2026-02-17,207,92,684
VN,🇻🇳 Vietnam,2026-03-17,184,110,677
VG,🇻🇬 Virgin Islands (British),2024-06-02,15,0,948
VG,🇻🇬 Virgin Islands (British),2024-06-21,11,6,894
VG,🇻🇬 Virgin Islands (British),2024-07-30,12,0,917
VG,🇻🇬 Virgin Islands (British),2024-08-07,12,4,913
VG,🇻🇬 Virgin Islands (British),2024-08-20,15,0,822
VG,🇻🇬 Virgin Islands (British),2024-09-16,13,0,782
VG,🇻🇬 Virgin Islands (British),2024-10-17,15,0,846
VG,🇻🇬 Virgin Islands (British),2024-11-17,11,0,892
VG,🇻🇬 Virgin Islands (British),2024-12-18,14,0,972
VG,🇻🇬 Virgin Islands (British),2025-01-17,13,0,834
VG,🇻🇬 Virgin Islands (British),2025-02-17,15,0,958
VG,🇻🇬 Virgin Islands (British),2025-03-17,16,0,914
VG,🇻🇬 Virgin Islands (British),2025-04-17,15,0,898
VG,🇻🇬 Virgin Islands (British),2025-05-17,11,0,989
VG,🇻🇬 Virgin Islands (British),2025-06-17,13,0,846
VG,🇻🇬 Virgin Islands (British),2025-07-17,13,0,821
VG,🇻🇬 Virgin Islands (British),2025-08-17,13,0,987
VG,🇻🇬 Virgin Islands (British),2025-09-17,13,0,751
VG,🇻🇬 Virgin Islands (British),2025-10-17,13,0,790
VG,🇻🇬 Virgin Islands (British),2025-11-17,13,0,801
VG,🇻🇬 Virgin Islands (British),2025-12-17,4,0,846
VG,🇻🇬 Virgin Islands (British),2026-01-17,11,0,815
VG,🇻🇬 Virgin Islands (British),2026-02-17,16,1,875
VG,🇻🇬 Virgin Islands (British),2026-03-17,15,1,907
VI,🇻🇮 Virgin Islands (U.S.),2024-06-01,6,0,994
VI,🇻🇮 Virgin Islands (U.S.),2024-06-24,7,0,993
VI,🇻🇮 Virgin Islands (U.S.),2024-08-09,6,0,994
VI,🇻🇮 Virgin Islands (U.S.),2024-08-20,4,0,996
VI,🇻🇮 Virgin Islands (U.S.),2024-09-16,9,64,927
VI,🇻🇮 Virgin Islands (U.S.),2024-09-18,9,64,927
VI,🇻🇮 Virgin Islands (U.S.),2024-10-17,9,0,991
VI,🇻🇮 Virgin Islands (U.S.),2024-11-17,8,0,992
VI,🇻🇮 Virgin Islands (U.S.),2024-12-18,10,0,990
VI,🇻🇮 Virgin Islands (U.S.),2025-01-17,9,0,991
VI,🇻🇮 Virgin Islands (U.S.),2025-02-17,10,0,990
VI,🇻🇮 Virgin Islands (U.S.),2025-03-17,10,0,989
VI,🇻🇮 Virgin Islands (U.S.),2025-04-17,4,0,996
VI,🇻🇮 Virgin Islands (U.S.),2025-05-17,5,0,995
VI,🇻🇮 Virgin Islands (U.S.),2025-06-17,6,0,994
VI,🇻🇮 Virgin Islands (U.S.),2025-07-17,4,0,996
VI,🇻🇮 Virgin Islands (U.S.),2025-08-17,3,0,997
VI,🇻🇮 Virgin Islands (U.S.),2025-09-17,4,0,996
VI,🇻🇮 Virgin Islands (U.S.),2025-10-17,4,23,973
VI,🇻🇮 Virgin Islands (U.S.),2025-11-17,5,0,995
VI,🇻🇮 Virgin Islands (U.S.),2025-12-17,4,0,996
VI,🇻🇮 Virgin Islands (U.S.),2026-01-17,4,0,996
VI,🇻🇮 Virgin Islands (U.S.),2026-02-17,6,0,977
VI,🇻🇮 Virgin Islands (U.S.),2026-03-17,6,0,985
EH,🇪🇭 Western Sahara,2024-06-05,0,0,999
EH,🇪🇭 Western Sahara,2024-06-20,0,0,998
EH,🇪🇭 Western Sahara,2024-07-30,0,0,998
EH,🇪🇭 Western Sahara,2024-08-07,0,0,998
EH,🇪🇭 Western Sahara,2024-08-19,0,0,999
EH,🇪🇭 Western Sahara,2024-09-16,0,0,996
EH,🇪🇭 Western Sahara,2024-10-17,0,0,997
EH,🇪🇭 Western Sahara,2024-11-17,0,0,998
EH,🇪🇭 Western Sahara,2024-12-18,0,0,997
EH,🇪🇭 Western Sahara,2025-01-17,0,0,998
EH,🇪🇭 Western Sahara,2025-02-17,0,0,999
EH,🇪🇭 Western Sahara,2025-03-17,0,0,998
EH,🇪🇭 Western Sahara,2025-04-17,0,0,998
EH,🇪🇭 Western Sahara,2025-05-17,0,0,1000
EH,🇪🇭 Western Sahara,2025-06-17,0,0,999
EH,🇪🇭 Western Sahara,2025-07-17,0,0,1000
EH,🇪🇭 Western Sahara,2025-08-17,0,0,1000
EH,🇪🇭 Western Sahara,2025-09-17,0,0,999
EH,🇪🇭 Western Sahara,2025-10-17,0,0,999
EH,🇪🇭 Western Sahara,2025-11-17,0,0,1000
EH,🇪🇭 Western Sahara,2025-12-17,0,0,1000
EH,🇪🇭 Western Sahara,2026-01-17,0,494,504
EH,🇪🇭 Western Sahara,2026-02-17,0,514,177
EH,🇪🇭 Western Sahara,2026-03-17,0,469,199
YE,🇾🇪 Yemen,2024-06-02,30,546,421
YE,🇾🇪 Yemen,2024-06-21,24,536,440
YE,🇾🇪 Yemen,2024-07-27,22,0,978
YE,🇾🇪 Yemen,2024-08-07,23,551,426
YE,🇾🇪 Yemen,2024-08-19,29,0,970
YE,🇾🇪 Yemen,2024-09-16,23,530,445
YE,🇾🇪 Yemen,2024-09-18,23,530,445
YE,🇾🇪 Yemen,2024-10-17,20,525,455
YE,🇾🇪 Yemen,2024-11-17,18,0,982
YE,🇾🇪 Yemen,2024-12-18,22,0,978
YE,🇾🇪 Yemen,2025-01-17,20,542,438
YE,🇾🇪 Yemen,2025-02-17,18,477,505
YE,🇾🇪 Yemen,2025-03-17,20,468,512
YE,🇾🇪 Yemen,2025-04-17,21,1,977
YE,🇾🇪 Yemen,2025-05-17,8,436,556
YE,🇾🇪 Yemen,2025-06-17,14,329,657
YE,🇾🇪 Yemen,2025-07-17,12,0,988
YE,🇾🇪 Yemen,2025-08-17,17,14,969
YE,🇾🇪 Yemen,2025-09-17,16,0,984
YE,🇾🇪 Yemen,2025-10-17,14,0,986
YE,🇾🇪 Yemen,2025-11-17,19,0,981
YE,🇾🇪 Yemen,2025-12-17,15,392,593
YE,🇾🇪 Yemen,2026-01-17,20,0,980
YE,🇾🇪 Yemen,2026-02-17,21,0,888
YE,🇾🇪 Yemen,2026-03-17,29,0,878
ZM,🇿🇲 Zambia,2024-06-03,140,406,448
ZM,🇿🇲 Zambia,2024-06-22,149,444,402
ZM,🇿🇲 Zambia,2024-08-08,152,453,392
ZM,🇿🇲 Zambia,2024-08-21,149,456,392
ZM,🇿🇲 Zambia,2024-09-16,148,455,392
ZM,🇿🇲 Zambia,2024-09-18,148,455,392
ZM,🇿🇲 Zambia,2024-10-17,160,437,399
ZM,🇿🇲 Zambia,2024-11-17,140,443,413
ZM,🇿🇲 Zambia,2024-12-18,156,447,393
ZM,🇿🇲 Zambia,2025-01-17,157,431,408
ZM,🇿🇲 Zambia,2025-02-17,161,432,402
ZM,🇿🇲 Zambia,2025-03-17,281,279,436
ZM,🇿🇲 Zambia,2025-04-17,128,414,453
ZM,🇿🇲 Zambia,2025-05-17,266,288,442
ZM,🇿🇲 Zambia,2025-06-17,465,83,448
ZM,🇿🇲 Zambia,2025-07-17,261,284,453
ZM,🇿🇲 Zambia,2025-08-17,123,427,447
ZM,🇿🇲 Zambia,2025-09-17,266,265,467
ZM,🇿🇲 Zambia,2025-10-17,127,438,433
ZM,🇿🇲 Zambia,2025-11-17,430,119,449
ZM,🇿🇲 Zambia,2025-12-17,278,280,441
ZM,🇿🇲 Zambia,2026-01-17,302,358,339
ZM,🇿🇲 Zambia,2026-02-17,299,387,309
ZM,🇿🇲 Zambia,2026-03-17,295,277,418
ZW,🇿🇼 Zimbabwe,2024-06-01,323,203,472
ZW,🇿🇼 Zimbabwe,2024-06-19,381,247,369
ZW,🇿🇼 Zimbabwe,2024-08-08,284,213,502
ZW,🇿🇼 Zimbabwe,2024-08-17,288,234,477
ZW,🇿🇼 Zimbabwe,2024-09-16,283,219,496
ZW,🇿🇼 Zimbabwe,2024-09-20,283,219,496
ZW,🇿🇼 Zimbabwe,2024-10-17,278,218,503
ZW,🇿🇼 Zimbabwe,2024-11-17,328,183,489
ZW,🇿🇼 Zimbabwe,2024-12-18,341,163,495
ZW,🇿🇼 Zimbabwe,2025-01-17,481,137,380
ZW,🇿🇼 Zimbabwe,2025-02-17,68,431,499
ZW,🇿🇼 Zimbabwe,2025-03-17,66,426,506
ZW,🇿🇼 Zimbabwe,2025-04-17,64,493,440
ZW,🇿🇼 Zimbabwe,2025-05-17,212,283,502
ZW,🇿🇼 Zimbabwe,2025-06-17,210,294,493
ZW,🇿🇼 Zimbabwe,2025-07-17,218,266,516
ZW,🇿🇼 Zimbabwe,2025-08-17,311,245,443
ZW,🇿🇼 Zimbabwe,2025-09-17,158,334,508
ZW,🇿🇼 Zimbabwe,2025-10-17,210,285,504
ZW,🇿🇼 Zimbabwe,2025-11-17,58,456,485
ZW,🇿🇼 Zimbabwe,2025-12-17,141,346,512
ZW,🇿🇼 Zimbabwe,2026-01-17,155,371,473
ZW,🇿🇼 Zimbabwe,2026-02-17,144,431,413
ZW,🇿🇼 Zimbabwe,2026-03-17,54,408,518
